ISO-10303-21;
HEADER;
FILE_DESCRIPTION(('FreeCAD Model'),'2;1');
FILE_NAME('Open CASCADE Shape Model','2026-09-14T16:51:24',('FreeCAD'),(
    'FreeCAD'),'Open CASCADE STEP processor 7.8','FreeCAD','Unknown');
FILE_SCHEMA(('AUTOMOTIVE_DESIGN { 1 0 10303 214 1 1 1 1 }'));
ENDSEC;
DATA;
#1 = APPLICATION_PROTOCOL_DEFINITION('international standard',
  'automotive_design',2000,#2);
#2 = APPLICATION_CONTEXT(
  'core data for automotive mechanical design processes');
#3 = SHAPE_DEFINITION_REPRESENTATION(#4,#10);
#4 = PRODUCT_DEFINITION_SHAPE('','',#5);
#5 = PRODUCT_DEFINITION('design','',#6,#9);
#6 = PRODUCT_DEFINITION_FORMATION('','',#7);
#7 = PRODUCT('Open CASCADE STEP translator 7.8 1',
  'Open CASCADE STEP translator 7.8 1','',(#8));
#8 = PRODUCT_CONTEXT('',#2,'mechanical');
#9 = PRODUCT_DEFINITION_CONTEXT('part definition',#2,'design');
#10 = ADVANCED_BREP_SHAPE_REPRESENTATION('',(#11,#15),#4379);
#11 = AXIS2_PLACEMENT_3D('',#12,#13,#14);
#12 = CARTESIAN_POINT('',(0.,0.,0.));
#13 = DIRECTION('',(0.,0.,1.));
#14 = DIRECTION('',(1.,0.,-0.));
#15 = MANIFOLD_SOLID_BREP('',#16);
#16 = CLOSED_SHELL('',(#17,#49,#103,#123,#156,#189,#222,#255,#279,#303,
    #320,#419,#437,#468,#494,#511,#584,#615,#635,#713,#731,#755,#789,
    #824,#866,#891,#924,#957,#981,#993,#1018,#1036,#1054,#1072,#1097,
    #1130,#1163,#1196,#1220,#1244,#1260,#1426,#1459,#1513,#1524,#1576,
    #1847,#1877,#1957,#2011,#2028,#2050,#2067,#2124,#2135,#2152,#2169,
    #2187,#2199,#2230,#3232,#3242,#3260,#3278,#3309,#4311,#4321,#4338,
    #4355,#4367));
#17 = ADVANCED_FACE('',(#18),#44,.F.);
#18 = FACE_BOUND('',#19,.F.);
#19 = EDGE_LOOP('',(#20,#29,#36,#43));
#20 = ORIENTED_EDGE('',*,*,#21,.T.);
#21 = EDGE_CURVE('',#22,#22,#24,.T.);
#22 = VERTEX_POINT('',#23);
#23 = CARTESIAN_POINT('',(10.211110632734,2.,35.779677235857));
#24 = CIRCLE('',#25,1.65);
#25 = AXIS2_PLACEMENT_3D('',#26,#27,#28);
#26 = CARTESIAN_POINT('',(10.211110632734,2.,34.129677235857));
#27 = DIRECTION('',(0.,1.,0.));
#28 = DIRECTION('',(0.,-0.,1.));
#29 = ORIENTED_EDGE('',*,*,#30,.F.);
#30 = EDGE_CURVE('',#31,#22,#33,.T.);
#31 = VERTEX_POINT('',#32);
#32 = CARTESIAN_POINT('',(10.211110632734,3.5,35.779677235857));
#33 = B_SPLINE_CURVE_WITH_KNOTS('',1,(#34,#35),.UNSPECIFIED.,.F.,.F.,(2,
    2),(12.5,14.),.PIECEWISE_BEZIER_KNOTS.);
#34 = CARTESIAN_POINT('',(10.211110632734,3.5,35.779677235857));
#35 = CARTESIAN_POINT('',(10.211110632734,2.,35.779677235857));
#36 = ORIENTED_EDGE('',*,*,#37,.F.);
#37 = EDGE_CURVE('',#31,#31,#38,.T.);
#38 = CIRCLE('',#39,1.65);
#39 = AXIS2_PLACEMENT_3D('',#40,#41,#42);
#40 = CARTESIAN_POINT('',(10.211110632734,3.5,34.129677235857));
#41 = DIRECTION('',(0.,1.,0.));
#42 = DIRECTION('',(0.,-0.,1.));
#43 = ORIENTED_EDGE('',*,*,#30,.T.);
#44 = CYLINDRICAL_SURFACE('',#45,1.65);
#45 = AXIS2_PLACEMENT_3D('',#46,#47,#48);
#46 = CARTESIAN_POINT('',(10.211110632734,16.,34.129677235857));
#47 = DIRECTION('',(0.,-1.,0.));
#48 = DIRECTION('',(0.,0.,-1.));
#49 = ADVANCED_FACE('',(#50,#84,#95),#98,.F.);
#50 = FACE_BOUND('',#51,.T.);
#51 = EDGE_LOOP('',(#52,#62,#70,#78));
#52 = ORIENTED_EDGE('',*,*,#53,.T.);
#53 = EDGE_CURVE('',#54,#56,#58,.T.);
#54 = VERTEX_POINT('',#55);
#55 = CARTESIAN_POINT('',(-14.78888936726,2.,37.129677235857));
#56 = VERTEX_POINT('',#57);
#57 = CARTESIAN_POINT('',(-14.78888936726,2.,30.129677235857));
#58 = LINE('',#59,#60);
#59 = CARTESIAN_POINT('',(-14.78888936726,2.,29.129677235857));
#60 = VECTOR('',#61,1.);
#61 = DIRECTION('',(0.,0.,-1.));
#62 = ORIENTED_EDGE('',*,*,#63,.T.);
#63 = EDGE_CURVE('',#56,#64,#66,.T.);
#64 = VERTEX_POINT('',#65);
#65 = CARTESIAN_POINT('',(19.211110632734,2.,30.129677235857));
#66 = LINE('',#67,#68);
#67 = CARTESIAN_POINT('',(20.211110632735,2.,30.129677235857));
#68 = VECTOR('',#69,1.);
#69 = DIRECTION('',(1.,0.,0.));
#70 = ORIENTED_EDGE('',*,*,#71,.F.);
#71 = EDGE_CURVE('',#72,#64,#74,.T.);
#72 = VERTEX_POINT('',#73);
#73 = CARTESIAN_POINT('',(19.211110632734,2.,37.129677235857));
#74 = LINE('',#75,#76);
#75 = CARTESIAN_POINT('',(19.211110632734,2.,48.129677235857));
#76 = VECTOR('',#77,1.);
#77 = DIRECTION('',(0.,0.,-1.));
#78 = ORIENTED_EDGE('',*,*,#79,.F.);
#79 = EDGE_CURVE('',#54,#72,#80,.T.);
#80 = LINE('',#81,#82);
#81 = CARTESIAN_POINT('',(-15.78888936726,2.,37.129677235857));
#82 = VECTOR('',#83,1.);
#83 = DIRECTION('',(1.,0.,0.));
#84 = FACE_BOUND('',#85,.T.);
#85 = EDGE_LOOP('',(#86));
#86 = ORIENTED_EDGE('',*,*,#87,.T.);
#87 = EDGE_CURVE('',#88,#88,#90,.T.);
#88 = VERTEX_POINT('',#89);
#89 = CARTESIAN_POINT('',(-5.788889367266,2.,35.779677235857));
#90 = CIRCLE('',#91,1.65);
#91 = AXIS2_PLACEMENT_3D('',#92,#93,#94);
#92 = CARTESIAN_POINT('',(-5.788889367266,2.,34.129677235857));
#93 = DIRECTION('',(0.,1.,0.));
#94 = DIRECTION('',(0.,-0.,1.));
#95 = FACE_BOUND('',#96,.T.);
#96 = EDGE_LOOP('',(#97));
#97 = ORIENTED_EDGE('',*,*,#21,.T.);
#98 = PLANE('',#99);
#99 = AXIS2_PLACEMENT_3D('',#100,#101,#102);
#100 = CARTESIAN_POINT('',(2.211110632734,2.,48.129677235857));
#101 = DIRECTION('',(0.,1.,0.));
#102 = DIRECTION('',(0.,-0.,1.));
#103 = ADVANCED_FACE('',(#104,#107),#118,.T.);
#104 = FACE_BOUND('',#105,.T.);
#105 = EDGE_LOOP('',(#106));
#106 = ORIENTED_EDGE('',*,*,#37,.F.);
#107 = FACE_BOUND('',#108,.T.);
#108 = EDGE_LOOP('',(#109));
#109 = ORIENTED_EDGE('',*,*,#110,.T.);
#110 = EDGE_CURVE('',#111,#111,#113,.T.);
#111 = VERTEX_POINT('',#112);
#112 = CARTESIAN_POINT('',(10.211110632734,3.5,36.904677235857));
#113 = CIRCLE('',#114,2.775);
#114 = AXIS2_PLACEMENT_3D('',#115,#116,#117);
#115 = CARTESIAN_POINT('',(10.211110632734,3.5,34.129677235857));
#116 = DIRECTION('',(0.,1.,0.));
#117 = DIRECTION('',(0.,-0.,1.));
#118 = PLANE('',#119);
#119 = AXIS2_PLACEMENT_3D('',#120,#121,#122);
#120 = CARTESIAN_POINT('',(2.211110632734,3.5,31.323183383877));
#121 = DIRECTION('',(0.,1.,0.));
#122 = DIRECTION('',(-1.,0.,0.));
#123 = ADVANCED_FACE('',(#124),#151,.T.);
#124 = FACE_BOUND('',#125,.T.);
#125 = EDGE_LOOP('',(#126,#135,#143,#150));
#126 = ORIENTED_EDGE('',*,*,#127,.F.);
#127 = EDGE_CURVE('',#128,#54,#130,.T.);
#128 = VERTEX_POINT('',#129);
#129 = CARTESIAN_POINT('',(-15.78888936726,3.,37.129677235857));
#130 = CIRCLE('',#131,1.);
#131 = AXIS2_PLACEMENT_3D('',#132,#133,#134);
#132 = CARTESIAN_POINT('',(-14.78888936726,3.,37.129677235857));
#133 = DIRECTION('',(0.,0.,1.));
#134 = DIRECTION('',(1.,0.,-0.));
#135 = ORIENTED_EDGE('',*,*,#136,.T.);
#136 = EDGE_CURVE('',#128,#137,#139,.T.);
#137 = VERTEX_POINT('',#138);
#138 = CARTESIAN_POINT('',(-15.78888936726,3.,30.129677235857));
#139 = LINE('',#140,#141);
#140 = CARTESIAN_POINT('',(-15.78888936726,3.,38.129677235857));
#141 = VECTOR('',#142,1.);
#142 = DIRECTION('',(0.,0.,-1.));
#143 = ORIENTED_EDGE('',*,*,#144,.F.);
#144 = EDGE_CURVE('',#56,#137,#145,.T.);
#145 = CIRCLE('',#146,1.);
#146 = AXIS2_PLACEMENT_3D('',#147,#148,#149);
#147 = CARTESIAN_POINT('',(-14.78888936726,3.,30.129677235857));
#148 = DIRECTION('',(0.,0.,-1.));
#149 = DIRECTION('',(-1.,0.,0.));
#150 = ORIENTED_EDGE('',*,*,#53,.F.);
#151 = CYLINDRICAL_SURFACE('',#152,1.);
#152 = AXIS2_PLACEMENT_3D('',#153,#154,#155);
#153 = CARTESIAN_POINT('',(-14.78888936726,3.,48.129677235857));
#154 = DIRECTION('',(0.,0.,1.));
#155 = DIRECTION('',(1.,0.,-0.));
#156 = ADVANCED_FACE('',(#157),#184,.F.);
#157 = FACE_BOUND('',#158,.F.);
#158 = EDGE_LOOP('',(#159,#169,#176,#177));
#159 = ORIENTED_EDGE('',*,*,#160,.F.);
#160 = EDGE_CURVE('',#161,#163,#165,.T.);
#161 = VERTEX_POINT('',#162);
#162 = CARTESIAN_POINT('',(-14.78888936726,1.,29.129677235857));
#163 = VERTEX_POINT('',#164);
#164 = CARTESIAN_POINT('',(19.211110632734,1.,29.129677235857));
#165 = LINE('',#166,#167);
#166 = CARTESIAN_POINT('',(-15.78888936726,1.,29.129677235857));
#167 = VECTOR('',#168,1.);
#168 = DIRECTION('',(1.,0.,0.));
#169 = ORIENTED_EDGE('',*,*,#170,.F.);
#170 = EDGE_CURVE('',#56,#161,#171,.T.);
#171 = CIRCLE('',#172,1.);
#172 = AXIS2_PLACEMENT_3D('',#173,#174,#175);
#173 = CARTESIAN_POINT('',(-14.78888936726,1.,30.129677235857));
#174 = DIRECTION('',(-1.,0.,0.));
#175 = DIRECTION('',(0.,0.,1.));
#176 = ORIENTED_EDGE('',*,*,#63,.T.);
#177 = ORIENTED_EDGE('',*,*,#178,.T.);
#178 = EDGE_CURVE('',#64,#163,#179,.T.);
#179 = CIRCLE('',#180,1.);
#180 = AXIS2_PLACEMENT_3D('',#181,#182,#183);
#181 = CARTESIAN_POINT('',(19.211110632734,1.,30.129677235857));
#182 = DIRECTION('',(-1.,0.,0.));
#183 = DIRECTION('',(0.,0.,1.));
#184 = CYLINDRICAL_SURFACE('',#185,1.);
#185 = AXIS2_PLACEMENT_3D('',#186,#187,#188);
#186 = CARTESIAN_POINT('',(2.211110632734,1.,30.129677235857));
#187 = DIRECTION('',(-1.,0.,0.));
#188 = DIRECTION('',(0.,0.,1.));
#189 = ADVANCED_FACE('',(#190),#217,.T.);
#190 = FACE_BOUND('',#191,.T.);
#191 = EDGE_LOOP('',(#192,#201,#202,#211));
#192 = ORIENTED_EDGE('',*,*,#193,.F.);
#193 = EDGE_CURVE('',#72,#194,#196,.T.);
#194 = VERTEX_POINT('',#195);
#195 = CARTESIAN_POINT('',(20.211110632735,3.,37.129677235857));
#196 = CIRCLE('',#197,1.);
#197 = AXIS2_PLACEMENT_3D('',#198,#199,#200);
#198 = CARTESIAN_POINT('',(19.211110632734,3.,37.129677235857));
#199 = DIRECTION('',(0.,0.,1.));
#200 = DIRECTION('',(1.,0.,-0.));
#201 = ORIENTED_EDGE('',*,*,#71,.T.);
#202 = ORIENTED_EDGE('',*,*,#203,.F.);
#203 = EDGE_CURVE('',#204,#64,#206,.T.);
#204 = VERTEX_POINT('',#205);
#205 = CARTESIAN_POINT('',(20.211110632735,3.,30.129677235857));
#206 = CIRCLE('',#207,1.);
#207 = AXIS2_PLACEMENT_3D('',#208,#209,#210);
#208 = CARTESIAN_POINT('',(19.211110632734,3.,30.129677235857));
#209 = DIRECTION('',(0.,0.,-1.));
#210 = DIRECTION('',(-1.,0.,0.));
#211 = ORIENTED_EDGE('',*,*,#212,.F.);
#212 = EDGE_CURVE('',#194,#204,#213,.T.);
#213 = LINE('',#214,#215);
#214 = CARTESIAN_POINT('',(20.211110632735,3.,33.629677235857));
#215 = VECTOR('',#216,1.);
#216 = DIRECTION('',(0.,0.,-1.));
#217 = CYLINDRICAL_SURFACE('',#218,1.);
#218 = AXIS2_PLACEMENT_3D('',#219,#220,#221);
#219 = CARTESIAN_POINT('',(19.211110632734,3.,33.629677235857));
#220 = DIRECTION('',(0.,0.,-1.));
#221 = DIRECTION('',(-1.,0.,0.));
#222 = ADVANCED_FACE('',(#223),#250,.T.);
#223 = FACE_BOUND('',#224,.T.);
#224 = EDGE_LOOP('',(#225,#234,#242,#249));
#225 = ORIENTED_EDGE('',*,*,#226,.F.);
#226 = EDGE_CURVE('',#227,#72,#229,.T.);
#227 = VERTEX_POINT('',#228);
#228 = CARTESIAN_POINT('',(19.211110632734,3.,38.129677235857));
#229 = CIRCLE('',#230,1.);
#230 = AXIS2_PLACEMENT_3D('',#231,#232,#233);
#231 = CARTESIAN_POINT('',(19.211110632734,3.,37.129677235857));
#232 = DIRECTION('',(1.,0.,0.));
#233 = DIRECTION('',(0.,0.,-1.));
#234 = ORIENTED_EDGE('',*,*,#235,.F.);
#235 = EDGE_CURVE('',#236,#227,#238,.T.);
#236 = VERTEX_POINT('',#237);
#237 = CARTESIAN_POINT('',(-14.78888936726,3.,38.129677235857));
#238 = LINE('',#239,#240);
#239 = CARTESIAN_POINT('',(20.211110632735,3.,38.129677235857));
#240 = VECTOR('',#241,1.);
#241 = DIRECTION('',(1.,0.,0.));
#242 = ORIENTED_EDGE('',*,*,#243,.F.);
#243 = EDGE_CURVE('',#54,#236,#244,.T.);
#244 = CIRCLE('',#245,1.);
#245 = AXIS2_PLACEMENT_3D('',#246,#247,#248);
#246 = CARTESIAN_POINT('',(-14.78888936726,3.,37.129677235857));
#247 = DIRECTION('',(-1.,0.,0.));
#248 = DIRECTION('',(0.,0.,1.));
#249 = ORIENTED_EDGE('',*,*,#79,.T.);
#250 = CYLINDRICAL_SURFACE('',#251,1.);
#251 = AXIS2_PLACEMENT_3D('',#252,#253,#254);
#252 = CARTESIAN_POINT('',(2.211110632734,3.,37.129677235857));
#253 = DIRECTION('',(-1.,0.,0.));
#254 = DIRECTION('',(0.,0.,1.));
#255 = ADVANCED_FACE('',(#256),#274,.F.);
#256 = FACE_BOUND('',#257,.F.);
#257 = EDGE_LOOP('',(#258,#259,#266,#273));
#258 = ORIENTED_EDGE('',*,*,#87,.T.);
#259 = ORIENTED_EDGE('',*,*,#260,.F.);
#260 = EDGE_CURVE('',#261,#88,#263,.T.);
#261 = VERTEX_POINT('',#262);
#262 = CARTESIAN_POINT('',(-5.788889367266,3.5,35.779677235857));
#263 = B_SPLINE_CURVE_WITH_KNOTS('',1,(#264,#265),.UNSPECIFIED.,.F.,.F.,
  (2,2),(12.5,14.),.PIECEWISE_BEZIER_KNOTS.);
#264 = CARTESIAN_POINT('',(-5.788889367266,3.5,35.779677235857));
#265 = CARTESIAN_POINT('',(-5.788889367266,2.,35.779677235857));
#266 = ORIENTED_EDGE('',*,*,#267,.F.);
#267 = EDGE_CURVE('',#261,#261,#268,.T.);
#268 = CIRCLE('',#269,1.65);
#269 = AXIS2_PLACEMENT_3D('',#270,#271,#272);
#270 = CARTESIAN_POINT('',(-5.788889367266,3.5,34.129677235857));
#271 = DIRECTION('',(0.,1.,0.));
#272 = DIRECTION('',(0.,-0.,1.));
#273 = ORIENTED_EDGE('',*,*,#260,.T.);
#274 = CYLINDRICAL_SURFACE('',#275,1.65);
#275 = AXIS2_PLACEMENT_3D('',#276,#277,#278);
#276 = CARTESIAN_POINT('',(-5.788889367266,16.,34.129677235857));
#277 = DIRECTION('',(0.,-1.,0.));
#278 = DIRECTION('',(0.,0.,-1.));
#279 = ADVANCED_FACE('',(#280),#298,.F.);
#280 = FACE_BOUND('',#281,.F.);
#281 = EDGE_LOOP('',(#282,#283,#290,#297));
#282 = ORIENTED_EDGE('',*,*,#110,.T.);
#283 = ORIENTED_EDGE('',*,*,#284,.T.);
#284 = EDGE_CURVE('',#111,#285,#287,.T.);
#285 = VERTEX_POINT('',#286);
#286 = CARTESIAN_POINT('',(10.211110632734,5.,36.904677235857));
#287 = B_SPLINE_CURVE_WITH_KNOTS('',1,(#288,#289),.UNSPECIFIED.,.F.,.F.,
  (2,2),(0.,1.5),.PIECEWISE_BEZIER_KNOTS.);
#288 = CARTESIAN_POINT('',(10.211110632734,3.5,36.904677235857));
#289 = CARTESIAN_POINT('',(10.211110632734,5.,36.904677235857));
#290 = ORIENTED_EDGE('',*,*,#291,.F.);
#291 = EDGE_CURVE('',#285,#285,#292,.T.);
#292 = CIRCLE('',#293,2.775);
#293 = AXIS2_PLACEMENT_3D('',#294,#295,#296);
#294 = CARTESIAN_POINT('',(10.211110632734,5.,34.129677235857));
#295 = DIRECTION('',(0.,1.,0.));
#296 = DIRECTION('',(0.,-0.,1.));
#297 = ORIENTED_EDGE('',*,*,#284,.F.);
#298 = CYLINDRICAL_SURFACE('',#299,2.775);
#299 = AXIS2_PLACEMENT_3D('',#300,#301,#302);
#300 = CARTESIAN_POINT('',(10.211110632734,3.5,34.129677235857));
#301 = DIRECTION('',(0.,1.,0.));
#302 = DIRECTION('',(0.,-0.,1.));
#303 = ADVANCED_FACE('',(#304),#315,.T.);
#304 = FACE_BOUND('',#305,.T.);
#305 = EDGE_LOOP('',(#306,#307,#314));
#306 = ORIENTED_EDGE('',*,*,#243,.T.);
#307 = ORIENTED_EDGE('',*,*,#308,.T.);
#308 = EDGE_CURVE('',#236,#128,#309,.T.);
#309 = CIRCLE('',#310,1.);
#310 = AXIS2_PLACEMENT_3D('',#311,#312,#313);
#311 = CARTESIAN_POINT('',(-14.78888936726,3.,37.129677235857));
#312 = DIRECTION('',(0.,-1.,0.));
#313 = DIRECTION('',(0.,0.,-1.));
#314 = ORIENTED_EDGE('',*,*,#127,.T.);
#315 = SPHERICAL_SURFACE('',#316,1.);
#316 = AXIS2_PLACEMENT_3D('',#317,#318,#319);
#317 = CARTESIAN_POINT('',(-14.78888936726,3.,37.129677235857));
#318 = DIRECTION('',(0.,0.,1.));
#319 = DIRECTION('',(1.,0.,-0.));
#320 = ADVANCED_FACE('',(#321),#414,.T.);
#321 = FACE_BOUND('',#322,.T.);
#322 = EDGE_LOOP('',(#323,#333,#342,#350,#359,#367,#375,#383,#392,#400,
    #407,#408));
#323 = ORIENTED_EDGE('',*,*,#324,.F.);
#324 = EDGE_CURVE('',#325,#327,#329,.T.);
#325 = VERTEX_POINT('',#326);
#326 = CARTESIAN_POINT('',(-15.78888936726,4.,28.349221988121));
#327 = VERTEX_POINT('',#328);
#328 = CARTESIAN_POINT('',(-15.78888936726,4.,37.129677235857));
#329 = LINE('',#330,#331);
#330 = CARTESIAN_POINT('',(-15.78888936726,4.,33.629677235857));
#331 = VECTOR('',#332,1.);
#332 = DIRECTION('',(0.,0.,1.));
#333 = ORIENTED_EDGE('',*,*,#334,.T.);
#334 = EDGE_CURVE('',#325,#335,#337,.T.);
#335 = VERTEX_POINT('',#336);
#336 = CARTESIAN_POINT('',(-15.78888936726,4.32137870503,27.096746474135
    ));
#337 = B_SPLINE_CURVE_WITH_KNOTS('',3,(#338,#339,#340,#341),
  .UNSPECIFIED.,.F.,.F.,(4,4),(0.,1.31136830815E-03),
  .PIECEWISE_BEZIER_KNOTS.);
#338 = CARTESIAN_POINT('',(-15.78888936726,4.,28.349221988121));
#339 = CARTESIAN_POINT('',(-15.78888936726,3.999999999998,
    27.910521671074));
#340 = CARTESIAN_POINT('',(-15.78888936726,4.10759742469,27.48020230347)
  );
#341 = CARTESIAN_POINT('',(-15.78888936726,4.32137870503,27.096746474135
    ));
#342 = ORIENTED_EDGE('',*,*,#343,.T.);
#343 = EDGE_CURVE('',#335,#344,#346,.T.);
#344 = VERTEX_POINT('',#345);
#345 = CARTESIAN_POINT('',(-15.78888936726,-8.32137870503,
    27.096746474135));
#346 = LINE('',#347,#348);
#347 = CARTESIAN_POINT('',(-15.78888936726,-9.,27.096746474135));
#348 = VECTOR('',#349,1.);
#349 = DIRECTION('',(0.,-1.,0.));
#350 = ORIENTED_EDGE('',*,*,#351,.T.);
#351 = EDGE_CURVE('',#344,#352,#354,.T.);
#352 = VERTEX_POINT('',#353);
#353 = CARTESIAN_POINT('',(-15.78888936726,-8.,28.34922198811));
#354 = B_SPLINE_CURVE_WITH_KNOTS('',3,(#355,#356,#357,#358),
  .UNSPECIFIED.,.F.,.F.,(4,4),(0.,1.319016139061E-03),
  .PIECEWISE_BEZIER_KNOTS.);
#355 = CARTESIAN_POINT('',(-15.78888936726,-8.32137870503,
    27.096746474135));
#356 = CARTESIAN_POINT('',(-15.78888936726,-8.106931937354,
    27.481395976733));
#357 = CARTESIAN_POINT('',(-15.78888936726,-8.,27.909059425078));
#358 = CARTESIAN_POINT('',(-15.78888936726,-8.,28.34922198811));
#359 = ORIENTED_EDGE('',*,*,#360,.T.);
#360 = EDGE_CURVE('',#352,#361,#363,.T.);
#361 = VERTEX_POINT('',#362);
#362 = CARTESIAN_POINT('',(-15.78888936726,-8.,39.129677235857));
#363 = LINE('',#364,#365);
#364 = CARTESIAN_POINT('',(-15.78888936726,-8.,40.129677235857));
#365 = VECTOR('',#366,1.);
#366 = DIRECTION('',(0.,0.,1.));
#367 = ORIENTED_EDGE('',*,*,#368,.T.);
#368 = EDGE_CURVE('',#361,#369,#371,.T.);
#369 = VERTEX_POINT('',#370);
#370 = CARTESIAN_POINT('',(-15.78888936726,-7.,39.129677235857));
#371 = LINE('',#372,#373);
#372 = CARTESIAN_POINT('',(-15.78888936726,-9.,39.129677235857));
#373 = VECTOR('',#374,1.);
#374 = DIRECTION('',(0.,1.,0.));
#375 = ORIENTED_EDGE('',*,*,#376,.T.);
#376 = EDGE_CURVE('',#369,#377,#379,.T.);
#377 = VERTEX_POINT('',#378);
#378 = CARTESIAN_POINT('',(-15.78888936726,-7.,30.129677235857));
#379 = LINE('',#380,#381);
#380 = CARTESIAN_POINT('',(-15.78888936726,-7.,33.629677235857));
#381 = VECTOR('',#382,1.);
#382 = DIRECTION('',(0.,0.,-1.));
#383 = ORIENTED_EDGE('',*,*,#384,.F.);
#384 = EDGE_CURVE('',#385,#377,#387,.T.);
#385 = VERTEX_POINT('',#386);
#386 = CARTESIAN_POINT('',(-15.78888936726,-5.,28.129677235857));
#387 = CIRCLE('',#388,2.);
#388 = AXIS2_PLACEMENT_3D('',#389,#390,#391);
#389 = CARTESIAN_POINT('',(-15.78888936726,-5.,30.129677235857));
#390 = DIRECTION('',(-1.,0.,0.));
#391 = DIRECTION('',(0.,0.,1.));
#392 = ORIENTED_EDGE('',*,*,#393,.T.);
#393 = EDGE_CURVE('',#385,#394,#396,.T.);
#394 = VERTEX_POINT('',#395);
#395 = CARTESIAN_POINT('',(-15.78888936726,1.,28.129677235857));
#396 = LINE('',#397,#398);
#397 = CARTESIAN_POINT('',(-15.78888936726,2.,28.129677235857));
#398 = VECTOR('',#399,1.);
#399 = DIRECTION('',(0.,1.,0.));
#400 = ORIENTED_EDGE('',*,*,#401,.F.);
#401 = EDGE_CURVE('',#137,#394,#402,.T.);
#402 = CIRCLE('',#403,2.);
#403 = AXIS2_PLACEMENT_3D('',#404,#405,#406);
#404 = CARTESIAN_POINT('',(-15.78888936726,1.,30.129677235857));
#405 = DIRECTION('',(-1.,0.,0.));
#406 = DIRECTION('',(0.,0.,1.));
#407 = ORIENTED_EDGE('',*,*,#136,.F.);
#408 = ORIENTED_EDGE('',*,*,#409,.T.);
#409 = EDGE_CURVE('',#128,#327,#410,.T.);
#410 = LINE('',#411,#412);
#411 = CARTESIAN_POINT('',(-15.78888936726,-9.,37.129677235857));
#412 = VECTOR('',#413,1.);
#413 = DIRECTION('',(0.,1.,0.));
#414 = PLANE('',#415);
#415 = AXIS2_PLACEMENT_3D('',#416,#417,#418);
#416 = CARTESIAN_POINT('',(-15.78888936726,-9.,33.629677235857));
#417 = DIRECTION('',(-1.,0.,0.));
#418 = DIRECTION('',(0.,0.,1.));
#419 = ADVANCED_FACE('',(#420),#432,.T.);
#420 = FACE_BOUND('',#421,.T.);
#421 = EDGE_LOOP('',(#422,#423,#424,#431));
#422 = ORIENTED_EDGE('',*,*,#144,.T.);
#423 = ORIENTED_EDGE('',*,*,#401,.T.);
#424 = ORIENTED_EDGE('',*,*,#425,.T.);
#425 = EDGE_CURVE('',#394,#161,#426,.T.);
#426 = CIRCLE('',#427,1.);
#427 = AXIS2_PLACEMENT_3D('',#428,#429,#430);
#428 = CARTESIAN_POINT('',(-14.78888936726,1.,28.129677235857));
#429 = DIRECTION('',(0.,1.,0.));
#430 = DIRECTION('',(0.,-0.,1.));
#431 = ORIENTED_EDGE('',*,*,#170,.F.);
#432 = TOROIDAL_SURFACE('',#433,2.,1.);
#433 = AXIS2_PLACEMENT_3D('',#434,#435,#436);
#434 = CARTESIAN_POINT('',(-14.78888936726,1.,30.129677235857));
#435 = DIRECTION('',(-1.,0.,0.));
#436 = DIRECTION('',(0.,0.,1.));
#437 = ADVANCED_FACE('',(#438),#463,.F.);
#438 = FACE_BOUND('',#439,.T.);
#439 = EDGE_LOOP('',(#440,#441,#449,#457));
#440 = ORIENTED_EDGE('',*,*,#160,.F.);
#441 = ORIENTED_EDGE('',*,*,#442,.F.);
#442 = EDGE_CURVE('',#443,#161,#445,.T.);
#443 = VERTEX_POINT('',#444);
#444 = CARTESIAN_POINT('',(-14.78888936726,-5.,29.129677235857));
#445 = LINE('',#446,#447);
#446 = CARTESIAN_POINT('',(-14.78888936726,-6.,29.129677235857));
#447 = VECTOR('',#448,1.);
#448 = DIRECTION('',(0.,1.,0.));
#449 = ORIENTED_EDGE('',*,*,#450,.T.);
#450 = EDGE_CURVE('',#443,#451,#453,.T.);
#451 = VERTEX_POINT('',#452);
#452 = CARTESIAN_POINT('',(19.211110632734,-5.,29.129677235857));
#453 = LINE('',#454,#455);
#454 = CARTESIAN_POINT('',(2.211110632734,-5.,29.129677235857));
#455 = VECTOR('',#456,1.);
#456 = DIRECTION('',(1.,0.,0.));
#457 = ORIENTED_EDGE('',*,*,#458,.T.);
#458 = EDGE_CURVE('',#451,#163,#459,.T.);
#459 = LINE('',#460,#461);
#460 = CARTESIAN_POINT('',(19.211110632734,-9.,29.129677235857));
#461 = VECTOR('',#462,1.);
#462 = DIRECTION('',(0.,1.,0.));
#463 = PLANE('',#464);
#464 = AXIS2_PLACEMENT_3D('',#465,#466,#467);
#465 = CARTESIAN_POINT('',(2.211110632734,-9.,29.129677235857));
#466 = DIRECTION('',(0.,0.,-1.));
#467 = DIRECTION('',(-1.,0.,0.));
#468 = ADVANCED_FACE('',(#469),#489,.T.);
#469 = FACE_BOUND('',#470,.T.);
#470 = EDGE_LOOP('',(#471,#472,#473,#482));
#471 = ORIENTED_EDGE('',*,*,#203,.T.);
#472 = ORIENTED_EDGE('',*,*,#178,.T.);
#473 = ORIENTED_EDGE('',*,*,#474,.T.);
#474 = EDGE_CURVE('',#163,#475,#477,.T.);
#475 = VERTEX_POINT('',#476);
#476 = CARTESIAN_POINT('',(20.211110632735,1.,28.129677235857));
#477 = CIRCLE('',#478,1.);
#478 = AXIS2_PLACEMENT_3D('',#479,#480,#481);
#479 = CARTESIAN_POINT('',(19.211110632734,1.,28.129677235857));
#480 = DIRECTION('',(0.,1.,0.));
#481 = DIRECTION('',(0.,-0.,1.));
#482 = ORIENTED_EDGE('',*,*,#483,.F.);
#483 = EDGE_CURVE('',#204,#475,#484,.T.);
#484 = CIRCLE('',#485,2.);
#485 = AXIS2_PLACEMENT_3D('',#486,#487,#488);
#486 = CARTESIAN_POINT('',(20.211110632735,1.,30.129677235857));
#487 = DIRECTION('',(-1.,0.,0.));
#488 = DIRECTION('',(0.,0.,1.));
#489 = TOROIDAL_SURFACE('',#490,2.,1.);
#490 = AXIS2_PLACEMENT_3D('',#491,#492,#493);
#491 = CARTESIAN_POINT('',(19.211110632734,1.,30.129677235857));
#492 = DIRECTION('',(-1.,0.,0.));
#493 = DIRECTION('',(0.,0.,1.));
#494 = ADVANCED_FACE('',(#495),#506,.T.);
#495 = FACE_BOUND('',#496,.T.);
#496 = EDGE_LOOP('',(#497,#504,#505));
#497 = ORIENTED_EDGE('',*,*,#498,.T.);
#498 = EDGE_CURVE('',#194,#227,#499,.T.);
#499 = CIRCLE('',#500,1.);
#500 = AXIS2_PLACEMENT_3D('',#501,#502,#503);
#501 = CARTESIAN_POINT('',(19.211110632734,3.,37.129677235857));
#502 = DIRECTION('',(0.,-1.,8.673617379884E-16));
#503 = DIRECTION('',(0.,-8.673617379884E-16,-1.));
#504 = ORIENTED_EDGE('',*,*,#226,.T.);
#505 = ORIENTED_EDGE('',*,*,#193,.T.);
#506 = SPHERICAL_SURFACE('',#507,1.);
#507 = AXIS2_PLACEMENT_3D('',#508,#509,#510);
#508 = CARTESIAN_POINT('',(19.211110632734,3.,37.129677235857));
#509 = DIRECTION('',(0.,0.,1.));
#510 = DIRECTION('',(1.,0.,-0.));
#511 = ADVANCED_FACE('',(#512),#579,.F.);
#512 = FACE_BOUND('',#513,.T.);
#513 = EDGE_LOOP('',(#514,#515,#523,#532,#540,#548,#556,#564,#572,#578)
  );
#514 = ORIENTED_EDGE('',*,*,#483,.T.);
#515 = ORIENTED_EDGE('',*,*,#516,.F.);
#516 = EDGE_CURVE('',#517,#475,#519,.T.);
#517 = VERTEX_POINT('',#518);
#518 = CARTESIAN_POINT('',(20.211110632735,-5.,28.129677235857));
#519 = LINE('',#520,#521);
#520 = CARTESIAN_POINT('',(20.211110632735,-9.,28.129677235857));
#521 = VECTOR('',#522,1.);
#522 = DIRECTION('',(0.,1.,0.));
#523 = ORIENTED_EDGE('',*,*,#524,.T.);
#524 = EDGE_CURVE('',#517,#525,#527,.T.);
#525 = VERTEX_POINT('',#526);
#526 = CARTESIAN_POINT('',(20.211110632735,-7.,30.129677235857));
#527 = CIRCLE('',#528,2.);
#528 = AXIS2_PLACEMENT_3D('',#529,#530,#531);
#529 = CARTESIAN_POINT('',(20.211110632735,-5.,30.129677235857));
#530 = DIRECTION('',(-1.,0.,0.));
#531 = DIRECTION('',(0.,0.,1.));
#532 = ORIENTED_EDGE('',*,*,#533,.F.);
#533 = EDGE_CURVE('',#534,#525,#536,.T.);
#534 = VERTEX_POINT('',#535);
#535 = CARTESIAN_POINT('',(20.211110632735,-7.,39.129677235857));
#536 = LINE('',#537,#538);
#537 = CARTESIAN_POINT('',(20.211110632735,-7.,40.129677235857));
#538 = VECTOR('',#539,1.);
#539 = DIRECTION('',(0.,0.,-1.));
#540 = ORIENTED_EDGE('',*,*,#541,.F.);
#541 = EDGE_CURVE('',#542,#534,#544,.T.);
#542 = VERTEX_POINT('',#543);
#543 = CARTESIAN_POINT('',(20.211110632735,-8.,39.129677235857));
#544 = LINE('',#545,#546);
#545 = CARTESIAN_POINT('',(20.211110632735,-9.,39.129677235857));
#546 = VECTOR('',#547,1.);
#547 = DIRECTION('',(0.,1.,0.));
#548 = ORIENTED_EDGE('',*,*,#549,.F.);
#549 = EDGE_CURVE('',#550,#542,#552,.T.);
#550 = VERTEX_POINT('',#551);
#551 = CARTESIAN_POINT('',(20.211110632735,-8.,27.966053723069));
#552 = LINE('',#553,#554);
#553 = CARTESIAN_POINT('',(20.211110632735,-8.,33.629677235857));
#554 = VECTOR('',#555,1.);
#555 = DIRECTION('',(0.,0.,1.));
#556 = ORIENTED_EDGE('',*,*,#557,.T.);
#557 = EDGE_CURVE('',#550,#558,#560,.T.);
#558 = VERTEX_POINT('',#559);
#559 = CARTESIAN_POINT('',(20.211110632735,4.,27.966053723069));
#560 = LINE('',#561,#562);
#561 = CARTESIAN_POINT('',(20.211110632735,-9.,27.966053723069));
#562 = VECTOR('',#563,1.);
#563 = DIRECTION('',(0.,1.,0.));
#564 = ORIENTED_EDGE('',*,*,#565,.T.);
#565 = EDGE_CURVE('',#558,#566,#568,.T.);
#566 = VERTEX_POINT('',#567);
#567 = CARTESIAN_POINT('',(20.211110632735,4.,37.129677235857));
#568 = LINE('',#569,#570);
#569 = CARTESIAN_POINT('',(20.211110632735,4.,38.129677235857));
#570 = VECTOR('',#571,1.);
#571 = DIRECTION('',(0.,0.,1.));
#572 = ORIENTED_EDGE('',*,*,#573,.F.);
#573 = EDGE_CURVE('',#194,#566,#574,.T.);
#574 = LINE('',#575,#576);
#575 = CARTESIAN_POINT('',(20.211110632735,2.,37.129677235857));
#576 = VECTOR('',#577,1.);
#577 = DIRECTION('',(0.,1.,0.));
#578 = ORIENTED_EDGE('',*,*,#212,.T.);
#579 = PLANE('',#580);
#580 = AXIS2_PLACEMENT_3D('',#581,#582,#583);
#581 = CARTESIAN_POINT('',(20.211110632735,-9.,33.629677235857));
#582 = DIRECTION('',(-1.,0.,0.));
#583 = DIRECTION('',(0.,0.,1.));
#584 = ADVANCED_FACE('',(#585),#610,.T.);
#585 = FACE_BOUND('',#586,.T.);
#586 = EDGE_LOOP('',(#587,#597,#603,#604));
#587 = ORIENTED_EDGE('',*,*,#588,.T.);
#588 = EDGE_CURVE('',#589,#591,#593,.T.);
#589 = VERTEX_POINT('',#590);
#590 = CARTESIAN_POINT('',(19.211110632734,4.,38.129677235857));
#591 = VERTEX_POINT('',#592);
#592 = CARTESIAN_POINT('',(-14.78888936726,4.,38.129677235857));
#593 = LINE('',#594,#595);
#594 = CARTESIAN_POINT('',(2.211110632734,4.,38.129677235857));
#595 = VECTOR('',#596,1.);
#596 = DIRECTION('',(-1.,0.,0.));
#597 = ORIENTED_EDGE('',*,*,#598,.F.);
#598 = EDGE_CURVE('',#236,#591,#599,.T.);
#599 = LINE('',#600,#601);
#600 = CARTESIAN_POINT('',(-14.78888936726,-2.,38.129677235857));
#601 = VECTOR('',#602,1.);
#602 = DIRECTION('',(0.,1.,0.));
#603 = ORIENTED_EDGE('',*,*,#235,.T.);
#604 = ORIENTED_EDGE('',*,*,#605,.T.);
#605 = EDGE_CURVE('',#227,#589,#606,.T.);
#606 = LINE('',#607,#608);
#607 = CARTESIAN_POINT('',(19.211110632734,5.,38.129677235857));
#608 = VECTOR('',#609,1.);
#609 = DIRECTION('',(0.,1.,0.));
#610 = PLANE('',#611);
#611 = AXIS2_PLACEMENT_3D('',#612,#613,#614);
#612 = CARTESIAN_POINT('',(2.211110632734,-2.,38.129677235857));
#613 = DIRECTION('',(0.,0.,1.));
#614 = DIRECTION('',(1.,0.,-0.));
#615 = ADVANCED_FACE('',(#616,#619),#630,.T.);
#616 = FACE_BOUND('',#617,.T.);
#617 = EDGE_LOOP('',(#618));
#618 = ORIENTED_EDGE('',*,*,#267,.F.);
#619 = FACE_BOUND('',#620,.T.);
#620 = EDGE_LOOP('',(#621));
#621 = ORIENTED_EDGE('',*,*,#622,.T.);
#622 = EDGE_CURVE('',#623,#623,#625,.T.);
#623 = VERTEX_POINT('',#624);
#624 = CARTESIAN_POINT('',(-5.788889367266,3.5,36.904677235857));
#625 = CIRCLE('',#626,2.775);
#626 = AXIS2_PLACEMENT_3D('',#627,#628,#629);
#627 = CARTESIAN_POINT('',(-5.788889367266,3.5,34.129677235857));
#628 = DIRECTION('',(0.,1.,0.));
#629 = DIRECTION('',(0.,-0.,1.));
#630 = PLANE('',#631);
#631 = AXIS2_PLACEMENT_3D('',#632,#633,#634);
#632 = CARTESIAN_POINT('',(2.211110632734,3.5,31.323183383877));
#633 = DIRECTION('',(0.,1.,0.));
#634 = DIRECTION('',(-1.,0.,0.));
#635 = ADVANCED_FACE('',(#636,#639,#650),#708,.T.);
#636 = FACE_BOUND('',#637,.T.);
#637 = EDGE_LOOP('',(#638));
#638 = ORIENTED_EDGE('',*,*,#291,.F.);
#639 = FACE_BOUND('',#640,.T.);
#640 = EDGE_LOOP('',(#641));
#641 = ORIENTED_EDGE('',*,*,#642,.F.);
#642 = EDGE_CURVE('',#643,#643,#645,.T.);
#643 = VERTEX_POINT('',#644);
#644 = CARTESIAN_POINT('',(-5.788889367266,5.,36.904677235857));
#645 = CIRCLE('',#646,2.775);
#646 = AXIS2_PLACEMENT_3D('',#647,#648,#649);
#647 = CARTESIAN_POINT('',(-5.788889367266,5.,34.129677235857));
#648 = DIRECTION('',(0.,1.,0.));
#649 = DIRECTION('',(0.,-0.,1.));
#650 = FACE_BOUND('',#651,.T.);
#651 = EDGE_LOOP('',(#652,#669,#677,#685,#693,#701));
#652 = ORIENTED_EDGE('',*,*,#653,.T.);
#653 = EDGE_CURVE('',#654,#656,#658,.T.);
#654 = VERTEX_POINT('',#655);
#655 = CARTESIAN_POINT('',(9.972374349721,5.,27.082878657015));
#656 = VERTEX_POINT('',#657);
#657 = CARTESIAN_POINT('',(-14.78888936726,5.,28.349221988113));
#658 = B_SPLINE_CURVE_WITH_KNOTS('',3,(#659,#660,#661,#662,#663,#664,
    #665,#666,#667,#668),.UNSPECIFIED.,.F.,.F.,(4,1,1,1,1,1,1,4),(
    2.167239904492E-04,6.700440079961E-03,9.942298124717E-03,
    1.318415616947E-02,1.642601421423E-02,1.966787225899E-02,
    2.290973030374E-02,2.61515883485E-02),.UNSPECIFIED.);
#659 = CARTESIAN_POINT('',(9.972374349721,5.,27.082878657015));
#660 = CARTESIAN_POINT('',(8.126019898559,5.,28.24082226967));
#661 = CARTESIAN_POINT('',(5.214348250416,5.,29.676623352836));
#662 = CARTESIAN_POINT('',(0.973392065159,5.,30.778356512775));
#663 = CARTESIAN_POINT('',(-2.240014699981,5.,31.154017265583));
#664 = CARTESIAN_POINT('',(-5.52690569805,5.,31.136848114917));
#665 = CARTESIAN_POINT('',(-8.720042825252,5.,30.689912076024));
#666 = CARTESIAN_POINT('',(-11.83934653926,5.,29.794257194443));
#667 = CARTESIAN_POINT('',(-13.83480929139,5.,28.876707545605));
#668 = CARTESIAN_POINT('',(-14.78888936726,5.,28.349221988113));
#669 = ORIENTED_EDGE('',*,*,#670,.T.);
#670 = EDGE_CURVE('',#656,#671,#673,.T.);
#671 = VERTEX_POINT('',#672);
#672 = CARTESIAN_POINT('',(-14.78888936726,5.,37.129677235857));
#673 = LINE('',#674,#675);
#674 = CARTESIAN_POINT('',(-14.78888936726,5.,3.511195587262));
#675 = VECTOR('',#676,1.);
#676 = DIRECTION('',(0.,0.,1.));
#677 = ORIENTED_EDGE('',*,*,#678,.F.);
#678 = EDGE_CURVE('',#679,#671,#681,.T.);
#679 = VERTEX_POINT('',#680);
#680 = CARTESIAN_POINT('',(19.211110632734,5.,37.129677235857));
#681 = LINE('',#682,#683);
#682 = CARTESIAN_POINT('',(7.427999390689E-03,5.,37.129677235857));
#683 = VECTOR('',#684,1.);
#684 = DIRECTION('',(-1.,0.,0.));
#685 = ORIENTED_EDGE('',*,*,#686,.F.);
#686 = EDGE_CURVE('',#687,#679,#689,.T.);
#687 = VERTEX_POINT('',#688);
#688 = CARTESIAN_POINT('',(19.211110632734,5.,27.966053723069));
#689 = LINE('',#690,#691);
#690 = CARTESIAN_POINT('',(19.211110632734,5.,26.966053723069));
#691 = VECTOR('',#692,1.);
#692 = DIRECTION('',(0.,0.,1.));
#693 = ORIENTED_EDGE('',*,*,#694,.F.);
#694 = EDGE_CURVE('',#695,#687,#697,.T.);
#695 = VERTEX_POINT('',#696);
#696 = CARTESIAN_POINT('',(11.631501248699,5.,27.966053723069));
#697 = LINE('',#698,#699);
#698 = CARTESIAN_POINT('',(11.631501248699,5.,27.966053723069));
#699 = VECTOR('',#700,1.);
#700 = DIRECTION('',(1.,0.,0.));
#701 = ORIENTED_EDGE('',*,*,#702,.F.);
#702 = EDGE_CURVE('',#654,#695,#703,.T.);
#703 = CIRCLE('',#704,2.);
#704 = AXIS2_PLACEMENT_3D('',#705,#706,#707);
#705 = CARTESIAN_POINT('',(11.631501248699,5.,25.966053723069));
#706 = DIRECTION('',(0.,1.,0.));
#707 = DIRECTION('',(0.,-0.,1.));
#708 = PLANE('',#709);
#709 = AXIS2_PLACEMENT_3D('',#710,#711,#712);
#710 = CARTESIAN_POINT('',(7.427999390689E-03,5.,3.511195587262));
#711 = DIRECTION('',(0.,1.,0.));
#712 = DIRECTION('',(-1.,0.,0.));
#713 = ADVANCED_FACE('',(#714),#726,.T.);
#714 = FACE_BOUND('',#715,.T.);
#715 = EDGE_LOOP('',(#716,#723,#724,#725));
#716 = ORIENTED_EDGE('',*,*,#717,.F.);
#717 = EDGE_CURVE('',#327,#591,#718,.T.);
#718 = CIRCLE('',#719,1.);
#719 = AXIS2_PLACEMENT_3D('',#720,#721,#722);
#720 = CARTESIAN_POINT('',(-14.78888936726,4.,37.129677235857));
#721 = DIRECTION('',(0.,1.,0.));
#722 = DIRECTION('',(0.,-0.,1.));
#723 = ORIENTED_EDGE('',*,*,#409,.F.);
#724 = ORIENTED_EDGE('',*,*,#308,.F.);
#725 = ORIENTED_EDGE('',*,*,#598,.T.);
#726 = CYLINDRICAL_SURFACE('',#727,1.);
#727 = AXIS2_PLACEMENT_3D('',#728,#729,#730);
#728 = CARTESIAN_POINT('',(-14.78888936726,-9.,37.129677235857));
#729 = DIRECTION('',(0.,1.,0.));
#730 = DIRECTION('',(0.,-0.,1.));
#731 = ADVANCED_FACE('',(#732),#750,.T.);
#732 = FACE_BOUND('',#733,.T.);
#733 = EDGE_LOOP('',(#734,#741,#742,#749));
#734 = ORIENTED_EDGE('',*,*,#735,.T.);
#735 = EDGE_CURVE('',#656,#325,#736,.T.);
#736 = CIRCLE('',#737,1.);
#737 = AXIS2_PLACEMENT_3D('',#738,#739,#740);
#738 = CARTESIAN_POINT('',(-14.78888936725,4.,28.349221988112));
#739 = DIRECTION('',(8.985867605487E-12,-4.492933802825E-12,1.));
#740 = DIRECTION('',(1.,0.,-8.985867605487E-12));
#741 = ORIENTED_EDGE('',*,*,#324,.T.);
#742 = ORIENTED_EDGE('',*,*,#743,.F.);
#743 = EDGE_CURVE('',#671,#327,#744,.T.);
#744 = CIRCLE('',#745,1.);
#745 = AXIS2_PLACEMENT_3D('',#746,#747,#748);
#746 = CARTESIAN_POINT('',(-14.78888936726,4.,37.129677235857));
#747 = DIRECTION('',(0.,0.,1.));
#748 = DIRECTION('',(1.,0.,-0.));
#749 = ORIENTED_EDGE('',*,*,#670,.F.);
#750 = CYLINDRICAL_SURFACE('',#751,1.);
#751 = AXIS2_PLACEMENT_3D('',#752,#753,#754);
#752 = CARTESIAN_POINT('',(-14.78888936726,4.,3.511195587262));
#753 = DIRECTION('',(0.,0.,1.));
#754 = DIRECTION('',(1.,0.,-0.));
#755 = ADVANCED_FACE('',(#756),#776,.T.);
#756 = FACE_BOUND('',#757,.T.);
#757 = EDGE_LOOP('',(#758,#767,#768,#769));
#758 = ORIENTED_EDGE('',*,*,#759,.T.);
#759 = EDGE_CURVE('',#760,#335,#762,.T.);
#760 = VERTEX_POINT('',#761);
#761 = CARTESIAN_POINT('',(-15.06566185804,5.160689352514,
    27.564672350066));
#762 = CIRCLE('',#763,1.);
#763 = AXIS2_PLACEMENT_3D('',#764,#765,#766);
#764 = CARTESIAN_POINT('',(-14.78888936726,4.32137870503,27.096746474137
    ));
#765 = DIRECTION('',(-1.769010838831E-12,-0.486948278829,0.873430806501)
  );
#766 = DIRECTION('',(-8.626760626198E-30,-0.873430806501,-0.486948278829
    ));
#767 = ORIENTED_EDGE('',*,*,#334,.F.);
#768 = ORIENTED_EDGE('',*,*,#735,.F.);
#769 = ORIENTED_EDGE('',*,*,#770,.F.);
#770 = EDGE_CURVE('',#760,#656,#771,.T.);
#771 = B_SPLINE_CURVE_WITH_KNOTS('',3,(#772,#773,#774,#775),
  .UNSPECIFIED.,.F.,.F.,(4,4),(0.,8.490675501652E-04),
  .PIECEWISE_BEZIER_KNOTS.);
#772 = CARTESIAN_POINT('',(-15.06566185804,5.160689352514,
    27.564672350066));
#773 = CARTESIAN_POINT('',(-14.97569611695,5.051932403236,
    27.812961478199));
#774 = CARTESIAN_POINT('',(-14.88149591724,5.,28.079322137358));
#775 = CARTESIAN_POINT('',(-14.78888936725,5.,28.349221988116));
#776 = ( BOUNDED_SURFACE() B_SPLINE_SURFACE(3,2,(
    (#777,#778,#779)
    ,(#780,#781,#782)
    ,(#783,#784,#785)
    ,(#786,#787,#788
)),.UNSPECIFIED.,.F.,.F.,.F.) B_SPLINE_SURFACE_WITH_KNOTS((4,4),(3,3),(
    -1.019150042136E-17,1.297706677156E-03),(0.,1.),
.PIECEWISE_BEZIER_KNOTS.) GEOMETRIC_REPRESENTATION_ITEM() 
RATIONAL_B_SPLINE_SURFACE((
    (1.,0.798990766774,1.)
    ,(1.,0.771324021223,1.)
    ,(1.,0.739945453214,1.)
,(1.,0.707106781186,1.))) REPRESENTATION_ITEM('') SURFACE() );
#777 = CARTESIAN_POINT('',(-15.78888936726,4.32137870503,27.096746474135
    ));
#778 = CARTESIAN_POINT('',(-15.78888936726,4.978747698759,
    27.463237669168));
#779 = CARTESIAN_POINT('',(-15.06566185804,5.160689352515,
    27.564672350066));
#780 = CARTESIAN_POINT('',(-15.78888936726,4.107597445838,
    27.480202310877));
#781 = CARTESIAN_POINT('',(-15.78888936726,4.89117919402,27.773619163035
    ));
#782 = CARTESIAN_POINT('',(-14.97723995688,5.053798713934,
    27.808700745963));
#783 = CARTESIAN_POINT('',(-15.78888936726,4.000000007485,27.91052167171
    ));
#784 = CARTESIAN_POINT('',(-15.78888936726,4.911240269467,
    28.090533658761));
#785 = CARTESIAN_POINT('',(-14.88177115866,4.999999999999,
    28.078519952189));
#786 = CARTESIAN_POINT('',(-15.78888936726,4.,28.349221988121));
#787 = CARTESIAN_POINT('',(-15.78888936726,5.000000000002,
    28.349221988117));
#788 = CARTESIAN_POINT('',(-14.78888936726,5.,28.349221988117));
#789 = ADVANCED_FACE('',(#790),#819,.F.);
#790 = FACE_BOUND('',#791,.F.);
#791 = EDGE_LOOP('',(#792,#802,#803,#813));
#792 = ORIENTED_EDGE('',*,*,#793,.F.);
#793 = EDGE_CURVE('',#335,#794,#796,.T.);
#794 = VERTEX_POINT('',#795);
#795 = CARTESIAN_POINT('',(-15.792919535,4.436628161698,27.));
#796 = B_SPLINE_CURVE_WITH_KNOTS('',3,(#797,#798,#799,#800,#801),
  .UNSPECIFIED.,.F.,.F.,(4,1,4),(4.906538933387E-18,9.640821968367E-04,
    1.928164393673E-03),.UNSPECIFIED.);
#797 = CARTESIAN_POINT('',(-15.78888936726,4.32137870503,27.096746474135
    ));
#798 = CARTESIAN_POINT('',(-15.78888936726,4.564737389806,
    26.878492317017));
#799 = CARTESIAN_POINT('',(-15.90559849292,5.124895047281,
    26.567688929769));
#800 = CARTESIAN_POINT('',(-16.0991879892,5.709740427673,26.359634419393
    ));
#801 = CARTESIAN_POINT('',(-16.21182809924,6.,26.28004561522));
#802 = ORIENTED_EDGE('',*,*,#343,.T.);
#803 = ORIENTED_EDGE('',*,*,#804,.T.);
#804 = EDGE_CURVE('',#344,#805,#807,.T.);
#805 = VERTEX_POINT('',#806);
#806 = CARTESIAN_POINT('',(-15.792919535,-8.436628161698,27.));
#807 = B_SPLINE_CURVE_WITH_KNOTS('',3,(#808,#809,#810,#811,#812),
  .UNSPECIFIED.,.F.,.F.,(4,1,4),(7.757919228898E-18,9.640821968369E-04,
    1.928164393674E-03),.UNSPECIFIED.);
#808 = CARTESIAN_POINT('',(-15.78888936726,-8.32137870503,
    27.096746474135));
#809 = CARTESIAN_POINT('',(-15.78888936726,-8.564737389806,
    26.878492317017));
#810 = CARTESIAN_POINT('',(-15.90559849292,-9.124895047282,
    26.56768892977));
#811 = CARTESIAN_POINT('',(-16.09918798921,-9.709740427671,
    26.359634419391));
#812 = CARTESIAN_POINT('',(-16.21182809924,-10.,26.28004561522));
#813 = ORIENTED_EDGE('',*,*,#814,.T.);
#814 = EDGE_CURVE('',#805,#794,#815,.T.);
#815 = LINE('',#816,#817);
#816 = CARTESIAN_POINT('',(-15.79358030986,-2.,27.));
#817 = VECTOR('',#818,1.);
#818 = DIRECTION('',(0.,1.,0.));
#819 = CYLINDRICAL_SURFACE('',#820,1.);
#820 = AXIS2_PLACEMENT_3D('',#821,#822,#823);
#821 = CARTESIAN_POINT('',(-16.78888936726,-2.,27.096746474135));
#822 = DIRECTION('',(0.,1.,0.));
#823 = DIRECTION('',(0.,-0.,1.));
#824 = ADVANCED_FACE('',(#825),#853,.T.);
#825 = FACE_BOUND('',#826,.T.);
#826 = EDGE_LOOP('',(#827,#836,#845,#852));
#827 = ORIENTED_EDGE('',*,*,#828,.T.);
#828 = EDGE_CURVE('',#344,#829,#831,.T.);
#829 = VERTEX_POINT('',#830);
#830 = CARTESIAN_POINT('',(-15.06566185804,-9.160689352515,
    27.564672350066));
#831 = CIRCLE('',#832,1.);
#832 = AXIS2_PLACEMENT_3D('',#833,#834,#835);
#833 = CARTESIAN_POINT('',(-14.78888936726,-8.32137870503,
    27.096746474135));
#834 = DIRECTION('',(-3.030321849355E-15,0.48694827883,0.873430806501));
#835 = DIRECTION('',(8.752858257624E-32,-0.873430806501,0.48694827883));
#836 = ORIENTED_EDGE('',*,*,#837,.F.);
#837 = EDGE_CURVE('',#838,#829,#840,.T.);
#838 = VERTEX_POINT('',#839);
#839 = CARTESIAN_POINT('',(-14.78888936726,-9.,28.34922198811));
#840 = B_SPLINE_CURVE_WITH_KNOTS('',3,(#841,#842,#843,#844),
  .UNSPECIFIED.,.F.,.F.,(4,4),(4.682082612683E-16,8.481391544193E-04),
  .PIECEWISE_BEZIER_KNOTS.);
#841 = CARTESIAN_POINT('',(-14.78888936726,-9.,28.34922198811));
#842 = CARTESIAN_POINT('',(-14.88167475578,-9.,28.07880091619));
#843 = CARTESIAN_POINT('',(-14.97556232975,-9.051770671807,
    27.813330706609));
#844 = CARTESIAN_POINT('',(-15.06566185804,-9.160689352515,
    27.564672350066));
#845 = ORIENTED_EDGE('',*,*,#846,.F.);
#846 = EDGE_CURVE('',#352,#838,#847,.T.);
#847 = CIRCLE('',#848,1.);
#848 = AXIS2_PLACEMENT_3D('',#849,#850,#851);
#849 = CARTESIAN_POINT('',(-14.78888936726,-8.,28.34922198811));
#850 = DIRECTION('',(0.,8.673617379884E-14,1.));
#851 = DIRECTION('',(0.,-1.,8.673617379884E-14));
#852 = ORIENTED_EDGE('',*,*,#351,.F.);
#853 = ( BOUNDED_SURFACE() B_SPLINE_SURFACE(3,2,(
    (#854,#855,#856)
    ,(#857,#858,#859)
    ,(#860,#861,#862)
    ,(#863,#864,#865
)),.UNSPECIFIED.,.F.,.F.,.F.) B_SPLINE_SURFACE_WITH_KNOTS((4,4),(3,3),(
    -1.51788304148E-18,1.295106292507E-03),(0.,1.),
.PIECEWISE_BEZIER_KNOTS.) GEOMETRIC_REPRESENTATION_ITEM() 
RATIONAL_B_SPLINE_SURFACE((
    (1.,0.707106781187,1.)
    ,(1.,0.740054908577,1.)
    ,(1.,0.771237896423,1.)
,(1.,0.798990766774,1.))) REPRESENTATION_ITEM('') SURFACE() );
#854 = CARTESIAN_POINT('',(-15.78888936726,-8.,28.34922198811));
#855 = CARTESIAN_POINT('',(-15.78888936726,-9.,28.34922198811));
#856 = CARTESIAN_POINT('',(-14.78888936726,-9.,28.34922198811));
#857 = CARTESIAN_POINT('',(-15.78888936726,-8.000000014863,
    27.909059428034));
#858 = CARTESIAN_POINT('',(-15.78888936726,-8.910957597685,
    28.089709800208));
#859 = CARTESIAN_POINT('',(-14.88208074561,-9.,28.077617667825));
#860 = CARTESIAN_POINT('',(-15.78888936726,-8.106931947799,
    27.481395981801));
#861 = CARTESIAN_POINT('',(-15.78888936726,-8.890896779719,
    27.77462013117));
#862 = CARTESIAN_POINT('',(-14.97696470649,-9.053465969095,
    27.80946039197));
#863 = CARTESIAN_POINT('',(-15.78888936726,-8.32137870503,
    27.096746474135));
#864 = CARTESIAN_POINT('',(-15.78888936726,-8.978747698759,
    27.463237669168));
#865 = CARTESIAN_POINT('',(-15.06566185804,-9.160689352515,
    27.564672350066));
#866 = ADVANCED_FACE('',(#867),#886,.T.);
#867 = FACE_BOUND('',#868,.T.);
#868 = EDGE_LOOP('',(#869,#870,#878,#885));
#869 = ORIENTED_EDGE('',*,*,#846,.T.);
#870 = ORIENTED_EDGE('',*,*,#871,.T.);
#871 = EDGE_CURVE('',#838,#872,#874,.T.);
#872 = VERTEX_POINT('',#873);
#873 = CARTESIAN_POINT('',(-14.78888936726,-9.,39.129677235857));
#874 = LINE('',#875,#876);
#875 = CARTESIAN_POINT('',(-14.78888936726,-9.,27.761221224075));
#876 = VECTOR('',#877,1.);
#877 = DIRECTION('',(0.,0.,1.));
#878 = ORIENTED_EDGE('',*,*,#879,.F.);
#879 = EDGE_CURVE('',#361,#872,#880,.T.);
#880 = CIRCLE('',#881,1.);
#881 = AXIS2_PLACEMENT_3D('',#882,#883,#884);
#882 = CARTESIAN_POINT('',(-14.78888936726,-8.,39.129677235857));
#883 = DIRECTION('',(0.,0.,1.));
#884 = DIRECTION('',(1.,0.,-0.));
#885 = ORIENTED_EDGE('',*,*,#360,.F.);
#886 = CYLINDRICAL_SURFACE('',#887,1.);
#887 = AXIS2_PLACEMENT_3D('',#888,#889,#890);
#888 = CARTESIAN_POINT('',(-14.78888936726,-8.,33.629677235857));
#889 = DIRECTION('',(0.,0.,-1.));
#890 = DIRECTION('',(-1.,0.,0.));
#891 = ADVANCED_FACE('',(#892),#919,.T.);
#892 = FACE_BOUND('',#893,.T.);
#893 = EDGE_LOOP('',(#894,#903,#911,#918));
#894 = ORIENTED_EDGE('',*,*,#895,.F.);
#895 = EDGE_CURVE('',#896,#361,#898,.T.);
#896 = VERTEX_POINT('',#897);
#897 = CARTESIAN_POINT('',(-14.78888936726,-8.,40.129677235857));
#898 = CIRCLE('',#899,1.);
#899 = AXIS2_PLACEMENT_3D('',#900,#901,#902);
#900 = CARTESIAN_POINT('',(-14.78888936726,-8.,39.129677235857));
#901 = DIRECTION('',(0.,-1.,0.));
#902 = DIRECTION('',(0.,0.,-1.));
#903 = ORIENTED_EDGE('',*,*,#904,.T.);
#904 = EDGE_CURVE('',#896,#905,#907,.T.);
#905 = VERTEX_POINT('',#906);
#906 = CARTESIAN_POINT('',(-14.78888936726,-7.,40.129677235857));
#907 = LINE('',#908,#909);
#908 = CARTESIAN_POINT('',(-14.78888936726,-2.,40.129677235857));
#909 = VECTOR('',#910,1.);
#910 = DIRECTION('',(0.,1.,0.));
#911 = ORIENTED_EDGE('',*,*,#912,.F.);
#912 = EDGE_CURVE('',#369,#905,#913,.T.);
#913 = CIRCLE('',#914,1.);
#914 = AXIS2_PLACEMENT_3D('',#915,#916,#917);
#915 = CARTESIAN_POINT('',(-14.78888936726,-7.,39.129677235857));
#916 = DIRECTION('',(0.,1.,0.));
#917 = DIRECTION('',(0.,-0.,1.));
#918 = ORIENTED_EDGE('',*,*,#368,.F.);
#919 = CYLINDRICAL_SURFACE('',#920,1.);
#920 = AXIS2_PLACEMENT_3D('',#921,#922,#923);
#921 = CARTESIAN_POINT('',(-14.78888936726,-9.,39.129677235857));
#922 = DIRECTION('',(0.,1.,0.));
#923 = DIRECTION('',(0.,-0.,1.));
#924 = ADVANCED_FACE('',(#925),#952,.T.);
#925 = FACE_BOUND('',#926,.T.);
#926 = EDGE_LOOP('',(#927,#936,#944,#951));
#927 = ORIENTED_EDGE('',*,*,#928,.F.);
#928 = EDGE_CURVE('',#929,#369,#931,.T.);
#929 = VERTEX_POINT('',#930);
#930 = CARTESIAN_POINT('',(-14.78888936726,-6.,39.129677235857));
#931 = CIRCLE('',#932,1.);
#932 = AXIS2_PLACEMENT_3D('',#933,#934,#935);
#933 = CARTESIAN_POINT('',(-14.78888936726,-7.,39.129677235857));
#934 = DIRECTION('',(0.,0.,1.));
#935 = DIRECTION('',(1.,0.,-0.));
#936 = ORIENTED_EDGE('',*,*,#937,.T.);
#937 = EDGE_CURVE('',#929,#938,#940,.T.);
#938 = VERTEX_POINT('',#939);
#939 = CARTESIAN_POINT('',(-14.78888936726,-6.,30.129677235857));
#940 = LINE('',#941,#942);
#941 = CARTESIAN_POINT('',(-14.78888936726,-6.,48.129677235857));
#942 = VECTOR('',#943,1.);
#943 = DIRECTION('',(0.,0.,-1.));
#944 = ORIENTED_EDGE('',*,*,#945,.F.);
#945 = EDGE_CURVE('',#377,#938,#946,.T.);
#946 = CIRCLE('',#947,1.);
#947 = AXIS2_PLACEMENT_3D('',#948,#949,#950);
#948 = CARTESIAN_POINT('',(-14.78888936726,-7.,30.129677235857));
#949 = DIRECTION('',(0.,0.,-1.));
#950 = DIRECTION('',(-1.,0.,0.));
#951 = ORIENTED_EDGE('',*,*,#376,.F.);
#952 = CYLINDRICAL_SURFACE('',#953,1.);
#953 = AXIS2_PLACEMENT_3D('',#954,#955,#956);
#954 = CARTESIAN_POINT('',(-14.78888936726,-7.,33.629677235857));
#955 = DIRECTION('',(0.,0.,-1.));
#956 = DIRECTION('',(-1.,0.,0.));
#957 = ADVANCED_FACE('',(#958),#976,.T.);
#958 = FACE_BOUND('',#959,.T.);
#959 = EDGE_LOOP('',(#960,#961,#962,#969));
#960 = ORIENTED_EDGE('',*,*,#384,.T.);
#961 = ORIENTED_EDGE('',*,*,#945,.T.);
#962 = ORIENTED_EDGE('',*,*,#963,.F.);
#963 = EDGE_CURVE('',#443,#938,#964,.T.);
#964 = CIRCLE('',#965,1.);
#965 = AXIS2_PLACEMENT_3D('',#966,#967,#968);
#966 = CARTESIAN_POINT('',(-14.78888936726,-5.,30.129677235857));
#967 = DIRECTION('',(-1.,0.,0.));
#968 = DIRECTION('',(0.,0.,1.));
#969 = ORIENTED_EDGE('',*,*,#970,.T.);
#970 = EDGE_CURVE('',#443,#385,#971,.T.);
#971 = CIRCLE('',#972,1.);
#972 = AXIS2_PLACEMENT_3D('',#973,#974,#975);
#973 = CARTESIAN_POINT('',(-14.78888936726,-5.,28.129677235857));
#974 = DIRECTION('',(0.,-1.,0.));
#975 = DIRECTION('',(0.,0.,-1.));
#976 = TOROIDAL_SURFACE('',#977,2.,1.);
#977 = AXIS2_PLACEMENT_3D('',#978,#979,#980);
#978 = CARTESIAN_POINT('',(-14.78888936726,-5.,30.129677235857));
#979 = DIRECTION('',(-1.,0.,0.));
#980 = DIRECTION('',(0.,0.,1.));
#981 = ADVANCED_FACE('',(#982),#988,.T.);
#982 = FACE_BOUND('',#983,.T.);
#983 = EDGE_LOOP('',(#984,#985,#986,#987));
#984 = ORIENTED_EDGE('',*,*,#425,.F.);
#985 = ORIENTED_EDGE('',*,*,#393,.F.);
#986 = ORIENTED_EDGE('',*,*,#970,.F.);
#987 = ORIENTED_EDGE('',*,*,#442,.T.);
#988 = CYLINDRICAL_SURFACE('',#989,1.);
#989 = AXIS2_PLACEMENT_3D('',#990,#991,#992);
#990 = CARTESIAN_POINT('',(-14.78888936726,-9.,28.129677235857));
#991 = DIRECTION('',(0.,-1.,0.));
#992 = DIRECTION('',(0.,0.,-1.));
#993 = ADVANCED_FACE('',(#994),#1013,.F.);
#994 = FACE_BOUND('',#995,.F.);
#995 = EDGE_LOOP('',(#996,#997,#1006,#1012));
#996 = ORIENTED_EDGE('',*,*,#450,.T.);
#997 = ORIENTED_EDGE('',*,*,#998,.T.);
#998 = EDGE_CURVE('',#451,#999,#1001,.T.);
#999 = VERTEX_POINT('',#1000);
#1000 = CARTESIAN_POINT('',(19.211110632734,-6.,30.129677235857));
#1001 = CIRCLE('',#1002,1.);
#1002 = AXIS2_PLACEMENT_3D('',#1003,#1004,#1005);
#1003 = CARTESIAN_POINT('',(19.211110632734,-5.,30.129677235857));
#1004 = DIRECTION('',(-1.,0.,0.));
#1005 = DIRECTION('',(0.,0.,1.));
#1006 = ORIENTED_EDGE('',*,*,#1007,.F.);
#1007 = EDGE_CURVE('',#938,#999,#1008,.T.);
#1008 = LINE('',#1009,#1010);
#1009 = CARTESIAN_POINT('',(2.211110632734,-6.,30.129677235857));
#1010 = VECTOR('',#1011,1.);
#1011 = DIRECTION('',(1.,0.,0.));
#1012 = ORIENTED_EDGE('',*,*,#963,.F.);
#1013 = CYLINDRICAL_SURFACE('',#1014,1.);
#1014 = AXIS2_PLACEMENT_3D('',#1015,#1016,#1017);
#1015 = CARTESIAN_POINT('',(2.211110632734,-5.,30.129677235857));
#1016 = DIRECTION('',(1.,0.,0.));
#1017 = DIRECTION('',(0.,0.,-1.));
#1018 = ADVANCED_FACE('',(#1019),#1031,.T.);
#1019 = FACE_BOUND('',#1020,.T.);
#1020 = EDGE_LOOP('',(#1021,#1022,#1023,#1030));
#1021 = ORIENTED_EDGE('',*,*,#474,.F.);
#1022 = ORIENTED_EDGE('',*,*,#458,.F.);
#1023 = ORIENTED_EDGE('',*,*,#1024,.F.);
#1024 = EDGE_CURVE('',#517,#451,#1025,.T.);
#1025 = CIRCLE('',#1026,1.);
#1026 = AXIS2_PLACEMENT_3D('',#1027,#1028,#1029);
#1027 = CARTESIAN_POINT('',(19.211110632734,-5.,28.129677235857));
#1028 = DIRECTION('',(0.,-1.,0.));
#1029 = DIRECTION('',(0.,0.,-1.));
#1030 = ORIENTED_EDGE('',*,*,#516,.T.);
#1031 = CYLINDRICAL_SURFACE('',#1032,1.);
#1032 = AXIS2_PLACEMENT_3D('',#1033,#1034,#1035);
#1033 = CARTESIAN_POINT('',(19.211110632734,-9.,28.129677235857));
#1034 = DIRECTION('',(0.,1.,0.));
#1035 = DIRECTION('',(0.,-0.,1.));
#1036 = ADVANCED_FACE('',(#1037),#1049,.T.);
#1037 = FACE_BOUND('',#1038,.T.);
#1038 = EDGE_LOOP('',(#1039,#1046,#1047,#1048));
#1039 = ORIENTED_EDGE('',*,*,#1040,.F.);
#1040 = EDGE_CURVE('',#589,#566,#1041,.T.);
#1041 = CIRCLE('',#1042,1.);
#1042 = AXIS2_PLACEMENT_3D('',#1043,#1044,#1045);
#1043 = CARTESIAN_POINT('',(19.211110632734,4.,37.129677235857));
#1044 = DIRECTION('',(0.,1.,0.));
#1045 = DIRECTION('',(0.,-0.,1.));
#1046 = ORIENTED_EDGE('',*,*,#605,.F.);
#1047 = ORIENTED_EDGE('',*,*,#498,.F.);
#1048 = ORIENTED_EDGE('',*,*,#573,.T.);
#1049 = CYLINDRICAL_SURFACE('',#1050,1.);
#1050 = AXIS2_PLACEMENT_3D('',#1051,#1052,#1053);
#1051 = CARTESIAN_POINT('',(19.211110632734,-2.,37.129677235857));
#1052 = DIRECTION('',(0.,-1.,0.));
#1053 = DIRECTION('',(0.,0.,-1.));
#1054 = ADVANCED_FACE('',(#1055),#1067,.T.);
#1055 = FACE_BOUND('',#1056,.T.);
#1056 = EDGE_LOOP('',(#1057,#1058,#1059,#1060));
#1057 = ORIENTED_EDGE('',*,*,#524,.F.);
#1058 = ORIENTED_EDGE('',*,*,#1024,.T.);
#1059 = ORIENTED_EDGE('',*,*,#998,.T.);
#1060 = ORIENTED_EDGE('',*,*,#1061,.T.);
#1061 = EDGE_CURVE('',#999,#525,#1062,.T.);
#1062 = CIRCLE('',#1063,1.);
#1063 = AXIS2_PLACEMENT_3D('',#1064,#1065,#1066);
#1064 = CARTESIAN_POINT('',(19.211110632734,-7.,30.129677235857));
#1065 = DIRECTION('',(0.,0.,-1.));
#1066 = DIRECTION('',(-1.,0.,0.));
#1067 = TOROIDAL_SURFACE('',#1068,2.,1.);
#1068 = AXIS2_PLACEMENT_3D('',#1069,#1070,#1071);
#1069 = CARTESIAN_POINT('',(19.211110632734,-5.,30.129677235857));
#1070 = DIRECTION('',(-1.,0.,0.));
#1071 = DIRECTION('',(0.,0.,1.));
#1072 = ADVANCED_FACE('',(#1073),#1092,.T.);
#1073 = FACE_BOUND('',#1074,.T.);
#1074 = EDGE_LOOP('',(#1075,#1084,#1085,#1086));
#1075 = ORIENTED_EDGE('',*,*,#1076,.F.);
#1076 = EDGE_CURVE('',#534,#1077,#1079,.T.);
#1077 = VERTEX_POINT('',#1078);
#1078 = CARTESIAN_POINT('',(19.211110632734,-6.,39.129677235857));
#1079 = CIRCLE('',#1080,1.);
#1080 = AXIS2_PLACEMENT_3D('',#1081,#1082,#1083);
#1081 = CARTESIAN_POINT('',(19.211110632734,-7.,39.129677235857));
#1082 = DIRECTION('',(0.,0.,1.));
#1083 = DIRECTION('',(1.,0.,-0.));
#1084 = ORIENTED_EDGE('',*,*,#533,.T.);
#1085 = ORIENTED_EDGE('',*,*,#1061,.F.);
#1086 = ORIENTED_EDGE('',*,*,#1087,.F.);
#1087 = EDGE_CURVE('',#1077,#999,#1088,.T.);
#1088 = LINE('',#1089,#1090);
#1089 = CARTESIAN_POINT('',(19.211110632734,-6.,29.129677235857));
#1090 = VECTOR('',#1091,1.);
#1091 = DIRECTION('',(0.,0.,-1.));
#1092 = CYLINDRICAL_SURFACE('',#1093,1.);
#1093 = AXIS2_PLACEMENT_3D('',#1094,#1095,#1096);
#1094 = CARTESIAN_POINT('',(19.211110632734,-7.,48.129677235857));
#1095 = DIRECTION('',(0.,0.,1.));
#1096 = DIRECTION('',(1.,0.,-0.));
#1097 = ADVANCED_FACE('',(#1098),#1125,.T.);
#1098 = FACE_BOUND('',#1099,.T.);
#1099 = EDGE_LOOP('',(#1100,#1109,#1110,#1119));
#1100 = ORIENTED_EDGE('',*,*,#1101,.F.);
#1101 = EDGE_CURVE('',#542,#1102,#1104,.T.);
#1102 = VERTEX_POINT('',#1103);
#1103 = CARTESIAN_POINT('',(19.211110632734,-8.,40.129677235857));
#1104 = CIRCLE('',#1105,1.);
#1105 = AXIS2_PLACEMENT_3D('',#1106,#1107,#1108);
#1106 = CARTESIAN_POINT('',(19.211110632734,-8.,39.129677235857));
#1107 = DIRECTION('',(0.,-1.,0.));
#1108 = DIRECTION('',(0.,0.,-1.));
#1109 = ORIENTED_EDGE('',*,*,#541,.T.);
#1110 = ORIENTED_EDGE('',*,*,#1111,.F.);
#1111 = EDGE_CURVE('',#1112,#534,#1114,.T.);
#1112 = VERTEX_POINT('',#1113);
#1113 = CARTESIAN_POINT('',(19.211110632734,-7.,40.129677235857));
#1114 = CIRCLE('',#1115,1.);
#1115 = AXIS2_PLACEMENT_3D('',#1116,#1117,#1118);
#1116 = CARTESIAN_POINT('',(19.211110632734,-7.,39.129677235857));
#1117 = DIRECTION('',(0.,1.,0.));
#1118 = DIRECTION('',(0.,-0.,1.));
#1119 = ORIENTED_EDGE('',*,*,#1120,.F.);
#1120 = EDGE_CURVE('',#1102,#1112,#1121,.T.);
#1121 = LINE('',#1122,#1123);
#1122 = CARTESIAN_POINT('',(19.211110632734,-6.,40.129677235857));
#1123 = VECTOR('',#1124,1.);
#1124 = DIRECTION('',(0.,1.,0.));
#1125 = CYLINDRICAL_SURFACE('',#1126,1.);
#1126 = AXIS2_PLACEMENT_3D('',#1127,#1128,#1129);
#1127 = CARTESIAN_POINT('',(19.211110632734,-2.,39.129677235857));
#1128 = DIRECTION('',(0.,-1.,0.));
#1129 = DIRECTION('',(0.,0.,-1.));
#1130 = ADVANCED_FACE('',(#1131),#1158,.T.);
#1131 = FACE_BOUND('',#1132,.T.);
#1132 = EDGE_LOOP('',(#1133,#1142,#1143,#1152));
#1133 = ORIENTED_EDGE('',*,*,#1134,.F.);
#1134 = EDGE_CURVE('',#550,#1135,#1137,.T.);
#1135 = VERTEX_POINT('',#1136);
#1136 = CARTESIAN_POINT('',(19.211110632734,-9.,27.966053723069));
#1137 = CIRCLE('',#1138,1.);
#1138 = AXIS2_PLACEMENT_3D('',#1139,#1140,#1141);
#1139 = CARTESIAN_POINT('',(19.211110632734,-8.,27.966053723069));
#1140 = DIRECTION('',(0.,0.,-1.));
#1141 = DIRECTION('',(-1.,0.,0.));
#1142 = ORIENTED_EDGE('',*,*,#549,.T.);
#1143 = ORIENTED_EDGE('',*,*,#1144,.F.);
#1144 = EDGE_CURVE('',#1145,#542,#1147,.T.);
#1145 = VERTEX_POINT('',#1146);
#1146 = CARTESIAN_POINT('',(19.211110632734,-9.,39.129677235857));
#1147 = CIRCLE('',#1148,1.);
#1148 = AXIS2_PLACEMENT_3D('',#1149,#1150,#1151);
#1149 = CARTESIAN_POINT('',(19.211110632734,-8.,39.129677235857));
#1150 = DIRECTION('',(0.,0.,1.));
#1151 = DIRECTION('',(1.,0.,-0.));
#1152 = ORIENTED_EDGE('',*,*,#1153,.F.);
#1153 = EDGE_CURVE('',#1135,#1145,#1154,.T.);
#1154 = LINE('',#1155,#1156);
#1155 = CARTESIAN_POINT('',(19.211110632734,-9.,3.511195587262));
#1156 = VECTOR('',#1157,1.);
#1157 = DIRECTION('',(0.,0.,1.));
#1158 = CYLINDRICAL_SURFACE('',#1159,1.);
#1159 = AXIS2_PLACEMENT_3D('',#1160,#1161,#1162);
#1160 = CARTESIAN_POINT('',(19.211110632734,-8.,3.511195587262));
#1161 = DIRECTION('',(0.,0.,1.));
#1162 = DIRECTION('',(1.,0.,-0.));
#1163 = ADVANCED_FACE('',(#1164),#1191,.T.);
#1164 = FACE_BOUND('',#1165,.T.);
#1165 = EDGE_LOOP('',(#1166,#1175,#1176,#1185));
#1166 = ORIENTED_EDGE('',*,*,#1167,.F.);
#1167 = EDGE_CURVE('',#558,#1168,#1170,.T.);
#1168 = VERTEX_POINT('',#1169);
#1169 = CARTESIAN_POINT('',(19.469451887947,4.,27.));
#1170 = CIRCLE('',#1171,1.);
#1171 = AXIS2_PLACEMENT_3D('',#1172,#1173,#1174);
#1172 = CARTESIAN_POINT('',(19.211110632734,4.,27.966053723069));
#1173 = DIRECTION('',(0.,1.,0.));
#1174 = DIRECTION('',(0.,-0.,1.));
#1175 = ORIENTED_EDGE('',*,*,#557,.F.);
#1176 = ORIENTED_EDGE('',*,*,#1177,.F.);
#1177 = EDGE_CURVE('',#1178,#550,#1180,.T.);
#1178 = VERTEX_POINT('',#1179);
#1179 = CARTESIAN_POINT('',(19.469451887947,-8.,27.));
#1180 = CIRCLE('',#1181,1.);
#1181 = AXIS2_PLACEMENT_3D('',#1182,#1183,#1184);
#1182 = CARTESIAN_POINT('',(19.211110632734,-8.,27.966053723069));
#1183 = DIRECTION('',(0.,-1.,0.));
#1184 = DIRECTION('',(0.,0.,-1.));
#1185 = ORIENTED_EDGE('',*,*,#1186,.T.);
#1186 = EDGE_CURVE('',#1178,#1168,#1187,.T.);
#1187 = LINE('',#1188,#1189);
#1188 = CARTESIAN_POINT('',(19.469451887947,-9.,27.));
#1189 = VECTOR('',#1190,1.);
#1190 = DIRECTION('',(0.,1.,0.));
#1191 = CYLINDRICAL_SURFACE('',#1192,1.);
#1192 = AXIS2_PLACEMENT_3D('',#1193,#1194,#1195);
#1193 = CARTESIAN_POINT('',(19.211110632734,-9.,27.966053723069));
#1194 = DIRECTION('',(0.,1.,0.));
#1195 = DIRECTION('',(0.,-0.,1.));
#1196 = ADVANCED_FACE('',(#1197),#1215,.T.);
#1197 = FACE_BOUND('',#1198,.T.);
#1198 = EDGE_LOOP('',(#1199,#1206,#1207,#1214));
#1199 = ORIENTED_EDGE('',*,*,#1200,.F.);
#1200 = EDGE_CURVE('',#687,#558,#1201,.T.);
#1201 = CIRCLE('',#1202,1.);
#1202 = AXIS2_PLACEMENT_3D('',#1203,#1204,#1205);
#1203 = CARTESIAN_POINT('',(19.211110632734,4.,27.966053723069));
#1204 = DIRECTION('',(0.,0.,-1.));
#1205 = DIRECTION('',(-1.,0.,0.));
#1206 = ORIENTED_EDGE('',*,*,#686,.T.);
#1207 = ORIENTED_EDGE('',*,*,#1208,.F.);
#1208 = EDGE_CURVE('',#566,#679,#1209,.T.);
#1209 = CIRCLE('',#1210,1.);
#1210 = AXIS2_PLACEMENT_3D('',#1211,#1212,#1213);
#1211 = CARTESIAN_POINT('',(19.211110632734,4.,37.129677235857));
#1212 = DIRECTION('',(0.,0.,1.));
#1213 = DIRECTION('',(1.,0.,-0.));
#1214 = ORIENTED_EDGE('',*,*,#565,.F.);
#1215 = CYLINDRICAL_SURFACE('',#1216,1.);
#1216 = AXIS2_PLACEMENT_3D('',#1217,#1218,#1219);
#1217 = CARTESIAN_POINT('',(19.211110632734,4.,33.629677235857));
#1218 = DIRECTION('',(0.,0.,-1.));
#1219 = DIRECTION('',(-1.,0.,0.));
#1220 = ADVANCED_FACE('',(#1221),#1239,.T.);
#1221 = FACE_BOUND('',#1222,.T.);
#1222 = EDGE_LOOP('',(#1223,#1230,#1231,#1238));
#1223 = ORIENTED_EDGE('',*,*,#1224,.F.);
#1224 = EDGE_CURVE('',#679,#589,#1225,.T.);
#1225 = CIRCLE('',#1226,1.);
#1226 = AXIS2_PLACEMENT_3D('',#1227,#1228,#1229);
#1227 = CARTESIAN_POINT('',(19.211110632734,4.,37.129677235857));
#1228 = DIRECTION('',(1.,0.,0.));
#1229 = DIRECTION('',(0.,0.,-1.));
#1230 = ORIENTED_EDGE('',*,*,#678,.T.);
#1231 = ORIENTED_EDGE('',*,*,#1232,.F.);
#1232 = EDGE_CURVE('',#591,#671,#1233,.T.);
#1233 = CIRCLE('',#1234,1.);
#1234 = AXIS2_PLACEMENT_3D('',#1235,#1236,#1237);
#1235 = CARTESIAN_POINT('',(-14.78888936726,4.,37.129677235857));
#1236 = DIRECTION('',(-1.,0.,0.));
#1237 = DIRECTION('',(0.,0.,1.));
#1238 = ORIENTED_EDGE('',*,*,#588,.F.);
#1239 = CYLINDRICAL_SURFACE('',#1240,1.);
#1240 = AXIS2_PLACEMENT_3D('',#1241,#1242,#1243);
#1241 = CARTESIAN_POINT('',(2.211110632734,4.,37.129677235857));
#1242 = DIRECTION('',(-1.,0.,0.));
#1243 = DIRECTION('',(0.,0.,1.));
#1244 = ADVANCED_FACE('',(#1245),#1255,.F.);
#1245 = FACE_BOUND('',#1246,.F.);
#1246 = EDGE_LOOP('',(#1247,#1248,#1253,#1254));
#1247 = ORIENTED_EDGE('',*,*,#622,.T.);
#1248 = ORIENTED_EDGE('',*,*,#1249,.T.);
#1249 = EDGE_CURVE('',#623,#643,#1250,.T.);
#1250 = B_SPLINE_CURVE_WITH_KNOTS('',1,(#1251,#1252),.UNSPECIFIED.,.F.,
  .F.,(2,2),(0.,1.5),.PIECEWISE_BEZIER_KNOTS.);
#1251 = CARTESIAN_POINT('',(-5.788889367266,3.5,36.904677235857));
#1252 = CARTESIAN_POINT('',(-5.788889367266,5.,36.904677235857));
#1253 = ORIENTED_EDGE('',*,*,#642,.F.);
#1254 = ORIENTED_EDGE('',*,*,#1249,.F.);
#1255 = CYLINDRICAL_SURFACE('',#1256,2.775);
#1256 = AXIS2_PLACEMENT_3D('',#1257,#1258,#1259);
#1257 = CARTESIAN_POINT('',(-5.788889367266,3.5,34.129677235857));
#1258 = DIRECTION('',(0.,1.,0.));
#1259 = DIRECTION('',(0.,-0.,1.));
#1260 = ADVANCED_FACE('',(#1261),#1392,.F.);
#1261 = FACE_BOUND('',#1262,.F.);
#1262 = EDGE_LOOP('',(#1263,#1275,#1276,#1277,#1287,#1336,#1352));
#1263 = ORIENTED_EDGE('',*,*,#1264,.F.);
#1264 = EDGE_CURVE('',#654,#1265,#1267,.T.);
#1265 = VERTEX_POINT('',#1266);
#1266 = CARTESIAN_POINT('',(9.924189605416,5.004706890646,27.));
#1267 = B_SPLINE_CURVE_WITH_KNOTS('',3,(#1268,#1269,#1270,#1271,#1272,
    #1273,#1274),.UNSPECIFIED.,.F.,.F.,(4,1,1,1,4),(7.806255641896E-18,
    6.529895096683E-04,1.305979019337E-03,1.958968529005E-03,
    2.611958038673E-03),.UNSPECIFIED.);
#1268 = CARTESIAN_POINT('',(9.972374349721,5.,27.082878657015));
#1269 = CARTESIAN_POINT('',(9.842955591773,5.,26.903397907149));
#1270 = CARTESIAN_POINT('',(9.879598871816,5.149158137882,
    26.445462018247));
#1271 = CARTESIAN_POINT('',(10.192412633505,5.421831573162,
    25.948161339482));
#1272 = CARTESIAN_POINT('',(10.587625479334,5.708969743029,
    25.514627710686));
#1273 = CARTESIAN_POINT('',(10.888466641896,5.902703329761,
    25.269052851195));
#1274 = CARTESIAN_POINT('',(11.046360347429,6.,25.155122082509));
#1275 = ORIENTED_EDGE('',*,*,#653,.T.);
#1276 = ORIENTED_EDGE('',*,*,#770,.F.);
#1277 = ORIENTED_EDGE('',*,*,#1278,.T.);
#1278 = EDGE_CURVE('',#760,#1279,#1281,.T.);
#1279 = VERTEX_POINT('',#1280);
#1280 = CARTESIAN_POINT('',(-15.40886207889,5.464495774334,27.));
#1281 = B_SPLINE_CURVE_WITH_KNOTS('',3,(#1282,#1283,#1284,#1285,#1286),
  .UNSPECIFIED.,.F.,.F.,(4,1,4),(4.336123420028E-16,9.634637967986E-04,
    1.926927593597E-03),.UNSPECIFIED.);
#1282 = CARTESIAN_POINT('',(-15.06566185804,5.160689352515,
    27.564672350066));
#1283 = CARTESIAN_POINT('',(-15.16865635408,5.285196382031,
    27.280426221336));
#1284 = CARTESIAN_POINT('',(-15.53340851424,5.567264991811,
    26.821222975622));
#1285 = CARTESIAN_POINT('',(-15.97717053871,5.856523914067,
    26.44584902776));
#1286 = CARTESIAN_POINT('',(-16.21182809924,6.,26.28004561522));
#1287 = ORIENTED_EDGE('',*,*,#1288,.T.);
#1288 = EDGE_CURVE('',#1279,#1289,#1291,.T.);
#1289 = VERTEX_POINT('',#1290);
#1290 = CARTESIAN_POINT('',(-15.12043011861,6.,27.));
#1291 = B_SPLINE_CURVE_WITH_KNOTS('',8,(#1292,#1293,#1294,#1295,#1296,
    #1297,#1298,#1299,#1300,#1301,#1302,#1303,#1304,#1305,#1306,#1307,
    #1308,#1309,#1310,#1311,#1312,#1313,#1314,#1315,#1316,#1317,#1318,
    #1319,#1320,#1321,#1322,#1323,#1324,#1325,#1326,#1327,#1328,#1329,
    #1330,#1331,#1332,#1333,#1334,#1335),.UNSPECIFIED.,.F.,.F.,(9,7,7,7,
    7,7,9),(0.,0.130837842269,0.621622041072,0.749563485383,
    0.839738188281,0.974473844302,1.),.UNSPECIFIED.);
#1292 = CARTESIAN_POINT('',(-16.92464372581,5.,27.));
#1293 = CARTESIAN_POINT('',(-16.88741894007,5.,27.));
#1294 = CARTESIAN_POINT('',(-16.85012645745,5.00053960031,27.));
#1295 = CARTESIAN_POINT('',(-16.81278140358,5.00161784904,27.));
#1296 = CARTESIAN_POINT('',(-16.77539862079,5.003234252509,27.));
#1297 = CARTESIAN_POINT('',(-16.73799266814,5.005388775239,27.));
#1298 = CARTESIAN_POINT('',(-16.70057782139,5.008081839961,27.));
#1299 = CARTESIAN_POINT('',(-16.66316807302,5.011314327611,27.));
#1300 = CARTESIAN_POINT('',(-16.48552044045,5.029241367316,27.));
#1301 = CARTESIAN_POINT('',(-16.34589218254,5.050969161333,27.));
#1302 = CARTESIAN_POINT('',(-16.20719451043,5.08031946672,27.));
#1303 = CARTESIAN_POINT('',(-16.07005241242,5.117577073643,27.));
#1304 = CARTESIAN_POINT('',(-15.93537902296,5.163101020251,27.));
#1305 = CARTESIAN_POINT('',(-15.80456424778,5.217495432539,27.));
#1306 = CARTESIAN_POINT('',(-15.67931531121,5.281381823589,27.));
#1307 = CARTESIAN_POINT('',(-15.53189342359,5.375857615208,27.));
#1308 = CARTESIAN_POINT('',(-15.50199770488,5.396129654276,27.));
#1309 = CARTESIAN_POINT('',(-15.47274532539,5.417158626433,27.));
#1310 = CARTESIAN_POINT('',(-15.44420263538,5.438963903463,27.));
#1311 = CARTESIAN_POINT('',(-15.41644716873,5.461562741857,27.));
#1312 = CARTESIAN_POINT('',(-15.38956731332,5.484969600984,27.));
#1313 = CARTESIAN_POINT('',(-15.36366198138,5.509195461263,27.));
#1314 = CARTESIAN_POINT('',(-15.32134563933,5.551903875134,27.));
#1315 = CARTESIAN_POINT('',(-15.3043909031,5.569969282805,27.));
#1316 = CARTESIAN_POINT('',(-15.28801460744,5.588444812952,27.));
#1317 = CARTESIAN_POINT('',(-15.27225946168,5.607329301956,27.));
#1318 = CARTESIAN_POINT('',(-15.25717143414,5.626618419569,27.));
#1319 = CARTESIAN_POINT('',(-15.24279883798,5.646304113504,27.));
#1320 = CARTESIAN_POINT('',(-15.22919141725,5.66637405404,27.));
#1321 = CARTESIAN_POINT('',(-15.19728612975,5.717347313544,27.));
#1322 = CARTESIAN_POINT('',(-15.17998440778,5.748717041337,27.));
#1323 = CARTESIAN_POINT('',(-15.16467617955,5.780844737789,27.));
#1324 = CARTESIAN_POINT('',(-15.15153438186,5.813633405716,27.));
#1325 = CARTESIAN_POINT('',(-15.14071273654,5.846962055561,27.));
#1326 = CARTESIAN_POINT('',(-15.13233290147,5.880683707345,27.));
#1327 = CARTESIAN_POINT('',(-15.12646901161,5.914623913984,27.));
#1328 = CARTESIAN_POINT('',(-15.12249694852,5.955012872077,27.));
#1329 = CARTESIAN_POINT('',(-15.12195486618,5.961446837301,27.));
#1330 = CARTESIAN_POINT('',(-15.12150342375,5.967880451808,27.));
#1331 = CARTESIAN_POINT('',(-15.12114260568,5.974312472642,27.));
#1332 = CARTESIAN_POINT('',(-15.12087232021,5.980741663699,27.));
#1333 = CARTESIAN_POINT('',(-15.12069239942,5.987166795732,27.));
#1334 = CARTESIAN_POINT('',(-15.12060259918,5.993586646345,27.));
#1335 = CARTESIAN_POINT('',(-15.12060259919,6.,27.));
#1336 = ORIENTED_EDGE('',*,*,#1337,.T.);
#1337 = EDGE_CURVE('',#1289,#1338,#1340,.T.);
#1338 = VERTEX_POINT('',#1339);
#1339 = CARTESIAN_POINT('',(8.150485425305,6.,27.));
#1340 = B_SPLINE_CURVE_WITH_KNOTS('',3,(#1341,#1342,#1343,#1344,#1345,
    #1346,#1347,#1348,#1349,#1350,#1351),.UNSPECIFIED.,.F.,.F.,(4,1,1,1,
    1,1,1,1,4),(0.,3.643751586141E-03,7.287503172281E-03,
    1.093125475842E-02,1.457500634456E-02,1.82187579307E-02,
    2.186250951684E-02,2.550626110298E-02,2.915001268913E-02),
  .UNSPECIFIED.);
#1341 = CARTESIAN_POINT('',(-16.21182809924,6.,26.28004561522));
#1342 = CARTESIAN_POINT('',(-15.21263310223,6.,26.986052870727));
#1343 = CARTESIAN_POINT('',(-13.10870351564,6.,28.20428005989));
#1344 = CARTESIAN_POINT('',(-9.653824286689,6.,29.465985175357));
#1345 = CARTESIAN_POINT('',(-6.116792561461,6.,30.104462831918));
#1346 = CARTESIAN_POINT('',(-2.442740517216,6.,30.183639439426));
#1347 = CARTESIAN_POINT('',(1.153256441527,6.,29.748738207301));
#1348 = CARTESIAN_POINT('',(4.684628848896,6.,28.723987365494));
#1349 = CARTESIAN_POINT('',(8.004301656447,6.,27.168519689181));
#1350 = CARTESIAN_POINT('',(10.056147865639,6.,25.869625987727));
#1351 = CARTESIAN_POINT('',(11.046360347429,6.,25.155122082509));
#1352 = ORIENTED_EDGE('',*,*,#1353,.F.);
#1353 = EDGE_CURVE('',#1265,#1338,#1354,.T.);
#1354 = B_SPLINE_CURVE_WITH_KNOTS('',6,(#1355,#1356,#1357,#1358,#1359,
    #1360,#1361,#1362,#1363,#1364,#1365,#1366,#1367,#1368,#1369,#1370,
    #1371,#1372,#1373,#1374,#1375,#1376,#1377,#1378,#1379,#1380,#1381,
    #1382,#1383,#1384,#1385,#1386,#1387,#1388,#1389,#1390,#1391),
  .UNSPECIFIED.,.F.,.F.,(7,5,5,5,5,5,5,7),(0.,0.1214995425,
    0.382254595774,0.630914529988,0.753236640098,0.848135171126,
    0.978421135572,1.),.UNSPECIFIED.);
#1355 = CARTESIAN_POINT('',(10.104568280037,5.,27.));
#1356 = CARTESIAN_POINT('',(10.055601839038,5.000000000001,27.));
#1357 = CARTESIAN_POINT('',(10.0065398668,5.00082499647,27.));
#1358 = CARTESIAN_POINT('',(9.957411967366,5.002472857013,27.));
#1359 = CARTESIAN_POINT('',(9.908246848193,5.004943402187,27.));
#1360 = CARTESIAN_POINT('',(9.859072320155,5.008238405493,27.));
#1361 = CARTESIAN_POINT('',(9.704417434853,5.021210532693,27.));
#1362 = CARTESIAN_POINT('',(9.599014391267,5.03387337214,27.));
#1363 = CARTESIAN_POINT('',(9.49395145827,5.050388784955,27.));
#1364 = CARTESIAN_POINT('',(9.38951063111,5.070851416726,27.));
#1365 = CARTESIAN_POINT('',(9.286018274986,5.095405219124,27.));
#1366 = CARTESIAN_POINT('',(9.086483487757,5.151888559739,27.));
#1367 = CARTESIAN_POINT('',(8.990380885066,5.183406175325,27.));
#1368 = CARTESIAN_POINT('',(8.895852190274,5.219110117785,27.));
#1369 = CARTESIAN_POINT('',(8.803426067784,5.259330944619,27.));
#1370 = CARTESIAN_POINT('',(8.713861002394,5.304439558038,27.));
#1371 = CARTESIAN_POINT('',(8.586256620748,5.379956857551,27.));
#1372 = CARTESIAN_POINT('',(8.545175262782,5.406180274358,27.));
#1373 = CARTESIAN_POINT('',(8.505228835359,5.433798086552,27.));
#1374 = CARTESIAN_POINT('',(8.46661381336,5.462878173767,27.));
#1375 = CARTESIAN_POINT('',(8.42958220685,5.493482395552,27.));
#1376 = CARTESIAN_POINT('',(8.367180881233,5.550630092546,27.));
#1377 = CARTESIAN_POINT('',(8.341063033797,5.576541368202,27.));
#1378 = CARTESIAN_POINT('',(8.316232806327,5.603419920805,27.));
#1379 = CARTESIAN_POINT('',(8.292871545643,5.63127222103,27.));
#1380 = CARTESIAN_POINT('',(8.27118485276,5.660079768462,27.));
#1381 = CARTESIAN_POINT('',(8.224212040125,5.730579391325,27.));
#1382 = CARTESIAN_POINT('',(8.200577004555,5.773102997764,27.));
#1383 = CARTESIAN_POINT('',(8.181101329673,5.817155576592,27.));
#1384 = CARTESIAN_POINT('',(8.166377000665,5.862405588486,27.));
#1385 = CARTESIAN_POINT('',(8.156842437049,5.908359658469,27.));
#1386 = CARTESIAN_POINT('',(8.151813844946,5.961956541013,27.));
#1387 = CARTESIAN_POINT('',(8.151242479188,5.9695735649,27.));
#1388 = CARTESIAN_POINT('',(8.150814419734,5.977189140552,27.));
#1389 = CARTESIAN_POINT('',(8.150529539224,5.984800538388,27.));
#1390 = CARTESIAN_POINT('',(8.150387436474,5.992405052369,27.));
#1391 = CARTESIAN_POINT('',(8.150387436474,6.,27.));
#1392 = ( BOUNDED_SURFACE() B_SPLINE_SURFACE(3,2,(
    (#1393,#1394,#1395)
    ,(#1396,#1397,#1398)
    ,(#1399,#1400,#1401)
    ,(#1402,#1403,#1404)
    ,(#1405,#1406,#1407)
    ,(#1408,#1409,#1410)
    ,(#1411,#1412,#1413)
    ,(#1414,#1415,#1416)
    ,(#1417,#1418,#1419)
    ,(#1420,#1421,#1422)
    ,(#1423,#1424,#1425
)),.UNSPECIFIED.,.F.,.F.,.F.) B_SPLINE_SURFACE_WITH_KNOTS((4,1,1,1,1,1,1
    ,1,4),(3,3),(7.506022213337E-02,7.889399800334E-02,
    8.272777387331E-02,8.656154974328E-02,9.039532561325E-02,
    9.422910148321E-02,9.806287735318E-02,0.101896653223,0.105730429093)
,(0.,1.),.UNSPECIFIED.) GEOMETRIC_REPRESENTATION_ITEM() 
RATIONAL_B_SPLINE_SURFACE((
    (1.,0.707106781187,1.)
    ,(1.,0.707106781187,1.)
    ,(1.,0.707106781187,1.)
    ,(1.,0.707106781187,1.)
    ,(1.,0.707106781187,1.)
    ,(1.,0.707106781187,1.)
    ,(1.,0.707106781187,1.)
    ,(1.,0.707106781187,1.)
    ,(1.,0.707106781187,1.)
    ,(1.,0.707106781187,1.)
,(1.,0.707106781187,1.))) REPRESENTATION_ITEM('') SURFACE() );
#1393 = CARTESIAN_POINT('',(11.779641948852,5.,25.858474763057));
#1394 = CARTESIAN_POINT('',(11.189577905651,5.,25.051118320758));
#1395 = CARTESIAN_POINT('',(11.189577905651,6.,25.051118320758));
#1396 = CARTESIAN_POINT('',(10.740350853779,5.,26.618050425625));
#1397 = CARTESIAN_POINT('',(10.185004755148,5.000000000043,
    25.78532004755));
#1398 = CARTESIAN_POINT('',(10.185004755645,6.000000000008,
    25.785320048182));
#1399 = CARTESIAN_POINT('',(8.586800369087,5.,27.993094902939));
#1400 = CARTESIAN_POINT('',(8.099023383911,4.99999999998,27.117351297699
    ));
#1401 = CARTESIAN_POINT('',(8.099023383681,5.999999999996,
    27.117351297405));
#1402 = CARTESIAN_POINT('',(5.143229331816,5.,29.624622242388));
#1403 = CARTESIAN_POINT('',(4.778908121838,5.000000000005,
    28.688722111321));
#1404 = CARTESIAN_POINT('',(4.778908121899,6.000000000001,28.6887221114)
  );
#1405 = CARTESIAN_POINT('',(1.403056959471,5.,30.726732277506));
#1406 = CARTESIAN_POINT('',(1.204805336782,4.999999999999,
    29.741952259158));
#1407 = CARTESIAN_POINT('',(1.204805336767,6.,29.741952259134));
#1408 = CARTESIAN_POINT('',(-2.408352461971,5.,31.190090224729));
#1409 = CARTESIAN_POINT('',(-2.458565814979,5.,30.187879397185));
#1410 = CARTESIAN_POINT('',(-2.458565814982,6.,30.1878793972));
#1411 = CARTESIAN_POINT('',(-6.302125093479,5.,31.09805567885));
#1412 = CARTESIAN_POINT('',(-6.200522548799,5.,30.099059190597));
#1413 = CARTESIAN_POINT('',(-6.200522548774,6.,30.099059190559));
#1414 = CARTESIAN_POINT('',(-10.04667518133,5.,30.403877933488));
#1415 = CARTESIAN_POINT('',(-9.780892828245,4.999999999999,
    29.434399965772));
#1416 = CARTESIAN_POINT('',(-9.780892828343,6.,29.434399965909));
#1417 = CARTESIAN_POINT('',(-13.70441798693,5.,29.036039810736));
#1418 = CARTESIAN_POINT('',(-13.26848867793,5.000000000005,
    28.130398255549));
#1419 = CARTESIAN_POINT('',(-13.26848867756,6.,28.13039825504));
#1420 = CARTESIAN_POINT('',(-15.89970668398,5.,27.737870558803));
#1421 = CARTESIAN_POINT('',(-15.36608868895,4.999999999989,
    26.889846253485));
#1422 = CARTESIAN_POINT('',(-15.36608868974,6.,26.889846254581));
#1423 = CARTESIAN_POINT('',(-16.93690045514,5.,26.991182805249));
#1424 = CARTESIAN_POINT('',(-16.35264301618,5.,26.17961441933));
#1425 = CARTESIAN_POINT('',(-16.35264301618,6.,26.17961441933));
#1426 = ADVANCED_FACE('',(#1427),#1454,.T.);
#1427 = FACE_BOUND('',#1428,.T.);
#1428 = EDGE_LOOP('',(#1429,#1439,#1446,#1447));
#1429 = ORIENTED_EDGE('',*,*,#1430,.T.);
#1430 = EDGE_CURVE('',#1431,#1433,#1435,.T.);
#1431 = VERTEX_POINT('',#1432);
#1432 = CARTESIAN_POINT('',(19.211110632734,4.258341255213,27.));
#1433 = VERTEX_POINT('',#1434);
#1434 = CARTESIAN_POINT('',(11.631501248699,4.258341255213,27.));
#1435 = LINE('',#1436,#1437);
#1436 = CARTESIAN_POINT('',(14.211110632734,4.258341255213,27.));
#1437 = VECTOR('',#1438,1.);
#1438 = DIRECTION('',(-1.,0.,0.));
#1439 = ORIENTED_EDGE('',*,*,#1440,.T.);
#1440 = EDGE_CURVE('',#1433,#695,#1441,.T.);
#1441 = CIRCLE('',#1442,1.);
#1442 = AXIS2_PLACEMENT_3D('',#1443,#1444,#1445);
#1443 = CARTESIAN_POINT('',(11.631501248699,4.,27.966053723069));
#1444 = DIRECTION('',(1.,0.,0.));
#1445 = DIRECTION('',(0.,0.,-1.));
#1446 = ORIENTED_EDGE('',*,*,#694,.T.);
#1447 = ORIENTED_EDGE('',*,*,#1448,.F.);
#1448 = EDGE_CURVE('',#1431,#687,#1449,.T.);
#1449 = CIRCLE('',#1450,1.);
#1450 = AXIS2_PLACEMENT_3D('',#1451,#1452,#1453);
#1451 = CARTESIAN_POINT('',(19.211110632734,4.,27.966053723069));
#1452 = DIRECTION('',(1.,0.,0.));
#1453 = DIRECTION('',(0.,0.,-1.));
#1454 = CYLINDRICAL_SURFACE('',#1455,1.);
#1455 = AXIS2_PLACEMENT_3D('',#1456,#1457,#1458);
#1456 = CARTESIAN_POINT('',(14.211110632734,4.,27.966053723069));
#1457 = DIRECTION('',(-1.,0.,0.));
#1458 = DIRECTION('',(0.,0.,1.));
#1459 = ADVANCED_FACE('',(#1460),#1508,.T.);
#1460 = FACE_BOUND('',#1461,.T.);
#1461 = EDGE_LOOP('',(#1462,#1499,#1506,#1507));
#1462 = ORIENTED_EDGE('',*,*,#1463,.T.);
#1463 = EDGE_CURVE('',#1433,#1464,#1466,.T.);
#1464 = VERTEX_POINT('',#1465);
#1465 = CARTESIAN_POINT('',(10.095496788185,4.988924665158,27.));
#1466 = B_SPLINE_CURVE_WITH_KNOTS('',7,(#1467,#1468,#1469,#1470,#1471,
    #1472,#1473,#1474,#1475,#1476,#1477,#1478,#1479,#1480,#1481,#1482,
    #1483,#1484,#1485,#1486,#1487,#1488,#1489,#1490,#1491,#1492,#1493,
    #1494,#1495,#1496,#1497,#1498),.UNSPECIFIED.,.F.,.F.,(8,6,6,6,6,8),(
    0.,8.301067101716E-02,0.183849904715,0.360420109387,0.667141834233,
    1.),.UNSPECIFIED.);
#1467 = CARTESIAN_POINT('',(11.631501248699,4.258341255213,27.));
#1468 = CARTESIAN_POINT('',(11.611593462568,4.258341255213,27.));
#1469 = CARTESIAN_POINT('',(11.591688577262,4.260012727253,27.));
#1470 = CARTESIAN_POINT('',(11.571987293556,4.263359450703,27.));
#1471 = CARTESIAN_POINT('',(11.552596778101,4.268189146571,27.));
#1472 = CARTESIAN_POINT('',(11.533569077587,4.274243655813,27.));
#1473 = CARTESIAN_POINT('',(11.514920361182,4.281281780314,27.));
#1474 = CARTESIAN_POINT('',(11.474413533816,4.298630121583,27.));
#1475 = CARTESIAN_POINT('',(11.452713137005,4.309323405123,27.));
#1476 = CARTESIAN_POINT('',(11.431433727739,4.320881333673,27.));
#1477 = CARTESIAN_POINT('',(11.410500242877,4.333074672233,27.));
#1478 = CARTESIAN_POINT('',(11.389848267779,4.345742916123,27.));
#1479 = CARTESIAN_POINT('',(11.369413674884,4.358778952799,27.));
#1480 = CARTESIAN_POINT('',(11.313591856638,4.395463000897,27.));
#1481 = CARTESIAN_POINT('',(11.278559667542,4.419690227486,27.));
#1482 = CARTESIAN_POINT('',(11.243720356214,4.444367620172,27.));
#1483 = CARTESIAN_POINT('',(11.208926400904,4.469277122979,27.));
#1484 = CARTESIAN_POINT('',(11.174055251126,4.494247703302,27.));
#1485 = CARTESIAN_POINT('',(11.139013579946,4.519161429789,27.));
#1486 = CARTESIAN_POINT('',(11.042390149191,4.586934416336,27.));
#1487 = CARTESIAN_POINT('',(10.980324645952,4.629457303958,27.));
#1488 = CARTESIAN_POINT('',(10.917128071759,4.670945749402,27.));
#1489 = CARTESIAN_POINT('',(10.852611206243,4.710999192893,27.));
#1490 = CARTESIAN_POINT('',(10.786643667172,4.749202044362,27.));
#1491 = CARTESIAN_POINT('',(10.7191832534,4.785156171294,27.));
#1492 = CARTESIAN_POINT('',(10.575453772147,4.85461168211,27.));
#1493 = CARTESIAN_POINT('',(10.498923741518,4.887643324337,27.));
#1494 = CARTESIAN_POINT('',(10.420711646927,4.917048641133,27.));
#1495 = CARTESIAN_POINT('',(10.340965028886,4.94232824774,27.));
#1496 = CARTESIAN_POINT('',(10.259932015083,4.96300757931,27.));
#1497 = CARTESIAN_POINT('',(10.177960471877,4.978657826663,27.));
#1498 = CARTESIAN_POINT('',(10.095496788185,4.988924665158,27.));
#1499 = ORIENTED_EDGE('',*,*,#1500,.T.);
#1500 = EDGE_CURVE('',#1464,#654,#1501,.T.);
#1501 = CIRCLE('',#1502,1.);
#1502 = AXIS2_PLACEMENT_3D('',#1503,#1504,#1505);
#1503 = CARTESIAN_POINT('',(9.972374349721,4.,27.082878657016));
#1504 = DIRECTION('',(0.558412466974,4.984563251063E-13,0.829563449489)
  );
#1505 = DIRECTION('',(0.829563449489,-6.235472973364E-30,-0.558412466974
    ));
#1506 = ORIENTED_EDGE('',*,*,#702,.T.);
#1507 = ORIENTED_EDGE('',*,*,#1440,.F.);
#1508 = TOROIDAL_SURFACE('',#1509,2.,1.);
#1509 = AXIS2_PLACEMENT_3D('',#1510,#1511,#1512);
#1510 = CARTESIAN_POINT('',(11.631501248699,4.,25.966053723069));
#1511 = DIRECTION('',(0.,1.,0.));
#1512 = DIRECTION('',(0.,-0.,1.));
#1513 = ADVANCED_FACE('',(#1514),#1519,.T.);
#1514 = FACE_BOUND('',#1515,.T.);
#1515 = EDGE_LOOP('',(#1516,#1517,#1518));
#1516 = ORIENTED_EDGE('',*,*,#1232,.T.);
#1517 = ORIENTED_EDGE('',*,*,#743,.T.);
#1518 = ORIENTED_EDGE('',*,*,#717,.T.);
#1519 = SPHERICAL_SURFACE('',#1520,1.);
#1520 = AXIS2_PLACEMENT_3D('',#1521,#1522,#1523);
#1521 = CARTESIAN_POINT('',(-14.78888936726,4.,37.129677235857));
#1522 = DIRECTION('',(0.,1.,0.));
#1523 = DIRECTION('',(0.,-0.,1.));
#1524 = ADVANCED_FACE('',(#1525),#1560,.T.);
#1525 = FACE_BOUND('',#1526,.T.);
#1526 = EDGE_LOOP('',(#1527,#1528,#1529,#1559));
#1527 = ORIENTED_EDGE('',*,*,#759,.F.);
#1528 = ORIENTED_EDGE('',*,*,#1278,.T.);
#1529 = ORIENTED_EDGE('',*,*,#1530,.T.);
#1530 = EDGE_CURVE('',#1279,#794,#1531,.T.);
#1531 = B_SPLINE_CURVE_WITH_KNOTS('',6,(#1532,#1533,#1534,#1535,#1536,
    #1537,#1538,#1539,#1540,#1541,#1542,#1543,#1544,#1545,#1546,#1547,
    #1548,#1549,#1550,#1551,#1552,#1553,#1554,#1555,#1556,#1557,#1558),
  .UNSPECIFIED.,.F.,.F.,(7,5,5,5,5,7),(0.,0.221939643518,0.462671117059,
    0.726920028392,0.950479104235,1.),.UNSPECIFIED.);
#1532 = CARTESIAN_POINT('',(-15.4112078446,5.465457272622,27.));
#1533 = CARTESIAN_POINT('',(-15.43679653321,5.44410583605,27.));
#1534 = CARTESIAN_POINT('',(-15.46146800639,5.421162895661,27.));
#1535 = CARTESIAN_POINT('',(-15.48524945954,5.396624327722,27.));
#1536 = CARTESIAN_POINT('',(-15.50815460811,5.370471382384,27.));
#1537 = CARTESIAN_POINT('',(-15.53018190655,5.342681154861,27.));
#1538 = CARTESIAN_POINT('',(-15.57423279704,5.281299899935,27.));
#1539 = CARTESIAN_POINT('',(-15.59609868109,5.247416097228,27.));
#1540 = CARTESIAN_POINT('',(-15.6168834652,5.211571701654,27.));
#1541 = CARTESIAN_POINT('',(-15.63653590624,5.173765670117,27.));
#1542 = CARTESIAN_POINT('',(-15.65498888134,5.134036727382,27.));
#1543 = CARTESIAN_POINT('',(-15.69102494792,5.046884990158,27.));
#1544 = CARTESIAN_POINT('',(-15.70835066148,4.99908128393,27.));
#1545 = CARTESIAN_POINT('',(-15.72404289167,4.949226020331,27.));
#1546 = CARTESIAN_POINT('',(-15.73801093467,4.89752281032,27.));
#1547 = CARTESIAN_POINT('',(-15.75018599785,4.844242574835,27.));
#1548 = CARTESIAN_POINT('',(-15.76923541953,4.743538027469,27.));
#1549 = CARTESIAN_POINT('',(-15.77663781466,4.696472092336,27.));
#1550 = CARTESIAN_POINT('',(-15.78267697745,4.648663008642,27.));
#1551 = CARTESIAN_POINT('',(-15.78731760362,4.600292668517,27.));
#1552 = CARTESIAN_POINT('',(-15.79051617351,4.551543465667,27.));
#1553 = CARTESIAN_POINT('',(-15.7925884188,4.491743172984,27.));
#1554 = CARTESIAN_POINT('',(-15.79289050349,4.480888845566,27.));
#1555 = CARTESIAN_POINT('',(-15.79311824218,4.470026443496,27.));
#1556 = CARTESIAN_POINT('',(-15.79327096117,4.4591579185,27.));
#1557 = CARTESIAN_POINT('',(-15.79334795838,4.448285231974,27.));
#1558 = CARTESIAN_POINT('',(-15.79334850338,4.437410354988,27.));
#1559 = ORIENTED_EDGE('',*,*,#793,.F.);
#1560 = ( BOUNDED_SURFACE() B_SPLINE_SURFACE(3,2,(
    (#1561,#1562,#1563)
    ,(#1564,#1565,#1566)
    ,(#1567,#1568,#1569)
    ,(#1570,#1571,#1572)
    ,(#1573,#1574,#1575
)),.UNSPECIFIED.,.F.,.F.,.F.) B_SPLINE_SURFACE_WITH_KNOTS((4,1,4),(3,3),
  (-1.430279505943E-15,1.267062607465E-03,2.534125214932E-03),(0.,1.),
.UNSPECIFIED.) GEOMETRIC_REPRESENTATION_ITEM() RATIONAL_B_SPLINE_SURFACE
((
    (1.,0.798990766774,1.)
    ,(1.,0.853868603678,1.)
    ,(1.,0.962289670389,1.)
    ,(1.,0.999999999944,1.)
,(1.,1.,1.))) REPRESENTATION_ITEM('') SURFACE() );
#1561 = CARTESIAN_POINT('',(-15.06566185804,5.160689352515,
    27.564672350066));
#1562 = CARTESIAN_POINT('',(-15.78888936726,4.978747698759,
    27.463237669168));
#1563 = CARTESIAN_POINT('',(-15.78888936726,4.32137870503,
    27.096746474135));
#1564 = CARTESIAN_POINT('',(-15.15271932756,5.265930535731,
    27.324409598871));
#1565 = CARTESIAN_POINT('',(-15.72415333856,5.01407476542,
    27.301809145323));
#1566 = CARTESIAN_POINT('',(-15.78888936726,4.531861110592,
    26.907977162219));
#1567 = CARTESIAN_POINT('',(-15.48529293239,5.535967811917,
    26.861578786087));
#1568 = CARTESIAN_POINT('',(-15.71496804017,5.274101117896,
    26.815699095734));
#1569 = CARTESIAN_POINT('',(-15.88826147076,5.071935604268,
    26.58666936503));
#1570 = CARTESIAN_POINT('',(-15.96146362976,5.84692160099,
    26.456947153464));
#1571 = CARTESIAN_POINT('',(-16.02724128852,5.770382385582,
    26.410470235073));
#1572 = CARTESIAN_POINT('',(-16.09301897285,5.69384320198,
    26.363993298609));
#1573 = CARTESIAN_POINT('',(-16.21182809924,6.,26.28004561522));
#1574 = CARTESIAN_POINT('',(-16.21182809924,6.,26.28004561522));
#1575 = CARTESIAN_POINT('',(-16.21182809924,6.,26.28004561522));
#1576 = ADVANCED_FACE('',(#1577),#1842,.F.);
#1577 = FACE_BOUND('',#1578,.F.);
#1578 = EDGE_LOOP('',(#1579,#1589,#1597,#1598,#1599,#1600,#1632,#1681,
    #1691,#1699,#1709,#1751,#1762,#1799,#1807,#1814,#1815,#1822,#1823,
    #1824,#1833,#1834));
#1579 = ORIENTED_EDGE('',*,*,#1580,.F.);
#1580 = EDGE_CURVE('',#1581,#1583,#1585,.T.);
#1581 = VERTEX_POINT('',#1582);
#1582 = CARTESIAN_POINT('',(-15.11868672249,8.,27.));
#1583 = VERTEX_POINT('',#1584);
#1584 = CARTESIAN_POINT('',(8.150412246347,8.,27.));
#1585 = LINE('',#1586,#1587);
#1586 = CARTESIAN_POINT('',(-100.,8.,27.));
#1587 = VECTOR('',#1588,1.);
#1588 = DIRECTION('',(1.,0.,-0.));
#1589 = ORIENTED_EDGE('',*,*,#1590,.F.);
#1590 = EDGE_CURVE('',#1289,#1581,#1591,.T.);
#1591 = B_SPLINE_CURVE_WITH_KNOTS('',4,(#1592,#1593,#1594,#1595,#1596),
  .UNSPECIFIED.,.F.,.F.,(5,5),(0.,1.),.PIECEWISE_BEZIER_KNOTS.);
#1592 = CARTESIAN_POINT('',(-15.11868672249,-12.,27.));
#1593 = CARTESIAN_POINT('',(-15.11868672249,-7.,27.));
#1594 = CARTESIAN_POINT('',(-15.11868672249,-2.,27.));
#1595 = CARTESIAN_POINT('',(-15.11868672249,3.,27.));
#1596 = CARTESIAN_POINT('',(-15.11868672249,8.,27.));
#1597 = ORIENTED_EDGE('',*,*,#1288,.F.);
#1598 = ORIENTED_EDGE('',*,*,#1530,.T.);
#1599 = ORIENTED_EDGE('',*,*,#814,.F.);
#1600 = ORIENTED_EDGE('',*,*,#1601,.T.);
#1601 = EDGE_CURVE('',#805,#1602,#1604,.T.);
#1602 = VERTEX_POINT('',#1603);
#1603 = CARTESIAN_POINT('',(-15.40886207889,-9.464495774332,27.));
#1604 = B_SPLINE_CURVE_WITH_KNOTS('',6,(#1605,#1606,#1607,#1608,#1609,
    #1610,#1611,#1612,#1613,#1614,#1615,#1616,#1617,#1618,#1619,#1620,
    #1621,#1622,#1623,#1624,#1625,#1626,#1627,#1628,#1629,#1630,#1631),
  .UNSPECIFIED.,.F.,.F.,(7,5,5,5,5,7),(0.,4.952089508524E-02,
    0.273079971293,0.537328883141,0.778060356843,1.),.UNSPECIFIED.);
#1605 = CARTESIAN_POINT('',(-15.79334850337,-8.437410354963,27.));
#1606 = CARTESIAN_POINT('',(-15.79334795836,-8.4482852318,27.));
#1607 = CARTESIAN_POINT('',(-15.79327096116,-8.459157918176,27.));
#1608 = CARTESIAN_POINT('',(-15.79311824217,-8.470026443024,27.));
#1609 = CARTESIAN_POINT('',(-15.79289050348,-8.480888844945,27.));
#1610 = CARTESIAN_POINT('',(-15.7925884188,-8.491743172215,27.));
#1611 = CARTESIAN_POINT('',(-15.79051617354,-8.551543464834,27.));
#1612 = CARTESIAN_POINT('',(-15.78731760366,-8.60029266777,27.));
#1613 = CARTESIAN_POINT('',(-15.78267697749,-8.648663007981,27.));
#1614 = CARTESIAN_POINT('',(-15.7766378147,-8.696472091763,27.));
#1615 = CARTESIAN_POINT('',(-15.76923541956,-8.743538026982,27.));
#1616 = CARTESIAN_POINT('',(-15.75018599787,-8.844242574549,27.));
#1617 = CARTESIAN_POINT('',(-15.73801093466,-8.897522810147,27.));
#1618 = CARTESIAN_POINT('',(-15.72404289164,-8.949226020266,27.));
#1619 = CARTESIAN_POINT('',(-15.70835066142,-8.999081283964,27.));
#1620 = CARTESIAN_POINT('',(-15.69102494782,-9.046884990284,27.));
#1621 = CARTESIAN_POINT('',(-15.65498888118,-9.134036727611,27.));
#1622 = CARTESIAN_POINT('',(-15.63653590607,-9.173765670364,27.));
#1623 = CARTESIAN_POINT('',(-15.61688346501,-9.211571701917,27.));
#1624 = CARTESIAN_POINT('',(-15.59609868088,-9.247416097503,27.));
#1625 = CARTESIAN_POINT('',(-15.5742327968,-9.281299900219,27.));
#1626 = CARTESIAN_POINT('',(-15.53018190632,-9.342681155089,27.));
#1627 = CARTESIAN_POINT('',(-15.5081546079,-9.370471382557,27.));
#1628 = CARTESIAN_POINT('',(-15.48524945936,-9.396624327843,27.));
#1629 = CARTESIAN_POINT('',(-15.46146800625,-9.421162895737,27.));
#1630 = CARTESIAN_POINT('',(-15.4367965331,-9.444105836085,27.));
#1631 = CARTESIAN_POINT('',(-15.41120784454,-9.465457272621,27.));
#1632 = ORIENTED_EDGE('',*,*,#1633,.T.);
#1633 = EDGE_CURVE('',#1602,#1634,#1636,.T.);
#1634 = VERTEX_POINT('',#1635);
#1635 = CARTESIAN_POINT('',(-15.12046556796,-10.,27.));
#1636 = B_SPLINE_CURVE_WITH_KNOTS('',8,(#1637,#1638,#1639,#1640,#1641,
    #1642,#1643,#1644,#1645,#1646,#1647,#1648,#1649,#1650,#1651,#1652,
    #1653,#1654,#1655,#1656,#1657,#1658,#1659,#1660,#1661,#1662,#1663,
    #1664,#1665,#1666,#1667,#1668,#1669,#1670,#1671,#1672,#1673,#1674,
    #1675,#1676,#1677,#1678,#1679,#1680),.UNSPECIFIED.,.F.,.F.,(9,7,7,7,
    7,7,9),(0.,0.130837539538,0.621620104955,0.749562310869,
    0.839737596961,0.974473783044,1.),.UNSPECIFIED.);
#1637 = CARTESIAN_POINT('',(-16.92464374126,-9.,27.));
#1638 = CARTESIAN_POINT('',(-16.88741913267,-9.,27.));
#1639 = CARTESIAN_POINT('',(-16.85012683545,-9.000539596407,27.));
#1640 = CARTESIAN_POINT('',(-16.81278197402,-9.001617839713,27.));
#1641 = CARTESIAN_POINT('',(-16.77539938968,-9.003234238271,27.));
#1642 = CARTESIAN_POINT('',(-16.73799364067,-9.005388758299,27.));
#1643 = CARTESIAN_POINT('',(-16.70057900211,-9.008081823879,27.));
#1644 = CARTESIAN_POINT('',(-16.663169466,-9.011314316955,27.));
#1645 = CARTESIAN_POINT('',(-16.48552300219,-9.029241392936,27.));
#1646 = CARTESIAN_POINT('',(-16.34589572132,-9.050969273208,27.));
#1647 = CARTESIAN_POINT('',(-16.20719907494,-9.080319760348,27.));
#1648 = CARTESIAN_POINT('',(-16.07005804298,-9.117577603451,27.));
#1649 = CARTESIAN_POINT('',(-15.93538571733,-9.163101756458,27.));
#1650 = CARTESIAN_POINT('',(-15.8045719261,-9.217496223642,27.));
#1651 = CARTESIAN_POINT('',(-15.67932379753,-9.281382403469,27.));
#1652 = CARTESIAN_POINT('',(-15.53190227002,-9.375857645343,27.));
#1653 = CARTESIAN_POINT('',(-15.50200638921,-9.396129705001,27.));
#1654 = CARTESIAN_POINT('',(-15.47275383391,-9.417158688076,27.));
#1655 = CARTESIAN_POINT('',(-15.44421095297,-9.438963966577,27.));
#1656 = CARTESIAN_POINT('',(-15.41645527928,-9.461562797731,27.));
#1657 = CARTESIAN_POINT('',(-15.38957520026,-9.484969642297,27.));
#1658 = CARTESIAN_POINT('',(-15.36366962841,-9.509195482892,27.));
#1659 = CARTESIAN_POINT('',(-15.32135284267,-9.551903868953,27.));
#1660 = CARTESIAN_POINT('',(-15.30439791097,-9.569969269759,27.));
#1661 = CARTESIAN_POINT('',(-15.28802141351,-9.588444793497,27.));
#1662 = CARTESIAN_POINT('',(-15.27226606055,-9.607329277779,27.));
#1663 = CARTESIAN_POINT('',(-15.25717782179,-9.626618393644,27.));
#1664 = CARTESIAN_POINT('',(-15.24280501227,-9.64630409013,27.));
#1665 = CARTESIAN_POINT('',(-15.22919737836,-9.666374038855,27.));
#1666 = CARTESIAN_POINT('',(-15.1972916149,-9.717347258827,27.));
#1667 = CARTESIAN_POINT('',(-15.17998962396,-9.748716944037,27.));
#1668 = CARTESIAN_POINT('',(-15.16468113248,-9.78084461382,27.));
#1669 = CARTESIAN_POINT('',(-15.15153908863,-9.813633273538,27.));
#1670 = CARTESIAN_POINT('',(-15.14071722686,-9.846961934459,27.));
#1671 = CARTESIAN_POINT('',(-15.13233721706,-9.880683615229,27.));
#1672 = CARTESIAN_POINT('',(-15.12647320344,-9.914623864673,27.));
#1673 = CARTESIAN_POINT('',(-15.12250105922,-9.955012871523,27.));
#1674 = CARTESIAN_POINT('',(-15.12195896645,-9.961446836443,27.));
#1675 = CARTESIAN_POINT('',(-15.12150751532,-9.967880450839,27.));
#1676 = CARTESIAN_POINT('',(-15.12114669026,-9.974312471714,27.));
#1677 = CARTESIAN_POINT('',(-15.12087639956,-9.980741662927,27.));
#1678 = CARTESIAN_POINT('',(-15.12069647528,-9.987166795192,27.));
#1679 = CARTESIAN_POINT('',(-15.12060667329,-9.993586646076,27.));
#1680 = CARTESIAN_POINT('',(-15.1206066733,-10.,27.));
#1681 = ORIENTED_EDGE('',*,*,#1682,.F.);
#1682 = EDGE_CURVE('',#1683,#1634,#1685,.T.);
#1683 = VERTEX_POINT('',#1684);
#1684 = CARTESIAN_POINT('',(-15.11868672249,-12.,27.));
#1685 = B_SPLINE_CURVE_WITH_KNOTS('',4,(#1686,#1687,#1688,#1689,#1690),
  .UNSPECIFIED.,.F.,.F.,(5,5),(0.,1.),.PIECEWISE_BEZIER_KNOTS.);
#1686 = CARTESIAN_POINT('',(-15.11868672249,-12.,27.));
#1687 = CARTESIAN_POINT('',(-15.11868672249,-7.,27.));
#1688 = CARTESIAN_POINT('',(-15.11868672249,-2.,27.));
#1689 = CARTESIAN_POINT('',(-15.11868672249,3.,27.));
#1690 = CARTESIAN_POINT('',(-15.11868672249,8.,27.));
#1691 = ORIENTED_EDGE('',*,*,#1692,.T.);
#1692 = EDGE_CURVE('',#1683,#1693,#1695,.T.);
#1693 = VERTEX_POINT('',#1694);
#1694 = CARTESIAN_POINT('',(8.150412246347,-12.,27.));
#1695 = LINE('',#1696,#1697);
#1696 = CARTESIAN_POINT('',(-100.,-12.,27.));
#1697 = VECTOR('',#1698,1.);
#1698 = DIRECTION('',(1.,0.,-0.));
#1699 = ORIENTED_EDGE('',*,*,#1700,.T.);
#1700 = EDGE_CURVE('',#1693,#1701,#1703,.T.);
#1701 = VERTEX_POINT('',#1702);
#1702 = CARTESIAN_POINT('',(8.150432676971,-10.,27.));
#1703 = B_SPLINE_CURVE_WITH_KNOTS('',4,(#1704,#1705,#1706,#1707,#1708),
  .UNSPECIFIED.,.F.,.F.,(5,5),(0.,1.),.PIECEWISE_BEZIER_KNOTS.);
#1704 = CARTESIAN_POINT('',(8.150412246347,-12.,27.));
#1705 = CARTESIAN_POINT('',(8.150412246347,-7.,27.));
#1706 = CARTESIAN_POINT('',(8.150412246347,-2.,27.));
#1707 = CARTESIAN_POINT('',(8.150412246347,3.,27.));
#1708 = CARTESIAN_POINT('',(8.150412246347,8.,27.));
#1709 = ORIENTED_EDGE('',*,*,#1710,.F.);
#1710 = EDGE_CURVE('',#1711,#1701,#1713,.T.);
#1711 = VERTEX_POINT('',#1712);
#1712 = CARTESIAN_POINT('',(9.924189605416,-9.004706890646,27.));
#1713 = B_SPLINE_CURVE_WITH_KNOTS('',6,(#1714,#1715,#1716,#1717,#1718,
    #1719,#1720,#1721,#1722,#1723,#1724,#1725,#1726,#1727,#1728,#1729,
    #1730,#1731,#1732,#1733,#1734,#1735,#1736,#1737,#1738,#1739,#1740,
    #1741,#1742,#1743,#1744,#1745,#1746,#1747,#1748,#1749,#1750),
  .UNSPECIFIED.,.F.,.F.,(7,5,5,5,5,5,5,7),(0.,0.121490892649,
    0.382236550673,0.630903588372,0.753233073662,0.848135905643,
    0.978421678028,1.),.UNSPECIFIED.);
#1714 = CARTESIAN_POINT('',(10.104705519138,-9.,27.));
#1715 = CARTESIAN_POINT('',(10.055741703971,-9.000000000001,27.));
#1716 = CARTESIAN_POINT('',(10.006682334414,-9.000825008051,27.));
#1717 = CARTESIAN_POINT('',(9.957557015803,-9.002472884797,27.));
#1718 = CARTESIAN_POINT('',(9.908394455669,-9.004943441533,27.));
#1719 = CARTESIAN_POINT('',(9.859222463731,-9.0082384402,27.));
#1720 = CARTESIAN_POINT('',(9.704571768167,-9.021210769374,27.));
#1721 = CARTESIAN_POINT('',(9.599170282831,-9.033873975887,27.));
#1722 = CARTESIAN_POINT('',(9.494108808077,-9.050389752457,27.));
#1723 = CARTESIAN_POINT('',(9.389669298841,-9.0708525631,27.));
#1724 = CARTESIAN_POINT('',(9.286178018857,-9.095406137347,27.));
#1725 = CARTESIAN_POINT('',(9.086638228078,-9.151889465168,27.));
#1726 = CARTESIAN_POINT('',(8.990529725312,-9.183407876533,27.));
#1727 = CARTESIAN_POINT('',(8.895994820033,-9.219112301526,27.));
#1728 = CARTESIAN_POINT('',(8.803561996657,-9.259333100032,27.));
#1729 = CARTESIAN_POINT('',(8.713989441266,-9.304440977136,27.));
#1730 = CARTESIAN_POINT('',(8.586370934934,-9.379956949383,27.));
#1731 = CARTESIAN_POINT('',(8.54528382554,-9.406180377959,27.));
#1732 = CARTESIAN_POINT('',(8.505331418438,-9.433798139988,27.));
#1733 = CARTESIAN_POINT('',(8.466710169527,-9.46287814552,27.));
#1734 = CARTESIAN_POINT('',(8.429672099481,-9.493482313977,27.));
#1735 = CARTESIAN_POINT('',(8.367259390273,-9.550629782028,27.));
#1736 = CARTESIAN_POINT('',(8.341136665652,-9.576540795331,27.));
#1737 = CARTESIAN_POINT('',(8.316301443318,-9.603419186826,27.));
#1738 = CARTESIAN_POINT('',(8.292935126983,-9.631271486261,27.));
#1739 = CARTESIAN_POINT('',(8.271243417189,-9.66007925647,27.));
#1740 = CARTESIAN_POINT('',(8.224260405742,-9.730578185444,27.));
#1741 = CARTESIAN_POINT('',(8.200619998624,-9.773100990627,27.));
#1742 = CARTESIAN_POINT('',(8.181139286906,-9.817153316869,27.));
#1743 = CARTESIAN_POINT('',(8.166410780183,-9.862403681427,27.));
#1744 = CARTESIAN_POINT('',(8.15687345227,-9.908358616838,27.));
#1745 = CARTESIAN_POINT('',(8.151843469093,-9.961956533263,27.));
#1746 = CARTESIAN_POINT('',(8.151271956104,-9.969573554072,27.));
#1747 = CARTESIAN_POINT('',(8.150843785961,-9.977189130123,27.));
#1748 = CARTESIAN_POINT('',(8.150558831657,-9.984800530675,27.));
#1749 = CARTESIAN_POINT('',(8.150416692098,-9.992405048523,27.));
#1750 = CARTESIAN_POINT('',(8.150416692098,-10.,27.));
#1751 = ORIENTED_EDGE('',*,*,#1752,.T.);
#1752 = EDGE_CURVE('',#1711,#1753,#1755,.T.);
#1753 = VERTEX_POINT('',#1754);
#1754 = CARTESIAN_POINT('',(10.095496788185,-8.988924665158,27.));
#1755 = B_SPLINE_CURVE_WITH_KNOTS('',5,(#1756,#1757,#1758,#1759,#1760,
    #1761),.UNSPECIFIED.,.F.,.F.,(6,6),(0.,1.),
  .PIECEWISE_BEZIER_KNOTS.);
#1756 = CARTESIAN_POINT('',(9.923916094148,-9.004596343365,27.));
#1757 = CARTESIAN_POINT('',(9.957578762979,-9.002868725917,27.));
#1758 = CARTESIAN_POINT('',(9.991580187926,-9.000351088762,27.));
#1759 = CARTESIAN_POINT('',(10.025902697279,-8.997117195541,27.));
#1760 = CARTESIAN_POINT('',(10.060545796074,-8.993276110569,27.));
#1761 = CARTESIAN_POINT('',(10.095496788185,-8.988924665158,27.));
#1762 = ORIENTED_EDGE('',*,*,#1763,.F.);
#1763 = EDGE_CURVE('',#1764,#1753,#1766,.T.);
#1764 = VERTEX_POINT('',#1765);
#1765 = CARTESIAN_POINT('',(11.631501248699,-8.258341255213,27.));
#1766 = B_SPLINE_CURVE_WITH_KNOTS('',7,(#1767,#1768,#1769,#1770,#1771,
    #1772,#1773,#1774,#1775,#1776,#1777,#1778,#1779,#1780,#1781,#1782,
    #1783,#1784,#1785,#1786,#1787,#1788,#1789,#1790,#1791,#1792,#1793,
    #1794,#1795,#1796,#1797,#1798),.UNSPECIFIED.,.F.,.F.,(8,6,6,6,6,8),(
    0.,8.301067101747E-02,0.183849904715,0.360420109386,0.667141834234,
    1.),.UNSPECIFIED.);
#1767 = CARTESIAN_POINT('',(11.631501248699,-8.258341255213,27.));
#1768 = CARTESIAN_POINT('',(11.611593462568,-8.258341255213,27.));
#1769 = CARTESIAN_POINT('',(11.591688577262,-8.260012727253,27.));
#1770 = CARTESIAN_POINT('',(11.571987293556,-8.263359450703,27.));
#1771 = CARTESIAN_POINT('',(11.552596778101,-8.268189146571,27.));
#1772 = CARTESIAN_POINT('',(11.533569077587,-8.274243655813,27.));
#1773 = CARTESIAN_POINT('',(11.514920361182,-8.281281780314,27.));
#1774 = CARTESIAN_POINT('',(11.474413533816,-8.298630121583,27.));
#1775 = CARTESIAN_POINT('',(11.452713137005,-8.309323405123,27.));
#1776 = CARTESIAN_POINT('',(11.431433727739,-8.320881333673,27.));
#1777 = CARTESIAN_POINT('',(11.410500242877,-8.333074672233,27.));
#1778 = CARTESIAN_POINT('',(11.389848267779,-8.345742916123,27.));
#1779 = CARTESIAN_POINT('',(11.369413674884,-8.358778952799,27.));
#1780 = CARTESIAN_POINT('',(11.313591856638,-8.395463000897,27.));
#1781 = CARTESIAN_POINT('',(11.278559667541,-8.419690227487,27.));
#1782 = CARTESIAN_POINT('',(11.243720356216,-8.444367620171,27.));
#1783 = CARTESIAN_POINT('',(11.208926400902,-8.46927712298,27.));
#1784 = CARTESIAN_POINT('',(11.174055251127,-8.494247703302,27.));
#1785 = CARTESIAN_POINT('',(11.139013579945,-8.519161429789,27.));
#1786 = CARTESIAN_POINT('',(11.042390149191,-8.586934416336,27.));
#1787 = CARTESIAN_POINT('',(10.980324645953,-8.629457303958,27.));
#1788 = CARTESIAN_POINT('',(10.917128071757,-8.670945749402,27.));
#1789 = CARTESIAN_POINT('',(10.852611206245,-8.710999192892,27.));
#1790 = CARTESIAN_POINT('',(10.786643667171,-8.749202044362,27.));
#1791 = CARTESIAN_POINT('',(10.7191832534,-8.785156171294,27.));
#1792 = CARTESIAN_POINT('',(10.575453772147,-8.85461168211,27.));
#1793 = CARTESIAN_POINT('',(10.498923741518,-8.887643324337,27.));
#1794 = CARTESIAN_POINT('',(10.420711646927,-8.917048641133,27.));
#1795 = CARTESIAN_POINT('',(10.340965028886,-8.94232824774,27.));
#1796 = CARTESIAN_POINT('',(10.259932015083,-8.96300757931,27.));
#1797 = CARTESIAN_POINT('',(10.177960471877,-8.978657826663,27.));
#1798 = CARTESIAN_POINT('',(10.095496788185,-8.988924665158,27.));
#1799 = ORIENTED_EDGE('',*,*,#1800,.T.);
#1800 = EDGE_CURVE('',#1764,#1801,#1803,.T.);
#1801 = VERTEX_POINT('',#1802);
#1802 = CARTESIAN_POINT('',(19.211110632734,-8.258341255213,27.));
#1803 = LINE('',#1804,#1805);
#1804 = CARTESIAN_POINT('',(7.427999390689E-03,-8.258341255213,27.));
#1805 = VECTOR('',#1806,1.);
#1806 = DIRECTION('',(1.,0.,0.));
#1807 = ORIENTED_EDGE('',*,*,#1808,.F.);
#1808 = EDGE_CURVE('',#1178,#1801,#1809,.T.);
#1809 = CIRCLE('',#1810,0.258341255213);
#1810 = AXIS2_PLACEMENT_3D('',#1811,#1812,#1813);
#1811 = CARTESIAN_POINT('',(19.211110632734,-8.,27.));
#1812 = DIRECTION('',(0.,0.,-1.));
#1813 = DIRECTION('',(-1.,0.,0.));
#1814 = ORIENTED_EDGE('',*,*,#1186,.T.);
#1815 = ORIENTED_EDGE('',*,*,#1816,.T.);
#1816 = EDGE_CURVE('',#1168,#1431,#1817,.T.);
#1817 = CIRCLE('',#1818,0.258341255213);
#1818 = AXIS2_PLACEMENT_3D('',#1819,#1820,#1821);
#1819 = CARTESIAN_POINT('',(19.211110632734,4.,27.));
#1820 = DIRECTION('',(0.,0.,1.));
#1821 = DIRECTION('',(0.,-1.,0.));
#1822 = ORIENTED_EDGE('',*,*,#1430,.T.);
#1823 = ORIENTED_EDGE('',*,*,#1463,.T.);
#1824 = ORIENTED_EDGE('',*,*,#1825,.F.);
#1825 = EDGE_CURVE('',#1265,#1464,#1826,.T.);
#1826 = B_SPLINE_CURVE_WITH_KNOTS('',5,(#1827,#1828,#1829,#1830,#1831,
    #1832),.UNSPECIFIED.,.F.,.F.,(6,6),(0.,1.),
  .PIECEWISE_BEZIER_KNOTS.);
#1827 = CARTESIAN_POINT('',(9.923916094158,5.004596343368,27.));
#1828 = CARTESIAN_POINT('',(9.957578762987,5.002868725919,27.));
#1829 = CARTESIAN_POINT('',(9.991580187932,5.000351088764,27.));
#1830 = CARTESIAN_POINT('',(10.025902697283,4.997117195541,27.));
#1831 = CARTESIAN_POINT('',(10.060545796076,4.993276110569,27.));
#1832 = CARTESIAN_POINT('',(10.095496788185,4.988924665158,27.));
#1833 = ORIENTED_EDGE('',*,*,#1353,.T.);
#1834 = ORIENTED_EDGE('',*,*,#1835,.T.);
#1835 = EDGE_CURVE('',#1338,#1583,#1836,.T.);
#1836 = B_SPLINE_CURVE_WITH_KNOTS('',4,(#1837,#1838,#1839,#1840,#1841),
  .UNSPECIFIED.,.F.,.F.,(5,5),(0.,1.),.PIECEWISE_BEZIER_KNOTS.);
#1837 = CARTESIAN_POINT('',(8.150412246347,-12.,27.));
#1838 = CARTESIAN_POINT('',(8.150412246347,-7.,27.));
#1839 = CARTESIAN_POINT('',(8.150412246347,-2.,27.));
#1840 = CARTESIAN_POINT('',(8.150412246347,3.,27.));
#1841 = CARTESIAN_POINT('',(8.150412246347,8.,27.));
#1842 = PLANE('',#1843);
#1843 = AXIS2_PLACEMENT_3D('',#1844,#1845,#1846);
#1844 = CARTESIAN_POINT('',(-100.,-12.,27.));
#1845 = DIRECTION('',(0.,0.,1.));
#1846 = DIRECTION('',(1.,0.,-0.));
#1847 = ADVANCED_FACE('',(#1848),#1861,.T.);
#1848 = FACE_BOUND('',#1849,.T.);
#1849 = EDGE_LOOP('',(#1850,#1851,#1852,#1853));
#1850 = ORIENTED_EDGE('',*,*,#828,.F.);
#1851 = ORIENTED_EDGE('',*,*,#804,.T.);
#1852 = ORIENTED_EDGE('',*,*,#1601,.T.);
#1853 = ORIENTED_EDGE('',*,*,#1854,.F.);
#1854 = EDGE_CURVE('',#829,#1602,#1855,.T.);
#1855 = B_SPLINE_CURVE_WITH_KNOTS('',3,(#1856,#1857,#1858,#1859,#1860),
  .UNSPECIFIED.,.F.,.F.,(4,1,4),(4.24918736097E-18,9.634637967988E-04,
    1.926927593598E-03),.UNSPECIFIED.);
#1856 = CARTESIAN_POINT('',(-15.06566185804,-9.160689352515,
    27.564672350066));
#1857 = CARTESIAN_POINT('',(-15.16865635408,-9.285196382031,
    27.280426221335));
#1858 = CARTESIAN_POINT('',(-15.53340851424,-9.567264991804,
    26.82122297562));
#1859 = CARTESIAN_POINT('',(-15.9771705387,-9.856523914082,
    26.445849027764));
#1860 = CARTESIAN_POINT('',(-16.21182809924,-10.,26.28004561522));
#1861 = ( BOUNDED_SURFACE() B_SPLINE_SURFACE(3,2,(
    (#1862,#1863,#1864)
    ,(#1865,#1866,#1867)
    ,(#1868,#1869,#1870)
    ,(#1871,#1872,#1873)
    ,(#1874,#1875,#1876
)),.UNSPECIFIED.,.F.,.F.,.F.) B_SPLINE_SURFACE_WITH_KNOTS((4,1,4),(3,3),
  (1.127570259385E-17,1.267062607466E-03,2.534125214932E-03),(0.,1.),
.UNSPECIFIED.) GEOMETRIC_REPRESENTATION_ITEM() RATIONAL_B_SPLINE_SURFACE
((
    (1.,0.798990766774,1.)
    ,(1.,0.853868603731,1.)
    ,(1.,0.962289670362,1.)
    ,(1.,0.999999999944,1.)
,(1.,1.,1.))) REPRESENTATION_ITEM('') SURFACE() );
#1862 = CARTESIAN_POINT('',(-15.78888936726,-8.32137870503,
    27.096746474135));
#1863 = CARTESIAN_POINT('',(-15.78888936726,-8.978747698759,
    27.463237669168));
#1864 = CARTESIAN_POINT('',(-15.06566185804,-9.160689352515,
    27.564672350066));
#1865 = CARTESIAN_POINT('',(-15.78888936726,-8.531861111059,
    26.907977161803));
#1866 = CARTESIAN_POINT('',(-15.72415333842,-9.014074765603,
    27.301809145138));
#1867 = CARTESIAN_POINT('',(-15.15271932753,-9.265930535962,
    27.32440959847));
#1868 = CARTESIAN_POINT('',(-15.88826147075,-9.071935604046,
    26.586669365241));
#1869 = CARTESIAN_POINT('',(-15.71496804025,-9.274101117831,
    26.815699095863));
#1870 = CARTESIAN_POINT('',(-15.48529293238,-9.535967811806,
    26.861578786298));
#1871 = CARTESIAN_POINT('',(-16.09301897286,-9.693843201957,
    26.363993298602));
#1872 = CARTESIAN_POINT('',(-16.02724128847,-9.770382385565,
    26.410470234957));
#1873 = CARTESIAN_POINT('',(-15.96146362979,-9.846921600979,
    26.456947153441));
#1874 = CARTESIAN_POINT('',(-16.21182809924,-10.,26.28004561522));
#1875 = CARTESIAN_POINT('',(-16.21182809924,-10.,26.28004561522));
#1876 = CARTESIAN_POINT('',(-16.21182809924,-10.,26.28004561522));
#1877 = ADVANCED_FACE('',(#1878),#1923,.F.);
#1878 = FACE_BOUND('',#1879,.F.);
#1879 = EDGE_LOOP('',(#1880,#1881,#1896,#1906,#1907,#1921,#1922));
#1880 = ORIENTED_EDGE('',*,*,#837,.F.);
#1881 = ORIENTED_EDGE('',*,*,#1882,.T.);
#1882 = EDGE_CURVE('',#838,#1883,#1885,.T.);
#1883 = VERTEX_POINT('',#1884);
#1884 = CARTESIAN_POINT('',(9.972374349721,-9.,27.082878657015));
#1885 = B_SPLINE_CURVE_WITH_KNOTS('',3,(#1886,#1887,#1888,#1889,#1890,
    #1891,#1892,#1893,#1894,#1895),.UNSPECIFIED.,.F.,.F.,(4,1,1,1,1,1,1,
    4),(1.157237739088E-03,7.678557042152E-03,1.093921669368E-02,
    1.419987634522E-02,1.746053599675E-02,2.072119564828E-02,
    2.398185529981E-02,2.724251495134E-02),.UNSPECIFIED.);
#1886 = CARTESIAN_POINT('',(-14.78888936726,-9.,28.34922198811));
#1887 = CARTESIAN_POINT('',(-12.88472326077,-9.,29.401984901464));
#1888 = CARTESIAN_POINT('',(-9.792202325659,-9.,30.543510701988));
#1889 = CARTESIAN_POINT('',(-5.513498399282,-9.,31.137688514015));
#1890 = CARTESIAN_POINT('',(-2.224757504564,-9.,31.153293586863));
#1891 = CARTESIAN_POINT('',(0.974539492048,-9.,30.776152012754));
#1892 = CARTESIAN_POINT('',(4.125695675337,-9.,29.963197464555));
#1893 = CARTESIAN_POINT('',(7.154298005511,-9.,28.715119509054));
#1894 = CARTESIAN_POINT('',(9.048772576132,-9.,27.662116719182));
#1895 = CARTESIAN_POINT('',(9.972374349721,-9.,27.082878657015));
#1896 = ORIENTED_EDGE('',*,*,#1897,.T.);
#1897 = EDGE_CURVE('',#1883,#1711,#1898,.T.);
#1898 = B_SPLINE_CURVE_WITH_KNOTS('',3,(#1899,#1900,#1901,#1902,#1903,
    #1904,#1905),.UNSPECIFIED.,.F.,.F.,(4,1,1,1,4),(0.,
    6.529895096683E-04,1.305979019337E-03,1.958968529005E-03,
    2.611958038673E-03),.UNSPECIFIED.);
#1899 = CARTESIAN_POINT('',(9.972374349721,-9.,27.082878657015));
#1900 = CARTESIAN_POINT('',(9.842955591773,-9.,26.903397907149));
#1901 = CARTESIAN_POINT('',(9.879598871816,-9.149158137882,
    26.445462018247));
#1902 = CARTESIAN_POINT('',(10.192412633504,-9.421831573163,
    25.948161339482));
#1903 = CARTESIAN_POINT('',(10.587625479335,-9.708969743024,
    25.514627710685));
#1904 = CARTESIAN_POINT('',(10.888466641892,-9.902703329771,
    25.269052851198));
#1905 = CARTESIAN_POINT('',(11.046360347429,-10.,25.155122082509));
#1906 = ORIENTED_EDGE('',*,*,#1710,.T.);
#1907 = ORIENTED_EDGE('',*,*,#1908,.T.);
#1908 = EDGE_CURVE('',#1701,#1634,#1909,.T.);
#1909 = B_SPLINE_CURVE_WITH_KNOTS('',3,(#1910,#1911,#1912,#1913,#1914,
    #1915,#1916,#1917,#1918,#1919,#1920),.UNSPECIFIED.,.F.,.F.,(4,1,1,1,
    1,1,1,1,4),(0.,3.665317527322E-03,7.330635054645E-03,
    1.099595258197E-02,1.466127010929E-02,1.832658763661E-02,
    2.199190516394E-02,2.565722269126E-02,2.932254021858E-02),
  .UNSPECIFIED.);
#1910 = CARTESIAN_POINT('',(11.046360347429,-10.,25.155122082509));
#1911 = CARTESIAN_POINT('',(10.055586255368,-10.,25.870031227497));
#1912 = CARTESIAN_POINT('',(8.005511727113,-10.,27.16687814921));
#1913 = CARTESIAN_POINT('',(4.709255283075,-10.,28.713773144469));
#1914 = CARTESIAN_POINT('',(1.182743676022,-10.,29.742322744941));
#1915 = CARTESIAN_POINT('',(-2.397149856692,-10.,30.181133771444));
#1916 = CARTESIAN_POINT('',(-6.089123504553,-10.,30.108670306114));
#1917 = CARTESIAN_POINT('',(-9.651389217317,-10.,29.467551327515));
#1918 = CARTESIAN_POINT('',(-13.10971327401,-10.,28.203638494819));
#1919 = CARTESIAN_POINT('',(-15.21217348539,-10.,26.986377624977));
#1920 = CARTESIAN_POINT('',(-16.21182809924,-10.,26.28004561522));
#1921 = ORIENTED_EDGE('',*,*,#1633,.F.);
#1922 = ORIENTED_EDGE('',*,*,#1854,.F.);
#1923 = ( BOUNDED_SURFACE() B_SPLINE_SURFACE(3,2,(
    (#1924,#1925,#1926)
    ,(#1927,#1928,#1929)
    ,(#1930,#1931,#1932)
    ,(#1933,#1934,#1935)
    ,(#1936,#1937,#1938)
    ,(#1939,#1940,#1941)
    ,(#1942,#1943,#1944)
    ,(#1945,#1946,#1947)
    ,(#1948,#1949,#1950)
    ,(#1951,#1952,#1953)
    ,(#1954,#1955,#1956
)),.UNSPECIFIED.,.F.,.F.,.F.) B_SPLINE_SURFACE_WITH_KNOTS((4,1,1,1,1,1,1
    ,1,4),(3,3),(7.632584524189E-02,8.01314973987E-02,8.39371495555E-02,
    8.774280171231E-02,9.154845386912E-02,9.535410602592E-02,
    9.915975818273E-02,0.10296541034,0.106771062496),(0.,1.),
.UNSPECIFIED.) GEOMETRIC_REPRESENTATION_ITEM() RATIONAL_B_SPLINE_SURFACE
((
    (1.,0.707106781187,1.)
    ,(1.,0.707106781187,1.)
    ,(1.,0.707106781187,1.)
    ,(1.,0.707106781187,1.)
    ,(1.,0.707106781187,1.)
    ,(1.,0.707106781187,1.)
    ,(1.,0.707106781187,1.)
    ,(1.,0.707106781187,1.)
    ,(1.,0.707106781187,1.)
    ,(1.,0.707106781187,1.)
,(1.,0.707106781187,1.))) REPRESENTATION_ITEM('') SURFACE() );
#1924 = CARTESIAN_POINT('',(-16.93703957637,-9.,26.991082649391));
#1925 = CARTESIAN_POINT('',(-16.35277534498,-9.,26.179519153459));
#1926 = CARTESIAN_POINT('',(-16.35277534498,-10.,26.179519153459));
#1927 = CARTESIAN_POINT('',(-15.89876531807,-9.,27.738561451662));
#1928 = CARTESIAN_POINT('',(-15.3651938294,-9.,26.890503021817));
#1929 = CARTESIAN_POINT('',(-15.3651938302,-10.,26.890503022933));
#1930 = CARTESIAN_POINT('',(-13.7070298406,-9.,29.033797382052));
#1931 = CARTESIAN_POINT('',(-13.27098025533,-9.,28.128259013773));
#1932 = CARTESIAN_POINT('',(-13.27098025496,-10.,28.128259013255));
#1933 = CARTESIAN_POINT('',(-10.06192331301,-9.,30.399681252899));
#1934 = CARTESIAN_POINT('',(-9.795450481509,-9.,29.43039240249));
#1935 = CARTESIAN_POINT('',(-9.795450481609,-10.,29.430392402629));
#1936 = CARTESIAN_POINT('',(-6.30486422395,-9.,31.098701895451));
#1937 = CARTESIAN_POINT('',(-6.203155208949,-9.,30.099673870436));
#1938 = CARTESIAN_POINT('',(-6.203155208923,-10.,30.099673870398));
#1939 = CARTESIAN_POINT('',(-2.405300155039,-9.,31.189287099748));
#1940 = CARTESIAN_POINT('',(-2.455664733687,-9.,30.187113971658));
#1941 = CARTESIAN_POINT('',(-2.455664733692,-10.,30.187113971671));
#1942 = CARTESIAN_POINT('',(1.376555426583,-9.,30.730143163707));
#1943 = CARTESIAN_POINT('',(1.179447752955,-8.999999999998,
    29.745211872596));
#1944 = CARTESIAN_POINT('',(1.179447752948,-10.,29.745211872583));
#1945 = CARTESIAN_POINT('',(5.101031410091,-9.,29.641526268015));
#1946 = CARTESIAN_POINT('',(4.738390582693,-9.000000000006,
    28.704942503395));
#1947 = CARTESIAN_POINT('',(4.738390582723,-10.,28.704942503433));
#1948 = CARTESIAN_POINT('',(8.576574608533,-9.,28.000498089139));
#1949 = CARTESIAN_POINT('',(8.089081690503,-8.999999999978,
    27.124530261812));
#1950 = CARTESIAN_POINT('',(8.089081690388,-10.,27.124530261671));
#1951 = CARTESIAN_POINT('',(10.739334742519,-9.,26.618815194759));
#1952 = CARTESIAN_POINT('',(10.184023394026,-9.000000000048,
    25.786058679758));
#1953 = CARTESIAN_POINT('',(10.184023394275,-10.,25.786058680061));
#1954 = CARTESIAN_POINT('',(11.779977067128,-9.,25.858229835151));
#1955 = CARTESIAN_POINT('',(11.189901829034,-9.,25.050881574864));
#1956 = CARTESIAN_POINT('',(11.189901829034,-10.,25.050881574864));
#1957 = ADVANCED_FACE('',(#1958,#1969,#1980),#2006,.F.);
#1958 = FACE_BOUND('',#1959,.T.);
#1959 = EDGE_LOOP('',(#1960));
#1960 = ORIENTED_EDGE('',*,*,#1961,.F.);
#1961 = EDGE_CURVE('',#1962,#1962,#1964,.T.);
#1962 = VERTEX_POINT('',#1963);
#1963 = CARTESIAN_POINT('',(-5.788889367266,-9.,32.479677235857));
#1964 = CIRCLE('',#1965,1.65);
#1965 = AXIS2_PLACEMENT_3D('',#1966,#1967,#1968);
#1966 = CARTESIAN_POINT('',(-5.788889367266,-9.,34.129677235857));
#1967 = DIRECTION('',(0.,-1.,0.));
#1968 = DIRECTION('',(0.,0.,-1.));
#1969 = FACE_BOUND('',#1970,.T.);
#1970 = EDGE_LOOP('',(#1971));
#1971 = ORIENTED_EDGE('',*,*,#1972,.F.);
#1972 = EDGE_CURVE('',#1973,#1973,#1975,.T.);
#1973 = VERTEX_POINT('',#1974);
#1974 = CARTESIAN_POINT('',(10.211110632734,-9.,32.479677235857));
#1975 = CIRCLE('',#1976,1.65);
#1976 = AXIS2_PLACEMENT_3D('',#1977,#1978,#1979);
#1977 = CARTESIAN_POINT('',(10.211110632734,-9.,34.129677235857));
#1978 = DIRECTION('',(0.,-1.,0.));
#1979 = DIRECTION('',(0.,0.,-1.));
#1980 = FACE_BOUND('',#1981,.T.);
#1981 = EDGE_LOOP('',(#1982,#1988,#1989,#1990,#1999,#2005));
#1982 = ORIENTED_EDGE('',*,*,#1983,.T.);
#1983 = EDGE_CURVE('',#1145,#872,#1984,.T.);
#1984 = LINE('',#1985,#1986);
#1985 = CARTESIAN_POINT('',(-15.78888936726,-9.,39.129677235857));
#1986 = VECTOR('',#1987,1.);
#1987 = DIRECTION('',(-1.,0.,0.));
#1988 = ORIENTED_EDGE('',*,*,#871,.F.);
#1989 = ORIENTED_EDGE('',*,*,#1882,.T.);
#1990 = ORIENTED_EDGE('',*,*,#1991,.T.);
#1991 = EDGE_CURVE('',#1883,#1992,#1994,.T.);
#1992 = VERTEX_POINT('',#1993);
#1993 = CARTESIAN_POINT('',(11.631501248699,-9.,27.966053723069));
#1994 = CIRCLE('',#1995,2.);
#1995 = AXIS2_PLACEMENT_3D('',#1996,#1997,#1998);
#1996 = CARTESIAN_POINT('',(11.631501248699,-9.,25.966053723069));
#1997 = DIRECTION('',(0.,1.,0.));
#1998 = DIRECTION('',(0.,-0.,1.));
#1999 = ORIENTED_EDGE('',*,*,#2000,.T.);
#2000 = EDGE_CURVE('',#1992,#1135,#2001,.T.);
#2001 = LINE('',#2002,#2003);
#2002 = CARTESIAN_POINT('',(7.427999390689E-03,-9.,27.966053723069));
#2003 = VECTOR('',#2004,1.);
#2004 = DIRECTION('',(1.,0.,0.));
#2005 = ORIENTED_EDGE('',*,*,#1153,.T.);
#2006 = PLANE('',#2007);
#2007 = AXIS2_PLACEMENT_3D('',#2008,#2009,#2010);
#2008 = CARTESIAN_POINT('',(7.427999390689E-03,-9.,3.511195587262));
#2009 = DIRECTION('',(0.,1.,0.));
#2010 = DIRECTION('',(-1.,0.,0.));
#2011 = ADVANCED_FACE('',(#2012),#2023,.T.);
#2012 = FACE_BOUND('',#2013,.T.);
#2013 = EDGE_LOOP('',(#2014,#2015,#2022));
#2014 = ORIENTED_EDGE('',*,*,#879,.T.);
#2015 = ORIENTED_EDGE('',*,*,#2016,.T.);
#2016 = EDGE_CURVE('',#872,#896,#2017,.T.);
#2017 = CIRCLE('',#2018,1.);
#2018 = AXIS2_PLACEMENT_3D('',#2019,#2020,#2021);
#2019 = CARTESIAN_POINT('',(-14.78888936726,-8.,39.129677235857));
#2020 = DIRECTION('',(-1.,0.,0.));
#2021 = DIRECTION('',(0.,0.,1.));
#2022 = ORIENTED_EDGE('',*,*,#895,.T.);
#2023 = SPHERICAL_SURFACE('',#2024,1.);
#2024 = AXIS2_PLACEMENT_3D('',#2025,#2026,#2027);
#2025 = CARTESIAN_POINT('',(-14.78888936726,-8.,39.129677235857));
#2026 = DIRECTION('',(0.,-1.,0.));
#2027 = DIRECTION('',(0.,0.,-1.));
#2028 = ADVANCED_FACE('',(#2029),#2045,.T.);
#2029 = FACE_BOUND('',#2030,.T.);
#2030 = EDGE_LOOP('',(#2031,#2037,#2038,#2044));
#2031 = ORIENTED_EDGE('',*,*,#2032,.F.);
#2032 = EDGE_CURVE('',#905,#1112,#2033,.T.);
#2033 = LINE('',#2034,#2035);
#2034 = CARTESIAN_POINT('',(2.211110632734,-7.,40.129677235857));
#2035 = VECTOR('',#2036,1.);
#2036 = DIRECTION('',(1.,0.,0.));
#2037 = ORIENTED_EDGE('',*,*,#904,.F.);
#2038 = ORIENTED_EDGE('',*,*,#2039,.F.);
#2039 = EDGE_CURVE('',#1102,#896,#2040,.T.);
#2040 = LINE('',#2041,#2042);
#2041 = CARTESIAN_POINT('',(20.211110632735,-8.,40.129677235857));
#2042 = VECTOR('',#2043,1.);
#2043 = DIRECTION('',(-1.,0.,0.));
#2044 = ORIENTED_EDGE('',*,*,#1120,.T.);
#2045 = PLANE('',#2046);
#2046 = AXIS2_PLACEMENT_3D('',#2047,#2048,#2049);
#2047 = CARTESIAN_POINT('',(2.211110632734,-2.,40.129677235857));
#2048 = DIRECTION('',(0.,0.,1.));
#2049 = DIRECTION('',(1.,0.,-0.));
#2050 = ADVANCED_FACE('',(#2051),#2062,.T.);
#2051 = FACE_BOUND('',#2052,.T.);
#2052 = EDGE_LOOP('',(#2053,#2054,#2061));
#2053 = ORIENTED_EDGE('',*,*,#912,.T.);
#2054 = ORIENTED_EDGE('',*,*,#2055,.T.);
#2055 = EDGE_CURVE('',#905,#929,#2056,.T.);
#2056 = CIRCLE('',#2057,1.);
#2057 = AXIS2_PLACEMENT_3D('',#2058,#2059,#2060);
#2058 = CARTESIAN_POINT('',(-14.78888936726,-7.,39.129677235857));
#2059 = DIRECTION('',(-1.,0.,0.));
#2060 = DIRECTION('',(0.,0.,1.));
#2061 = ORIENTED_EDGE('',*,*,#928,.T.);
#2062 = SPHERICAL_SURFACE('',#2063,1.);
#2063 = AXIS2_PLACEMENT_3D('',#2064,#2065,#2066);
#2064 = CARTESIAN_POINT('',(-14.78888936726,-7.,39.129677235857));
#2065 = DIRECTION('',(0.,0.,1.));
#2066 = DIRECTION('',(1.,0.,-0.));
#2067 = ADVANCED_FACE('',(#2068,#2079,#2099),#2119,.T.);
#2068 = FACE_BOUND('',#2069,.T.);
#2069 = EDGE_LOOP('',(#2070,#2071,#2072,#2073));
#2070 = ORIENTED_EDGE('',*,*,#1087,.T.);
#2071 = ORIENTED_EDGE('',*,*,#1007,.F.);
#2072 = ORIENTED_EDGE('',*,*,#937,.F.);
#2073 = ORIENTED_EDGE('',*,*,#2074,.T.);
#2074 = EDGE_CURVE('',#929,#1077,#2075,.T.);
#2075 = LINE('',#2076,#2077);
#2076 = CARTESIAN_POINT('',(2.211110632734,-6.,39.129677235857));
#2077 = VECTOR('',#2078,1.);
#2078 = DIRECTION('',(1.,0.,0.));
#2079 = FACE_BOUND('',#2080,.T.);
#2080 = EDGE_LOOP('',(#2081,#2092));
#2081 = ORIENTED_EDGE('',*,*,#2082,.F.);
#2082 = EDGE_CURVE('',#2083,#2085,#2087,.T.);
#2083 = VERTEX_POINT('',#2084);
#2084 = CARTESIAN_POINT('',(-5.788889367266,-6.,35.779677235857));
#2085 = VERTEX_POINT('',#2086);
#2086 = CARTESIAN_POINT('',(-5.788889367266,-6.,32.479677235857));
#2087 = CIRCLE('',#2088,1.65);
#2088 = AXIS2_PLACEMENT_3D('',#2089,#2090,#2091);
#2089 = CARTESIAN_POINT('',(-5.788889367266,-6.,34.129677235857));
#2090 = DIRECTION('',(0.,1.,0.));
#2091 = DIRECTION('',(0.,-0.,1.));
#2092 = ORIENTED_EDGE('',*,*,#2093,.F.);
#2093 = EDGE_CURVE('',#2085,#2083,#2094,.T.);
#2094 = CIRCLE('',#2095,1.65);
#2095 = AXIS2_PLACEMENT_3D('',#2096,#2097,#2098);
#2096 = CARTESIAN_POINT('',(-5.788889367266,-6.,34.129677235857));
#2097 = DIRECTION('',(0.,1.,0.));
#2098 = DIRECTION('',(0.,-0.,1.));
#2099 = FACE_BOUND('',#2100,.T.);
#2100 = EDGE_LOOP('',(#2101,#2112));
#2101 = ORIENTED_EDGE('',*,*,#2102,.F.);
#2102 = EDGE_CURVE('',#2103,#2105,#2107,.T.);
#2103 = VERTEX_POINT('',#2104);
#2104 = CARTESIAN_POINT('',(10.211110632734,-6.,35.779677235857));
#2105 = VERTEX_POINT('',#2106);
#2106 = CARTESIAN_POINT('',(10.211110632734,-6.,32.479677235857));
#2107 = CIRCLE('',#2108,1.65);
#2108 = AXIS2_PLACEMENT_3D('',#2109,#2110,#2111);
#2109 = CARTESIAN_POINT('',(10.211110632734,-6.,34.129677235857));
#2110 = DIRECTION('',(0.,1.,0.));
#2111 = DIRECTION('',(0.,-0.,1.));
#2112 = ORIENTED_EDGE('',*,*,#2113,.F.);
#2113 = EDGE_CURVE('',#2105,#2103,#2114,.T.);
#2114 = CIRCLE('',#2115,1.65);
#2115 = AXIS2_PLACEMENT_3D('',#2116,#2117,#2118);
#2116 = CARTESIAN_POINT('',(10.211110632734,-6.,34.129677235857));
#2117 = DIRECTION('',(0.,1.,0.));
#2118 = DIRECTION('',(0.,-0.,1.));
#2119 = PLANE('',#2120);
#2120 = AXIS2_PLACEMENT_3D('',#2121,#2122,#2123);
#2121 = CARTESIAN_POINT('',(2.211110632734,-6.,48.129677235857));
#2122 = DIRECTION('',(0.,1.,0.));
#2123 = DIRECTION('',(0.,-0.,1.));
#2124 = ADVANCED_FACE('',(#2125),#2130,.T.);
#2125 = FACE_BOUND('',#2126,.T.);
#2126 = EDGE_LOOP('',(#2127,#2128,#2129));
#2127 = ORIENTED_EDGE('',*,*,#1208,.T.);
#2128 = ORIENTED_EDGE('',*,*,#1224,.T.);
#2129 = ORIENTED_EDGE('',*,*,#1040,.T.);
#2130 = SPHERICAL_SURFACE('',#2131,1.);
#2131 = AXIS2_PLACEMENT_3D('',#2132,#2133,#2134);
#2132 = CARTESIAN_POINT('',(19.211110632734,4.,37.129677235857));
#2133 = DIRECTION('',(0.,1.,0.));
#2134 = DIRECTION('',(0.,-0.,1.));
#2135 = ADVANCED_FACE('',(#2136),#2147,.T.);
#2136 = FACE_BOUND('',#2137,.T.);
#2137 = EDGE_LOOP('',(#2138,#2145,#2146));
#2138 = ORIENTED_EDGE('',*,*,#2139,.T.);
#2139 = EDGE_CURVE('',#1077,#1112,#2140,.T.);
#2140 = CIRCLE('',#2141,1.);
#2141 = AXIS2_PLACEMENT_3D('',#2142,#2143,#2144);
#2142 = CARTESIAN_POINT('',(19.211110632734,-7.,39.129677235857));
#2143 = DIRECTION('',(1.,0.,0.));
#2144 = DIRECTION('',(0.,0.,-1.));
#2145 = ORIENTED_EDGE('',*,*,#1111,.T.);
#2146 = ORIENTED_EDGE('',*,*,#1076,.T.);
#2147 = SPHERICAL_SURFACE('',#2148,1.);
#2148 = AXIS2_PLACEMENT_3D('',#2149,#2150,#2151);
#2149 = CARTESIAN_POINT('',(19.211110632734,-7.,39.129677235857));
#2150 = DIRECTION('',(0.,0.,1.));
#2151 = DIRECTION('',(1.,0.,-0.));
#2152 = ADVANCED_FACE('',(#2153),#2164,.T.);
#2153 = FACE_BOUND('',#2154,.T.);
#2154 = EDGE_LOOP('',(#2155,#2162,#2163));
#2155 = ORIENTED_EDGE('',*,*,#2156,.T.);
#2156 = EDGE_CURVE('',#1102,#1145,#2157,.T.);
#2157 = CIRCLE('',#2158,1.);
#2158 = AXIS2_PLACEMENT_3D('',#2159,#2160,#2161);
#2159 = CARTESIAN_POINT('',(19.211110632734,-8.,39.129677235857));
#2160 = DIRECTION('',(1.,0.,0.));
#2161 = DIRECTION('',(0.,0.,-1.));
#2162 = ORIENTED_EDGE('',*,*,#1144,.T.);
#2163 = ORIENTED_EDGE('',*,*,#1101,.T.);
#2164 = SPHERICAL_SURFACE('',#2165,1.);
#2165 = AXIS2_PLACEMENT_3D('',#2166,#2167,#2168);
#2166 = CARTESIAN_POINT('',(19.211110632734,-8.,39.129677235857));
#2167 = DIRECTION('',(0.,-1.,0.));
#2168 = DIRECTION('',(0.,0.,-1.));
#2169 = ADVANCED_FACE('',(#2170),#2182,.T.);
#2170 = FACE_BOUND('',#2171,.T.);
#2171 = EDGE_LOOP('',(#2172,#2173,#2180,#2181));
#2172 = ORIENTED_EDGE('',*,*,#1134,.T.);
#2173 = ORIENTED_EDGE('',*,*,#2174,.T.);
#2174 = EDGE_CURVE('',#1135,#1801,#2175,.T.);
#2175 = CIRCLE('',#2176,1.);
#2176 = AXIS2_PLACEMENT_3D('',#2177,#2178,#2179);
#2177 = CARTESIAN_POINT('',(19.211110632734,-8.,27.966053723069));
#2178 = DIRECTION('',(1.,0.,0.));
#2179 = DIRECTION('',(0.,0.,-1.));
#2180 = ORIENTED_EDGE('',*,*,#1808,.F.);
#2181 = ORIENTED_EDGE('',*,*,#1177,.T.);
#2182 = SPHERICAL_SURFACE('',#2183,1.);
#2183 = AXIS2_PLACEMENT_3D('',#2184,#2185,#2186);
#2184 = CARTESIAN_POINT('',(19.211110632734,-8.,27.966053723069));
#2185 = DIRECTION('',(0.,0.,-1.));
#2186 = DIRECTION('',(-1.,0.,0.));
#2187 = ADVANCED_FACE('',(#2188),#2194,.T.);
#2188 = FACE_BOUND('',#2189,.T.);
#2189 = EDGE_LOOP('',(#2190,#2191,#2192,#2193));
#2190 = ORIENTED_EDGE('',*,*,#1200,.T.);
#2191 = ORIENTED_EDGE('',*,*,#1167,.T.);
#2192 = ORIENTED_EDGE('',*,*,#1816,.T.);
#2193 = ORIENTED_EDGE('',*,*,#1448,.T.);
#2194 = SPHERICAL_SURFACE('',#2195,1.);
#2195 = AXIS2_PLACEMENT_3D('',#2196,#2197,#2198);
#2196 = CARTESIAN_POINT('',(19.211110632734,4.,27.966053723069));
#2197 = DIRECTION('',(0.,1.,0.));
#2198 = DIRECTION('',(0.,-0.,1.));
#2199 = ADVANCED_FACE('',(#2200),#2205,.T.);
#2200 = FACE_BOUND('',#2201,.T.);
#2201 = EDGE_LOOP('',(#2202,#2203,#2204));
#2202 = ORIENTED_EDGE('',*,*,#1500,.F.);
#2203 = ORIENTED_EDGE('',*,*,#1825,.F.);
#2204 = ORIENTED_EDGE('',*,*,#1264,.F.);
#2205 = ( BOUNDED_SURFACE() B_SPLINE_SURFACE(3,2,(
    (#2206,#2207,#2208)
    ,(#2209,#2210,#2211)
    ,(#2212,#2213,#2214)
    ,(#2215,#2216,#2217)
    ,(#2218,#2219,#2220)
    ,(#2221,#2222,#2223)
    ,(#2224,#2225,#2226)
    ,(#2227,#2228,#2229
)),.UNSPECIFIED.,.F.,.F.,.F.) B_SPLINE_SURFACE_WITH_KNOTS((4,1,1,1,1,4),
  (3,3),(-4.917941054394E-16,4.693359358764E-04,9.386718717532E-04,
    1.877343743507E-03,2.816015615261E-03,3.754687487014E-03),(0.,1.),
.UNSPECIFIED.) GEOMETRIC_REPRESENTATION_ITEM() RATIONAL_B_SPLINE_SURFACE
((
    (1.,0.707106781187,1.)
    ,(1.,0.706197808518,1.)
    ,(1.,0.71806351366,1.)
    ,(1.,0.784836403833,1.)
    ,(1.,0.893578010491,1.)
    ,(1.,0.979829450818,1.)
    ,(1.,0.999999999962,1.)
,(1.,1.,1.))) REPRESENTATION_ITEM('') SURFACE() );
#2206 = CARTESIAN_POINT('',(10.80193779921,4.,26.524466190042));
#2207 = CARTESIAN_POINT('',(10.80193779921,5.,26.524466190042));
#2208 = CARTESIAN_POINT('',(9.972374349721,5.,27.082878657015));
#2209 = CARTESIAN_POINT('',(10.757494911601,4.000000009241,
    26.45844295931));
#2210 = CARTESIAN_POINT('',(10.801891356681,5.002574278304,
    26.524397200615));
#2211 = CARTESIAN_POINT('',(9.925752261409,5.,27.018222114609));
#2212 = CARTESIAN_POINT('',(10.686386066948,4.037708710957,
    26.319020503672));
#2213 = CARTESIAN_POINT('',(10.78481579426,4.986157053756,26.53731672458
    ));
#2214 = CARTESIAN_POINT('',(9.866315977428,5.018854357568,
    26.871496886418));
#2215 = CARTESIAN_POINT('',(10.614598814069,4.249049786796,
    26.025808592248));
#2216 = CARTESIAN_POINT('',(10.65604963312,4.940090270937,
    26.438352674915));
#2217 = CARTESIAN_POINT('',(9.877254546162,5.124524892191,
    26.526175101345));
#2218 = CARTESIAN_POINT('',(10.646836134574,4.689090705428,
    25.690780924825));
#2219 = CARTESIAN_POINT('',(10.53459751783,5.062811735407,
    26.042715640397));
#2220 = CARTESIAN_POINT('',(10.092502915547,5.344545353126,
    26.073654218169));
#2221 = CARTESIAN_POINT('',(10.800978136589,5.320592191524,
    25.376237451982));
#2222 = CARTESIAN_POINT('',(10.675764551952,5.481021355658,
    25.518966368299));
#2223 = CARTESIAN_POINT('',(10.514401353072,5.660296095644,
    25.57958751523));
#2224 = CARTESIAN_POINT('',(10.958198822987,5.775002929928,
    25.21873646292));
#2225 = CARTESIAN_POINT('',(10.910997156515,5.831252186146,
    25.25279559221));
#2226 = CARTESIAN_POINT('',(10.863795508253,5.887501464964,
    25.286854708532));
#2227 = CARTESIAN_POINT('',(11.046360347429,6.,25.155122082509));
#2228 = CARTESIAN_POINT('',(11.046360347429,6.,25.155122082509));
#2229 = CARTESIAN_POINT('',(11.046360347429,6.,25.155122082509));
#2230 = ADVANCED_FACE('',(#2231),#2339,.T.);
#2231 = FACE_BOUND('',#2232,.T.);
#2232 = EDGE_LOOP('',(#2233,#2234,#2235,#2338));
#2233 = ORIENTED_EDGE('',*,*,#1337,.T.);
#2234 = ORIENTED_EDGE('',*,*,#1835,.T.);
#2235 = ORIENTED_EDGE('',*,*,#2236,.T.);
#2236 = EDGE_CURVE('',#1583,#1581,#2237,.T.);
#2237 = B_SPLINE_CURVE_WITH_KNOTS('',8,(#2238,#2239,#2240,#2241,#2242,
    #2243,#2244,#2245,#2246,#2247,#2248,#2249,#2250,#2251,#2252,#2253,
    #2254,#2255,#2256,#2257,#2258,#2259,#2260,#2261,#2262,#2263,#2264,
    #2265,#2266,#2267,#2268,#2269,#2270,#2271,#2272,#2273,#2274,#2275,
    #2276,#2277,#2278,#2279,#2280,#2281,#2282,#2283,#2284,#2285,#2286,
    #2287,#2288,#2289,#2290,#2291,#2292,#2293,#2294,#2295,#2296,#2297,
    #2298,#2299,#2300,#2301,#2302,#2303,#2304,#2305,#2306,#2307,#2308,
    #2309,#2310,#2311,#2312,#2313,#2314,#2315,#2316,#2317,#2318,#2319,
    #2320,#2321,#2322,#2323,#2324,#2325,#2326,#2327,#2328,#2329,#2330,
    #2331,#2332,#2333,#2334,#2335,#2336,#2337),.UNSPECIFIED.,.F.,.F.,(9,
    7,7,7,7,7,7,7,7,7,7,7,7,7,9),(0.,4.876605755429E-02,0.133746317279,
    0.22799026588,0.275696237035,0.353650656527,0.437613198469,
    0.529478838682,0.575420809224,0.629018633744,0.737987670794,
    0.793377487408,0.857278054913,0.929283842299,1.),.UNSPECIFIED.);
#2238 = CARTESIAN_POINT('',(8.150412246347,8.,27.));
#2239 = CARTESIAN_POINT('',(8.021000352496,8.,27.072165646648));
#2240 = CARTESIAN_POINT('',(7.891156431976,8.,27.143556724862));
#2241 = CARTESIAN_POINT('',(7.760882941625,8.,27.214164857303));
#2242 = CARTESIAN_POINT('',(7.630182545756,8.,27.283981746535));
#2243 = CARTESIAN_POINT('',(7.499058116157,8.,27.352999175027));
#2244 = CARTESIAN_POINT('',(7.367512732093,8.,27.421209005149));
#2245 = CARTESIAN_POINT('',(7.235549680302,8.,27.488603179179));
#2246 = CARTESIAN_POINT('',(6.872490469371,8.,27.671180263041));
#2247 = CARTESIAN_POINT('',(6.639818621889,8.,27.785048235224));
#2248 = CARTESIAN_POINT('',(6.405136230844,8.,27.896719820897));
#2249 = CARTESIAN_POINT('',(6.168410082015,8.,28.006116735538));
#2250 = CARTESIAN_POINT('',(5.92961479302,8.,28.113174688285));
#2251 = CARTESIAN_POINT('',(5.688720979002,8.,28.217820957928));
#2252 = CARTESIAN_POINT('',(5.445684681133,8.,28.319955836389));
#2253 = CARTESIAN_POINT('',(4.928527697649,8.,28.52989270863));
#2254 = CARTESIAN_POINT('',(4.655093540621,8.,28.636615778311));
#2255 = CARTESIAN_POINT('',(4.38018770612,8.,28.739546187855));
#2256 = CARTESIAN_POINT('',(4.103881209934,8.,28.838696107315));
#2257 = CARTESIAN_POINT('',(3.826133348557,8.,28.933735682787));
#2258 = CARTESIAN_POINT('',(3.547091722354,8.,29.024885677733));
#2259 = CARTESIAN_POINT('',(3.266697651732,8.,29.11170843912));
#2260 = CARTESIAN_POINT('',(2.842489090385,8.,29.23609240952));
#2261 = CARTESIAN_POINT('',(2.699851082999,8.,29.276733177327));
#2262 = CARTESIAN_POINT('',(2.55721322161,8.,29.316198206172));
#2263 = CARTESIAN_POINT('',(2.414644293816,8.,29.354477707106));
#2264 = CARTESIAN_POINT('',(2.272210067551,8.,29.391566133065));
#2265 = CARTESIAN_POINT('',(2.129973291083,8.,29.427462178878));
#2266 = CARTESIAN_POINT('',(1.987993693015,8.,29.46216878126));
#2267 = CARTESIAN_POINT('',(1.614837710219,8.,29.550473898025));
#2268 = CARTESIAN_POINT('',(1.382684184434,8.,29.602453179163));
#2269 = CARTESIAN_POINT('',(1.149911291638,8.,29.651637986127));
#2270 = CARTESIAN_POINT('',(0.916562210923,8.,29.69803762199));
#2271 = CARTESIAN_POINT('',(0.682679506691,8.,29.741664071246));
#2272 = CARTESIAN_POINT('',(0.448305221579,8.,29.782532402069));
#2273 = CARTESIAN_POINT('',(0.213480969384,8.,29.820661168566));
#2274 = CARTESIAN_POINT('',(-0.275114845291,8.,29.894213712575));
#2275 = CARTESIAN_POINT('',(-0.527467724223,8.,29.928982848752));
#2276 = CARTESIAN_POINT('',(-0.778543107071,8.,29.960428036743));
#2277 = CARTESIAN_POINT('',(-1.028146888115,8.,29.988670610046));
#2278 = CARTESIAN_POINT('',(-1.276166854802,8.,30.013787993182));
#2279 = CARTESIAN_POINT('',(-1.522567566324,8.,30.035889302771));
#2280 = CARTESIAN_POINT('',(-1.767386819034,8.,30.055162888674));
#2281 = CARTESIAN_POINT('',(-2.277017804976,8.,30.08974076638));
#2282 = CARTESIAN_POINT('',(-2.543487144793,8.,30.104631202749));
#2283 = CARTESIAN_POINT('',(-2.810643547595,8.,30.116320191055));
#2284 = CARTESIAN_POINT('',(-3.078793862602,8.,30.124929124876));
#2285 = CARTESIAN_POINT('',(-3.348121964889,8.,30.130135111222));
#2286 = CARTESIAN_POINT('',(-3.618620646075,8.,30.132082151772));
#2287 = CARTESIAN_POINT('',(-3.890145951452,8.,30.130548403023));
#2288 = CARTESIAN_POINT('',(-4.29853240014,8.,30.12299275229));
#2289 = CARTESIAN_POINT('',(-4.434901244403,8.,30.11959555918));
#2290 = CARTESIAN_POINT('',(-4.571478076653,8.,30.11531121317));
#2291 = CARTESIAN_POINT('',(-4.708252845837,8.,30.110130581482));
#2292 = CARTESIAN_POINT('',(-4.845219411968,8.,30.104044243062));
#2293 = CARTESIAN_POINT('',(-4.982375546129,8.,30.097042488577));
#2294 = CARTESIAN_POINT('',(-5.119722930467,8.,30.089115320414));
#2295 = CARTESIAN_POINT('',(-5.417732007546,8.,30.069912660475));
#2296 = CARTESIAN_POINT('',(-5.578463536981,8.,30.058300086547));
#2297 = CARTESIAN_POINT('',(-5.739452725202,8.,30.045398058595));
#2298 = CARTESIAN_POINT('',(-5.900690416429,8.,30.031189818965));
#2299 = CARTESIAN_POINT('',(-6.062167320404,8.,30.015658524649));
#2300 = CARTESIAN_POINT('',(-6.223874012391,8.,29.998787247292));
#2301 = CARTESIAN_POINT('',(-6.385800933178,8.,29.980558973185));
#2302 = CARTESIAN_POINT('',(-6.877577933153,8.,29.921103281008));
#2303 = CARTESIAN_POINT('',(-7.206554566211,8.,29.875756581877));
#2304 = CARTESIAN_POINT('',(-7.534752425677,8.,29.824868306447));
#2305 = CARTESIAN_POINT('',(-7.862054638793,8.,29.768397830524));
#2306 = CARTESIAN_POINT('',(-8.188337655498,8.,29.706297949029));
#2307 = CARTESIAN_POINT('',(-8.51347598755,8.,29.638531773843));
#2308 = CARTESIAN_POINT('',(-8.837345635362,8.,29.565084400549));
#2309 = CARTESIAN_POINT('',(-9.323727930185,8.,29.445699810913));
#2310 = CARTESIAN_POINT('',(-9.487666547194,8.,29.403898069059));
#2311 = CARTESIAN_POINT('',(-9.651613421946,8.,29.36051168987));
#2312 = CARTESIAN_POINT('',(-9.815550248584,8.,29.315525397527));
#2313 = CARTESIAN_POINT('',(-9.979457328473,8.,29.268924783909));
#2314 = CARTESIAN_POINT('',(-10.1433135702,8.,29.220696308594));
#2315 = CARTESIAN_POINT('',(-10.30709648958,8.,29.170827298858));
#2316 = CARTESIAN_POINT('',(-10.6596185526,8.,29.059868246989));
#2317 = CARTESIAN_POINT('',(-10.84781353935,8.,28.99839274423));
#2318 = CARTESIAN_POINT('',(-11.03533930285,8.,28.934880602137));
#2319 = CARTESIAN_POINT('',(-11.2221678127,8.,28.869333485304));
#2320 = CARTESIAN_POINT('',(-11.40827087511,8.,28.801753562171));
#2321 = CARTESIAN_POINT('',(-11.59362013299,8.,28.732143505029));
#2322 = CARTESIAN_POINT('',(-11.77818706584,8.,28.660506490021));
#2323 = CARTESIAN_POINT('',(-12.16900672201,8.,28.503842749823));
#2324 = CARTESIAN_POINT('',(-12.37504160424,8.,28.418273497923));
#2325 = CARTESIAN_POINT('',(-12.58001909824,8.,28.330173580711));
#2326 = CARTESIAN_POINT('',(-12.78390998536,8.,28.239574398084));
#2327 = CARTESIAN_POINT('',(-12.98668424505,8.,28.146503750712));
#2328 = CARTESIAN_POINT('',(-13.18831093336,8.,28.050985980185));
#2329 = CARTESIAN_POINT('',(-13.38875806149,8.,27.953042109161));
#2330 = CARTESIAN_POINT('',(-13.78365858193,8.,27.754135168882));
#2331 = CARTESIAN_POINT('',(-13.97815303586,8.,27.65325448989));
#2332 = CARTESIAN_POINT('',(-14.17144873525,8.,27.550073174864));
#2333 = CARTESIAN_POINT('',(-14.36351292542,8.,27.444606191935));
#2334 = CARTESIAN_POINT('',(-14.55430871758,8.,27.336861429772));
#2335 = CARTESIAN_POINT('',(-14.74379660864,8.,27.226842880314));
#2336 = CARTESIAN_POINT('',(-14.93193600103,8.,27.1145538215));
#2337 = CARTESIAN_POINT('',(-15.11868672249,8.,27.));
#2338 = ORIENTED_EDGE('',*,*,#1590,.F.);
#2339 = B_SPLINE_SURFACE_WITH_KNOTS('',3,1,(
    (#2340,#2341)
    ,(#2342,#2343)
    ,(#2344,#2345)
    ,(#2346,#2347)
    ,(#2348,#2349)
    ,(#2350,#2351)
    ,(#2352,#2353)
    ,(#2354,#2355)
    ,(#2356,#2357)
    ,(#2358,#2359)
    ,(#2360,#2361)
    ,(#2362,#2363)
    ,(#2364,#2365)
    ,(#2366,#2367)
    ,(#2368,#2369)
    ,(#2370,#2371)
    ,(#2372,#2373)
    ,(#2374,#2375)
    ,(#2376,#2377)
    ,(#2378,#2379)
    ,(#2380,#2381)
    ,(#2382,#2383)
    ,(#2384,#2385)
    ,(#2386,#2387)
    ,(#2388,#2389)
    ,(#2390,#2391)
    ,(#2392,#2393)
    ,(#2394,#2395)
    ,(#2396,#2397)
    ,(#2398,#2399)
    ,(#2400,#2401)
    ,(#2402,#2403)
    ,(#2404,#2405)
    ,(#2406,#2407)
    ,(#2408,#2409)
    ,(#2410,#2411)
    ,(#2412,#2413)
    ,(#2414,#2415)
    ,(#2416,#2417)
    ,(#2418,#2419)
    ,(#2420,#2421)
    ,(#2422,#2423)
    ,(#2424,#2425)
    ,(#2426,#2427)
    ,(#2428,#2429)
    ,(#2430,#2431)
    ,(#2432,#2433)
    ,(#2434,#2435)
    ,(#2436,#2437)
    ,(#2438,#2439)
    ,(#2440,#2441)
    ,(#2442,#2443)
    ,(#2444,#2445)
    ,(#2446,#2447)
    ,(#2448,#2449)
    ,(#2450,#2451)
    ,(#2452,#2453)
    ,(#2454,#2455)
    ,(#2456,#2457)
    ,(#2458,#2459)
    ,(#2460,#2461)
    ,(#2462,#2463)
    ,(#2464,#2465)
    ,(#2466,#2467)
    ,(#2468,#2469)
    ,(#2470,#2471)
    ,(#2472,#2473)
    ,(#2474,#2475)
    ,(#2476,#2477)
    ,(#2478,#2479)
    ,(#2480,#2481)
    ,(#2482,#2483)
    ,(#2484,#2485)
    ,(#2486,#2487)
    ,(#2488,#2489)
    ,(#2490,#2491)
    ,(#2492,#2493)
    ,(#2494,#2495)
    ,(#2496,#2497)
    ,(#2498,#2499)
    ,(#2500,#2501)
    ,(#2502,#2503)
    ,(#2504,#2505)
    ,(#2506,#2507)
    ,(#2508,#2509)
    ,(#2510,#2511)
    ,(#2512,#2513)
    ,(#2514,#2515)
    ,(#2516,#2517)
    ,(#2518,#2519)
    ,(#2520,#2521)
    ,(#2522,#2523)
    ,(#2524,#2525)
    ,(#2526,#2527)
    ,(#2528,#2529)
    ,(#2530,#2531)
    ,(#2532,#2533)
    ,(#2534,#2535)
    ,(#2536,#2537)
    ,(#2538,#2539)
    ,(#2540,#2541)
    ,(#2542,#2543)
    ,(#2544,#2545)
    ,(#2546,#2547)
    ,(#2548,#2549)
    ,(#2550,#2551)
    ,(#2552,#2553)
    ,(#2554,#2555)
    ,(#2556,#2557)
    ,(#2558,#2559)
    ,(#2560,#2561)
    ,(#2562,#2563)
    ,(#2564,#2565)
    ,(#2566,#2567)
    ,(#2568,#2569)
    ,(#2570,#2571)
    ,(#2572,#2573)
    ,(#2574,#2575)
    ,(#2576,#2577)
    ,(#2578,#2579)
    ,(#2580,#2581)
    ,(#2582,#2583)
    ,(#2584,#2585)
    ,(#2586,#2587)
    ,(#2588,#2589)
    ,(#2590,#2591)
    ,(#2592,#2593)
    ,(#2594,#2595)
    ,(#2596,#2597)
    ,(#2598,#2599)
    ,(#2600,#2601)
    ,(#2602,#2603)
    ,(#2604,#2605)
    ,(#2606,#2607)
    ,(#2608,#2609)
    ,(#2610,#2611)
    ,(#2612,#2613)
    ,(#2614,#2615)
    ,(#2616,#2617)
    ,(#2618,#2619)
    ,(#2620,#2621)
    ,(#2622,#2623)
    ,(#2624,#2625)
    ,(#2626,#2627)
    ,(#2628,#2629)
    ,(#2630,#2631)
    ,(#2632,#2633)
    ,(#2634,#2635)
    ,(#2636,#2637)
    ,(#2638,#2639)
    ,(#2640,#2641)
    ,(#2642,#2643)
    ,(#2644,#2645)
    ,(#2646,#2647)
    ,(#2648,#2649)
    ,(#2650,#2651)
    ,(#2652,#2653)
    ,(#2654,#2655)
    ,(#2656,#2657)
    ,(#2658,#2659)
    ,(#2660,#2661)
    ,(#2662,#2663)
    ,(#2664,#2665)
    ,(#2666,#2667)
    ,(#2668,#2669)
    ,(#2670,#2671)
    ,(#2672,#2673)
    ,(#2674,#2675)
    ,(#2676,#2677)
    ,(#2678,#2679)
    ,(#2680,#2681)
    ,(#2682,#2683)
    ,(#2684,#2685)
    ,(#2686,#2687)
    ,(#2688,#2689)
    ,(#2690,#2691)
    ,(#2692,#2693)
    ,(#2694,#2695)
    ,(#2696,#2697)
    ,(#2698,#2699)
    ,(#2700,#2701)
    ,(#2702,#2703)
    ,(#2704,#2705)
    ,(#2706,#2707)
    ,(#2708,#2709)
    ,(#2710,#2711)
    ,(#2712,#2713)
    ,(#2714,#2715)
    ,(#2716,#2717)
    ,(#2718,#2719)
    ,(#2720,#2721)
    ,(#2722,#2723)
    ,(#2724,#2725)
    ,(#2726,#2727)
    ,(#2728,#2729)
    ,(#2730,#2731)
    ,(#2732,#2733)
    ,(#2734,#2735)
    ,(#2736,#2737)
    ,(#2738,#2739)
    ,(#2740,#2741)
    ,(#2742,#2743)
    ,(#2744,#2745)
    ,(#2746,#2747)
    ,(#2748,#2749)
    ,(#2750,#2751)
    ,(#2752,#2753)
    ,(#2754,#2755)
    ,(#2756,#2757)
    ,(#2758,#2759)
    ,(#2760,#2761)
    ,(#2762,#2763)
    ,(#2764,#2765)
    ,(#2766,#2767)
    ,(#2768,#2769)
    ,(#2770,#2771)
    ,(#2772,#2773)
    ,(#2774,#2775)
    ,(#2776,#2777)
    ,(#2778,#2779)
    ,(#2780,#2781)
    ,(#2782,#2783)
    ,(#2784,#2785)
    ,(#2786,#2787)
    ,(#2788,#2789)
    ,(#2790,#2791)
    ,(#2792,#2793)
    ,(#2794,#2795)
    ,(#2796,#2797)
    ,(#2798,#2799)
    ,(#2800,#2801)
    ,(#2802,#2803)
    ,(#2804,#2805)
    ,(#2806,#2807)
    ,(#2808,#2809)
    ,(#2810,#2811)
    ,(#2812,#2813)
    ,(#2814,#2815)
    ,(#2816,#2817)
    ,(#2818,#2819)
    ,(#2820,#2821)
    ,(#2822,#2823)
    ,(#2824,#2825)
    ,(#2826,#2827)
    ,(#2828,#2829)
    ,(#2830,#2831)
    ,(#2832,#2833)
    ,(#2834,#2835)
    ,(#2836,#2837)
    ,(#2838,#2839)
    ,(#2840,#2841)
    ,(#2842,#2843)
    ,(#2844,#2845)
    ,(#2846,#2847)
    ,(#2848,#2849)
    ,(#2850,#2851)
    ,(#2852,#2853)
    ,(#2854,#2855)
    ,(#2856,#2857)
    ,(#2858,#2859)
    ,(#2860,#2861)
    ,(#2862,#2863)
    ,(#2864,#2865)
    ,(#2866,#2867)
    ,(#2868,#2869)
    ,(#2870,#2871)
    ,(#2872,#2873)
    ,(#2874,#2875)
    ,(#2876,#2877)
    ,(#2878,#2879)
    ,(#2880,#2881)
    ,(#2882,#2883)
    ,(#2884,#2885)
    ,(#2886,#2887)
    ,(#2888,#2889)
    ,(#2890,#2891)
    ,(#2892,#2893)
    ,(#2894,#2895)
    ,(#2896,#2897)
    ,(#2898,#2899)
    ,(#2900,#2901)
    ,(#2902,#2903)
    ,(#2904,#2905)
    ,(#2906,#2907)
    ,(#2908,#2909)
    ,(#2910,#2911)
    ,(#2912,#2913)
    ,(#2914,#2915)
    ,(#2916,#2917)
    ,(#2918,#2919)
    ,(#2920,#2921)
    ,(#2922,#2923)
    ,(#2924,#2925)
    ,(#2926,#2927)
    ,(#2928,#2929)
    ,(#2930,#2931)
    ,(#2932,#2933)
    ,(#2934,#2935)
    ,(#2936,#2937)
    ,(#2938,#2939)
    ,(#2940,#2941)
    ,(#2942,#2943)
    ,(#2944,#2945)
    ,(#2946,#2947)
    ,(#2948,#2949)
    ,(#2950,#2951)
    ,(#2952,#2953)
    ,(#2954,#2955)
    ,(#2956,#2957)
    ,(#2958,#2959)
    ,(#2960,#2961)
    ,(#2962,#2963)
    ,(#2964,#2965)
    ,(#2966,#2967)
    ,(#2968,#2969)
    ,(#2970,#2971)
    ,(#2972,#2973)
    ,(#2974,#2975)
    ,(#2976,#2977)
    ,(#2978,#2979)
    ,(#2980,#2981)
    ,(#2982,#2983)
    ,(#2984,#2985)
    ,(#2986,#2987)
    ,(#2988,#2989)
    ,(#2990,#2991)
    ,(#2992,#2993)
    ,(#2994,#2995)
    ,(#2996,#2997)
    ,(#2998,#2999)
    ,(#3000,#3001)
    ,(#3002,#3003)
    ,(#3004,#3005)
    ,(#3006,#3007)
    ,(#3008,#3009)
    ,(#3010,#3011)
    ,(#3012,#3013)
    ,(#3014,#3015)
    ,(#3016,#3017)
    ,(#3018,#3019)
    ,(#3020,#3021)
    ,(#3022,#3023)
    ,(#3024,#3025)
    ,(#3026,#3027)
    ,(#3028,#3029)
    ,(#3030,#3031)
    ,(#3032,#3033)
    ,(#3034,#3035)
    ,(#3036,#3037)
    ,(#3038,#3039)
    ,(#3040,#3041)
    ,(#3042,#3043)
    ,(#3044,#3045)
    ,(#3046,#3047)
    ,(#3048,#3049)
    ,(#3050,#3051)
    ,(#3052,#3053)
    ,(#3054,#3055)
    ,(#3056,#3057)
    ,(#3058,#3059)
    ,(#3060,#3061)
    ,(#3062,#3063)
    ,(#3064,#3065)
    ,(#3066,#3067)
    ,(#3068,#3069)
    ,(#3070,#3071)
    ,(#3072,#3073)
    ,(#3074,#3075)
    ,(#3076,#3077)
    ,(#3078,#3079)
    ,(#3080,#3081)
    ,(#3082,#3083)
    ,(#3084,#3085)
    ,(#3086,#3087)
    ,(#3088,#3089)
    ,(#3090,#3091)
    ,(#3092,#3093)
    ,(#3094,#3095)
    ,(#3096,#3097)
    ,(#3098,#3099)
    ,(#3100,#3101)
    ,(#3102,#3103)
    ,(#3104,#3105)
    ,(#3106,#3107)
    ,(#3108,#3109)
    ,(#3110,#3111)
    ,(#3112,#3113)
    ,(#3114,#3115)
    ,(#3116,#3117)
    ,(#3118,#3119)
    ,(#3120,#3121)
    ,(#3122,#3123)
    ,(#3124,#3125)
    ,(#3126,#3127)
    ,(#3128,#3129)
    ,(#3130,#3131)
    ,(#3132,#3133)
    ,(#3134,#3135)
    ,(#3136,#3137)
    ,(#3138,#3139)
    ,(#3140,#3141)
    ,(#3142,#3143)
    ,(#3144,#3145)
    ,(#3146,#3147)
    ,(#3148,#3149)
    ,(#3150,#3151)
    ,(#3152,#3153)
    ,(#3154,#3155)
    ,(#3156,#3157)
    ,(#3158,#3159)
    ,(#3160,#3161)
    ,(#3162,#3163)
    ,(#3164,#3165)
    ,(#3166,#3167)
    ,(#3168,#3169)
    ,(#3170,#3171)
    ,(#3172,#3173)
    ,(#3174,#3175)
    ,(#3176,#3177)
    ,(#3178,#3179)
    ,(#3180,#3181)
    ,(#3182,#3183)
    ,(#3184,#3185)
    ,(#3186,#3187)
    ,(#3188,#3189)
    ,(#3190,#3191)
    ,(#3192,#3193)
    ,(#3194,#3195)
    ,(#3196,#3197)
    ,(#3198,#3199)
    ,(#3200,#3201)
    ,(#3202,#3203)
    ,(#3204,#3205)
    ,(#3206,#3207)
    ,(#3208,#3209)
    ,(#3210,#3211)
    ,(#3212,#3213)
    ,(#3214,#3215)
    ,(#3216,#3217)
    ,(#3218,#3219)
    ,(#3220,#3221)
    ,(#3222,#3223)
    ,(#3224,#3225)
    ,(#3226,#3227)
    ,(#3228,#3229)
    ,(#3230,#3231
    )),.UNSPECIFIED.,.T.,.F.,.F.,(1,3,1,1,1,1,1,1,1,1,1,1,1,1,1,1,1,1,1,
    1,1,1,1,1,1,1,1,1,1,1,1,1,1,1,1,1,1,1,1,1,1,1,1,1,1,1,1,1,1,1,1,1,1,
    1,1,1,1,1,1,1,1,1,1,1,1,1,1,1,1,1,1,1,1,1,1,1,1,1,1,1,1,1,1,1,1,1,1,
    1,1,1,1,1,1,1,1,1,1,1,1,1,1,1,1,1,1,1,1,1,1,1,1,1,1,1,1,1,1,1,1,1,1,
    1,1,1,1,1,1,1,1,1,1,1,1,1,1,1,1,1,1,1,1,1,1,1,1,1,1,1,1,1,1,1,1,1,1,
    1,1,1,1,1,1,1,1,1,1,1,1,1,1,1,1,1,1,1,1,1,1,1,1,1,1,1,1,1,1,1,1,1,1,
    1,1,1,1,1,1,1,1,1,1,1,1,1,1,1,1,1,1,1,1,1,1,1,1,1,1,1,1,1,1,1,1,1,1,
    1,1,1,1,1,1,1,1,1,1,1,1,1,1,1,1,1,1,1,1,1,1,1,1,1,1,1,1,1,1,1,1,1,1,
    1,1,1,1,1,1,1,1,1,1,1,1,1,1,1,1,1,1,1,1,1,1,1,1,1,1,1,1,1,1,1,1,1,1,
    1,1,1,1,1,1,1,1,1,1,1,1,1,1,1,1,1,1,1,1,1,1,1,1,1,1,1,1,1,1,1,1,1,1,
    1,1,1,1,1,1,1,1,1,1,1,1,1,1,1,1,1,1,1,1,1,1,1,1,1,1,1,1,1,1,1,1,1,1,
    1,1,1,1,1,1,1,1,1,1,1,1,1,1,1,1,1,1,1,1,1,1,1,1,1,1,1,1,1,1,1,1,1,1,
    1,1,1,1,1,1,1,1,1,1,1,1,1,1,1,1,1,1,1,1,1,1,1,1,1,1,1,1,1,1,1,1,1,1,
    1,1,1,1,1,1,1,1,1,1,1,1,1,1,1,1,1,3,1),(2,2),(-1.953125E-03,0.,
    1.953125E-03,3.90625E-03,7.8125E-03,1.171875E-02,1.5625E-02,
    1.953125E-02,2.34375E-02,2.5390625E-02,2.734375E-02,2.9296875E-02,
    3.125E-02,3.515625E-02,3.90625E-02,4.296875E-02,4.6875E-02,
    5.078125E-02,5.2734375E-02,5.46875E-02,5.6640625E-02,5.859375E-02,
    6.25E-02,6.640625E-02,7.03125E-02,7.421875E-02,7.8125E-02,
    8.0078125E-02,8.203125E-02,8.3984375E-02,8.49609375E-02,8.59375E-02,
    8.69140625E-02,8.7890625E-02,8.984375E-02,9.1796875E-02,9.375E-02,
    9.765625E-02,0.1015625,0.10546875,0.109375,0.11328125,0.1171875,
    0.12109375,0.125,0.12890625,0.1328125,0.13671875,0.140625,0.14453125
    ,0.146484375,0.1484375,0.150390625,0.15234375,0.15625,0.16015625,
    0.1640625,0.16796875,0.171875,0.17578125,0.177734375,0.1796875,
    0.181640625,0.18359375,0.1845703125,0.185546875,0.1875,0.189453125,
    0.19140625,0.1953125,0.19921875,0.203125,0.20703125,0.208984375,
    0.2109375,0.212890625,0.21484375,0.216796875,0.2177734375,0.21875,
    0.2197265625,0.220703125,0.22265625,0.224609375,0.2265625,0.23046875
    ,0.234375,0.236328125,0.23828125,0.240234375,0.2421875,0.244140625,
    0.2451171875,0.24609375,0.2470703125,0.248046875,0.25,0.251953125,
    0.25390625,0.2578125,0.26171875,0.263671875,0.265625,0.267578125,
    0.26953125,0.271484375,0.2724609375,0.2734375,0.2744140625,
    0.275390625,0.27734375,0.279296875,0.28125,0.28515625,0.287109375,
    0.2890625,0.291015625,0.29296875,0.294921875,0.296875,0.30078125,
    0.3046875,0.30859375,0.3125,0.314453125,0.31640625,0.318359375,
    0.3193359375,0.3203125,0.322265625,0.32421875,0.326171875,0.328125,
    0.330078125,0.33203125,0.3359375,0.337890625,0.33984375,0.341796875,
    0.34375,0.3447265625,0.345703125,0.3466796875,0.34765625,
    0.3486328125,0.349609375,0.3515625,0.353515625,0.35546875,0.359375,
    0.36328125,0.365234375,0.3671875,0.369140625,0.37109375,0.3720703125
    ,0.373046875,0.3740234375,0.37451171875,0.375,0.37548828125,
    0.3759765625,0.37646484375,0.376953125,0.3779296875,0.37890625,
    0.3798828125,0.380859375,0.3828125,0.384765625,0.38671875,
    0.388671875,0.390625,0.392578125,0.39453125,0.396484375,0.3984375,
    0.400390625,0.4013671875,0.40234375,0.4033203125,0.40380859375,
    0.404296875,0.40478515625,0.4052734375,0.40625,0.4072265625,
    0.408203125,0.41015625,0.412109375,0.4140625,0.41796875,0.419921875,
    0.421875,0.423828125,0.42578125,0.427734375,0.4287109375,
    0.42919921875,0.4296875,0.43017578125,0.4306640625,0.431640625,
    0.43359375,0.435546875,0.4375,0.439453125,0.44140625,0.4453125,
    0.44921875,0.451171875,0.453125,0.455078125,0.4560546875,0.45703125,
    0.4580078125,0.458984375,0.4609375,0.462890625,0.46484375,
    0.466796875,0.46875,0.47265625,0.4765625,0.48046875,0.484375,
    0.48828125,0.4921875,0.49609375,0.5,0.50390625,0.5078125,0.509765625
    ,0.51171875,0.513671875,0.5146484375,0.515625,0.517578125,0.51953125
    ,0.521484375,0.5234375,0.52734375,0.53125,0.53515625,0.537109375,
    0.5390625,0.541015625,0.5419921875,0.54296875,0.5439453125,
    0.544921875,0.546875,0.548828125,0.55078125,0.5546875,0.55859375,
    0.5625,0.564453125,0.56640625,0.568359375,0.5693359375,0.5703125,
    0.5712890625,0.572265625,0.57421875,0.576171875,0.578125,0.580078125
    ,0.58203125,0.5859375,0.58984375,0.591796875,0.59375,0.595703125,
    0.59765625,0.5986328125,0.599609375,0.6015625,0.603515625,0.60546875
    ,0.609375,0.61328125,0.6171875,0.619140625,0.62109375,0.623046875,
    0.625,0.62890625,0.6328125,0.63671875,0.640625,0.642578125,
    0.64453125,0.646484375,0.6484375,0.650390625,0.65234375,0.65625,
    0.658203125,0.66015625,0.662109375,0.6640625,0.666015625,
    0.6669921875,0.66796875,0.6689453125,0.669921875,0.6708984375,
    0.671875,0.6728515625,0.673828125,0.67578125,0.677734375,0.6796875,
    0.68359375,0.6875,0.689453125,0.69140625,0.6923828125,0.693359375,
    0.6943359375,0.6953125,0.697265625,0.69921875,0.701171875,0.703125,
    0.70703125,0.7109375,0.71484375,0.716796875,0.7177734375,0.71875,
    0.7197265625,0.720703125,0.72265625,0.724609375,0.7265625,0.73046875
    ,0.734375,0.73828125,0.7421875,0.744140625,0.74609375,0.748046875,
    0.75,0.75390625,0.7578125,0.765625,0.7734375,0.78125,0.78515625,
    0.7890625,0.79296875,0.796875,0.798828125,0.7998046875,0.80078125,
    0.802734375,0.8046875,0.806640625,0.80859375,0.8125,0.81640625,
    0.8203125,0.822265625,0.82421875,0.826171875,0.8271484375,0.828125,
    0.8291015625,0.830078125,0.83203125,0.833984375,0.8359375,0.83984375
    ,0.84375,0.84765625,0.8515625,0.853515625,0.85546875,0.859375,
    0.86328125,0.8671875,0.875,0.87890625,0.880859375,0.8828125,
    0.884765625,0.8857421875,0.88671875,0.888671875,0.890625,0.892578125
    ,0.89453125,0.8984375,0.900390625,0.90234375,0.904296875,0.90625,
    0.9072265625,0.908203125,0.91015625,0.9111328125,0.912109375,
    0.9140625,0.916015625,0.91796875,0.921875,0.92578125,0.927734375,
    0.9296875,0.931640625,0.9326171875,0.93359375,0.9345703125,
    0.935546875,0.9375,0.939453125,0.94140625,0.9453125,0.94921875,
    0.953125,0.955078125,0.95703125,0.9609375,0.962890625,0.96484375,
    0.96875,0.97265625,0.974609375,0.9765625,0.978515625,0.9794921875,
    0.98046875,0.9814453125,0.982421875,0.984375,0.986328125,0.98828125,
    0.990234375,0.9921875,0.994140625,0.99609375,0.998046875,1.,
    1.001953125),(0.,1.),.UNSPECIFIED.);
#2340 = CARTESIAN_POINT('',(21.583983919038,-13.,11.535824004964));
#2341 = CARTESIAN_POINT('',(21.583983919038,9.,11.535824004964));
#2342 = CARTESIAN_POINT('',(21.618370306031,-13.,11.454536863613));
#2343 = CARTESIAN_POINT('',(21.618370306031,9.,11.454536863613));
#2344 = CARTESIAN_POINT('',(21.687091213876,-13.,11.290174331526));
#2345 = CARTESIAN_POINT('',(21.687091213876,9.,11.290174331526));
#2346 = CARTESIAN_POINT('',(21.823873067889,-13.,10.955951304704));
#2347 = CARTESIAN_POINT('',(21.823873067889,9.,10.955951304704));
#2348 = CARTESIAN_POINT('',(21.994545445685,-13.,10.526457542308));
#2349 = CARTESIAN_POINT('',(21.994545445685,9.,10.526457542308));
#2350 = CARTESIAN_POINT('',(22.199482367583,-13.,9.992290741965));
#2351 = CARTESIAN_POINT('',(22.199482367583,9.,9.992290741965));
#2352 = CARTESIAN_POINT('',(22.403823678094,-13.,9.441355941955));
#2353 = CARTESIAN_POINT('',(22.403823678094,9.,9.441355941955));
#2354 = CARTESIAN_POINT('',(22.605878962249,-13.,8.877657659284));
#2355 = CARTESIAN_POINT('',(22.605878962249,9.,8.877657659284));
#2356 = CARTESIAN_POINT('',(22.770872177573,-13.,8.400363278285));
#2357 = CARTESIAN_POINT('',(22.770872177573,9.,8.400363278285));
#2358 = CARTESIAN_POINT('',(22.89990788335,-13.,8.015606392454));
#2359 = CARTESIAN_POINT('',(22.89990788335,9.,8.015606392454));
#2360 = CARTESIAN_POINT('',(22.994913375358,-13.,7.726080629858));
#2361 = CARTESIAN_POINT('',(22.994913375358,9.,7.726080629858));
#2362 = CARTESIAN_POINT('',(23.088156608633,-13.,7.435116345081));
#2363 = CARTESIAN_POINT('',(23.088156608633,9.,7.435116345081));
#2364 = CARTESIAN_POINT('',(23.210313227102,-13.,7.043699670291));
#2365 = CARTESIAN_POINT('',(23.210313227102,9.,7.043699670291));
#2366 = CARTESIAN_POINT('',(23.358514978527,-13.,6.54737552374));
#2367 = CARTESIAN_POINT('',(23.358514978527,9.,6.54737552374));
#2368 = CARTESIAN_POINT('',(23.527887652736,-13.,5.938368701783));
#2369 = CARTESIAN_POINT('',(23.527887652736,9.,5.938368701783));
#2370 = CARTESIAN_POINT('',(23.687195384396,-13.,5.315300318889));
#2371 = CARTESIAN_POINT('',(23.687195384396,9.,5.315300318889));
#2372 = CARTESIAN_POINT('',(23.834895407602,-13.,4.678412459946));
#2373 = CARTESIAN_POINT('',(23.834895407602,9.,4.678412459946));
#2374 = CARTESIAN_POINT('',(23.947236116311,-13.,4.136826744406));
#2375 = CARTESIAN_POINT('',(23.947236116311,9.,4.136826744406));
#2376 = CARTESIAN_POINT('',(24.030229646879,-13.,3.697698521937));
#2377 = CARTESIAN_POINT('',(24.030229646879,9.,3.697698521937));
#2378 = CARTESIAN_POINT('',(24.089084837067,-13.,3.364933646529));
#2379 = CARTESIAN_POINT('',(24.089084837067,9.,3.364933646529));
#2380 = CARTESIAN_POINT('',(24.144133639928,-13.,3.03107101387));
#2381 = CARTESIAN_POINT('',(24.144133639928,9.,3.03107101387));
#2382 = CARTESIAN_POINT('',(24.212269235119,-13.,2.587459885944));
#2383 = CARTESIAN_POINT('',(24.212269235119,9.,2.587459885944));
#2384 = CARTESIAN_POINT('',(24.288308059299,-13.,2.034786256942));
#2385 = CARTESIAN_POINT('',(24.288308059299,9.,2.034786256942));
#2386 = CARTESIAN_POINT('',(24.366517632405,-13.,1.374473362159));
#2387 = CARTESIAN_POINT('',(24.366517632405,9.,1.374473362159));
#2388 = CARTESIAN_POINT('',(24.432976969219,-13.,0.716785983881));
#2389 = CARTESIAN_POINT('',(24.432976969219,9.,0.716785983881));
#2390 = CARTESIAN_POINT('',(24.488698050925,-13.,6.216924796099E-02));
#2391 = CARTESIAN_POINT('',(24.488698050925,9.,6.216924796099E-02));
#2392 = CARTESIAN_POINT('',(24.526876422033,-13.,-0.480536460525));
#2393 = CARTESIAN_POINT('',(24.526876422033,9.,-0.480536460525));
#2394 = CARTESIAN_POINT('',(24.552790138158,-13.,-0.91236290553));
#2395 = CARTESIAN_POINT('',(24.552790138158,9.,-0.91236290553));
#2396 = CARTESIAN_POINT('',(24.569977288625,-13.,-1.23456423907));
#2397 = CARTESIAN_POINT('',(24.569977288625,9.,-1.23456423907));
#2398 = CARTESIAN_POINT('',(24.582522683953,-13.,-1.502111178168));
#2399 = CARTESIAN_POINT('',(24.582522683953,9.,-1.502111178168));
#2400 = CARTESIAN_POINT('',(24.5915250594,-13.,-1.716054877295));
#2401 = CARTESIAN_POINT('',(24.5915250594,9.,-1.716054877295));
#2402 = CARTESIAN_POINT('',(24.597753612917,-13.,-1.876248508674));
#2403 = CARTESIAN_POINT('',(24.597753612917,9.,-1.876248508674));
#2404 = CARTESIAN_POINT('',(24.603486927914,-13.,-2.036851277379));
#2405 = CARTESIAN_POINT('',(24.603486927914,9.,-2.036851277379));
#2406 = CARTESIAN_POINT('',(24.610466870315,-13.,-2.252402839968));
#2407 = CARTESIAN_POINT('',(24.610466870315,9.,-2.252402839968));
#2408 = CARTESIAN_POINT('',(24.617864835544,-13.,-2.524193947131));
#2409 = CARTESIAN_POINT('',(24.617864835544,9.,-2.524193947131));
#2410 = CARTESIAN_POINT('',(24.624397848462,-13.,-2.854031530549));
#2411 = CARTESIAN_POINT('',(24.624397848462,9.,-2.854031530549));
#2412 = CARTESIAN_POINT('',(24.629710839951,-13.,-3.298346005307));
#2413 = CARTESIAN_POINT('',(24.629710839951,9.,-3.298346005307));
#2414 = CARTESIAN_POINT('',(24.629492898762,-13.,-3.86259965389));
#2415 = CARTESIAN_POINT('',(24.629492898762,9.,-3.86259965389));
#2416 = CARTESIAN_POINT('',(24.616630078521,-13.,-4.553994191164));
#2417 = CARTESIAN_POINT('',(24.616630078521,9.,-4.553994191164));
#2418 = CARTESIAN_POINT('',(24.589558252265,-13.,-5.259501264425));
#2419 = CARTESIAN_POINT('',(24.589558252265,9.,-5.259501264425));
#2420 = CARTESIAN_POINT('',(24.546694112762,-13.,-5.979035307753));
#2421 = CARTESIAN_POINT('',(24.546694112762,9.,-5.979035307753));
#2422 = CARTESIAN_POINT('',(24.486589925866,-13.,-6.711579025885));
#2423 = CARTESIAN_POINT('',(24.486589925866,9.,-6.711579025885));
#2424 = CARTESIAN_POINT('',(24.407947442987,-13.,-7.456467528183));
#2425 = CARTESIAN_POINT('',(24.407947442987,9.,-7.456467528183));
#2426 = CARTESIAN_POINT('',(24.3097120803,-13.,-8.211920399754));
#2427 = CARTESIAN_POINT('',(24.3097120803,9.,-8.211920399754));
#2428 = CARTESIAN_POINT('',(24.191230708157,-13.,-8.975821311986));
#2429 = CARTESIAN_POINT('',(24.191230708157,9.,-8.975821311986));
#2430 = CARTESIAN_POINT('',(24.051568702783,-13.,-9.747987574213));
#2431 = CARTESIAN_POINT('',(24.051568702783,9.,-9.747987574213));
#2432 = CARTESIAN_POINT('',(23.889784683397,-13.,-10.52773919528));
#2433 = CARTESIAN_POINT('',(23.889784683397,9.,-10.52773919528));
#2434 = CARTESIAN_POINT('',(23.704958732696,-13.,-11.31421626085));
#2435 = CARTESIAN_POINT('',(23.704958732696,9.,-11.31421626085));
#2436 = CARTESIAN_POINT('',(23.496247283746,-13.,-12.10631491174));
#2437 = CARTESIAN_POINT('',(23.496247283746,9.,-12.10631491174));
#2438 = CARTESIAN_POINT('',(23.301493209174,-13.,-12.77089774408));
#2439 = CARTESIAN_POINT('',(23.301493209174,9.,-12.77089774408));
#2440 = CARTESIAN_POINT('',(23.132605390741,-13.,-13.30496225069));
#2441 = CARTESIAN_POINT('',(23.132605390741,9.,-13.30496225069));
#2442 = CARTESIAN_POINT('',(22.999182085846,-13.,-13.70680591345));
#2443 = CARTESIAN_POINT('',(22.999182085846,9.,-13.70680591345));
#2444 = CARTESIAN_POINT('',(22.859256410844,-13.,-14.10867202347));
#2445 = CARTESIAN_POINT('',(22.859256410844,9.,-14.10867202347));
#2446 = CARTESIAN_POINT('',(22.664579256886,-13.,-14.64286047958));
#2447 = CARTESIAN_POINT('',(22.664579256886,9.,-14.64286047958));
#2448 = CARTESIAN_POINT('',(22.405757743837,-13.,-15.30817999734));
#2449 = CARTESIAN_POINT('',(22.405757743837,9.,-15.30817999734));
#2450 = CARTESIAN_POINT('',(22.070701626293,-13.,-16.1010051359));
#2451 = CARTESIAN_POINT('',(22.070701626293,9.,-16.1010051359));
#2452 = CARTESIAN_POINT('',(21.711468601238,-13.,-16.88666841454));
#2453 = CARTESIAN_POINT('',(21.711468601238,9.,-16.88666841454));
#2454 = CARTESIAN_POINT('',(21.327385868171,-13.,-17.6652702933));
#2455 = CARTESIAN_POINT('',(21.327385868171,9.,-17.6652702933));
#2456 = CARTESIAN_POINT('',(20.917506041024,-13.,-18.43642478596));
#2457 = CARTESIAN_POINT('',(20.917506041024,9.,-18.43642478596));
#2458 = CARTESIAN_POINT('',(20.553661118479,-13.,-19.07202069865));
#2459 = CARTESIAN_POINT('',(20.553661118479,9.,-19.07202069865));
#2460 = CARTESIAN_POINT('',(20.24845957146,-13.,-19.57591792203));
#2461 = CARTESIAN_POINT('',(20.24845957146,9.,-19.57591792203));
#2462 = CARTESIAN_POINT('',(20.012393147251,-13.,-19.95125278617));
#2463 = CARTESIAN_POINT('',(20.012393147251,9.,-19.95125278617));
#2464 = CARTESIAN_POINT('',(19.768690127059,-13.,-20.32426291416));
#2465 = CARTESIAN_POINT('',(19.768690127059,9.,-20.32426291416));
#2466 = CARTESIAN_POINT('',(19.558510693671,-13.,-20.63369809257));
#2467 = CARTESIAN_POINT('',(19.558510693671,9.,-20.63369809257));
#2468 = CARTESIAN_POINT('',(19.386429773359,-13.,-20.87957839876));
#2469 = CARTESIAN_POINT('',(19.386429773359,9.,-20.87957839876));
#2470 = CARTESIAN_POINT('',(19.212331715172,-13.,-21.12345722408));
#2471 = CARTESIAN_POINT('',(19.212331715172,9.,-21.12345722408));
#2472 = CARTESIAN_POINT('',(18.990361795749,-13.,-21.42529832214));
#2473 = CARTESIAN_POINT('',(18.990361795749,9.,-21.42529832214));
#2474 = CARTESIAN_POINT('',(18.718341788238,-13.,-21.78075582597));
#2475 = CARTESIAN_POINT('',(18.718341788238,9.,-21.78075582597));
#2476 = CARTESIAN_POINT('',(18.349973505653,-13.,-22.2436240656));
#2477 = CARTESIAN_POINT('',(18.349973505653,9.,-22.2436240656));
#2478 = CARTESIAN_POINT('',(17.878869013259,-13.,-22.8022762055));
#2479 = CARTESIAN_POINT('',(17.878869013259,9.,-22.8022762055));
#2480 = CARTESIAN_POINT('',(17.298182311544,-13.,-23.44113601231));
#2481 = CARTESIAN_POINT('',(17.298182311544,9.,-23.44113601231));
#2482 = CARTESIAN_POINT('',(16.703137053448,-13.,-24.04934765522));
#2483 = CARTESIAN_POINT('',(16.703137053448,9.,-24.04934765522));
#2484 = CARTESIAN_POINT('',(16.197137894088,-13.,-24.53030953209));
#2485 = CARTESIAN_POINT('',(16.197137894088,9.,-24.53030953209));
#2486 = CARTESIAN_POINT('',(15.787133095954,-13.,-24.89969611275));
#2487 = CARTESIAN_POINT('',(15.787133095954,9.,-24.89969611275));
#2488 = CARTESIAN_POINT('',(15.476934528783,-13.,-25.16933008802));
#2489 = CARTESIAN_POINT('',(15.476934528783,9.,-25.16933008802));
#2490 = CARTESIAN_POINT('',(15.164553511914,-13.,-25.43130481762));
#2491 = CARTESIAN_POINT('',(15.164553511914,9.,-25.43130481762));
#2492 = CARTESIAN_POINT('',(14.850907203575,-13.,-25.68514292354));
#2493 = CARTESIAN_POINT('',(14.850907203575,9.,-25.68514292354));
#2494 = CARTESIAN_POINT('',(14.587471291697,-13.,-25.8909164264));
#2495 = CARTESIAN_POINT('',(14.587471291697,9.,-25.8909164264));
#2496 = CARTESIAN_POINT('',(14.374752041285,-13.,-26.05263364651));
#2497 = CARTESIAN_POINT('',(14.374752041285,9.,-26.05263364651));
#2498 = CARTESIAN_POINT('',(14.214528918489,-13.,-26.17223986412));
#2499 = CARTESIAN_POINT('',(14.214528918489,9.,-26.17223986412));
#2500 = CARTESIAN_POINT('',(14.05297092006,-13.,-26.2906487919));
#2501 = CARTESIAN_POINT('',(14.05297092006,9.,-26.2906487919));
#2502 = CARTESIAN_POINT('',(13.834914036977,-13.,-26.44747911002));
#2503 = CARTESIAN_POINT('',(13.834914036977,9.,-26.44747911002));
#2504 = CARTESIAN_POINT('',(13.557617890329,-13.,-26.64119648906));
#2505 = CARTESIAN_POINT('',(13.557617890329,9.,-26.64119648906));
#2506 = CARTESIAN_POINT('',(13.21742215582,-13.,-26.86931643386));
#2507 = CARTESIAN_POINT('',(13.21742215582,9.,-26.86931643386));
#2508 = CARTESIAN_POINT('',(12.754303376102,-13.,-27.16679305927));
#2509 = CARTESIAN_POINT('',(12.754303376102,9.,-27.16679305927));
#2510 = CARTESIAN_POINT('',(12.157016685513,-13.,-27.5253087193));
#2511 = CARTESIAN_POINT('',(12.157016685513,9.,-27.5253087193));
#2512 = CARTESIAN_POINT('',(11.534811026316,-13.,-27.86324703797));
#2513 = CARTESIAN_POINT('',(11.534811026316,9.,-27.86324703797));
#2514 = CARTESIAN_POINT('',(11.02235816201,-13.,-28.11938621417));
#2515 = CARTESIAN_POINT('',(11.02235816201,9.,-28.11938621417));
#2516 = CARTESIAN_POINT('',(10.630883778592,-13.,-28.30389390935));
#2517 = CARTESIAN_POINT('',(10.630883778592,9.,-28.30389390935));
#2518 = CARTESIAN_POINT('',(10.232487334231,-13.,-28.48033499695));
#2519 = CARTESIAN_POINT('',(10.232487334231,9.,-28.48033499695));
#2520 = CARTESIAN_POINT('',(9.827634493949,-13.,-28.64819350261));
#2521 = CARTESIAN_POINT('',(9.827634493949,9.,-28.64819350261));
#2522 = CARTESIAN_POINT('',(9.484522547026,-13.,-28.78079900637));
#2523 = CARTESIAN_POINT('',(9.484522547026,9.,-28.78079900637));
#2524 = CARTESIAN_POINT('',(9.207287381813,-13.,-28.88211094863));
#2525 = CARTESIAN_POINT('',(9.207287381813,9.,-28.88211094863));
#2526 = CARTESIAN_POINT('',(8.997820056363,-13.,-28.95574922403));
#2527 = CARTESIAN_POINT('',(8.997820056363,9.,-28.95574922403));
#2528 = CARTESIAN_POINT('',(8.788544393396,-13.,-29.02642453648));
#2529 = CARTESIAN_POINT('',(8.788544393396,9.,-29.02642453648));
#2530 = CARTESIAN_POINT('',(8.512386350485,-13.,-29.11601444068));
#2531 = CARTESIAN_POINT('',(8.512386350485,9.,-29.11601444068));
#2532 = CARTESIAN_POINT('',(8.171221524962,-13.,-29.22012230218));
#2533 = CARTESIAN_POINT('',(8.171221524962,9.,-29.22012230218));
#2534 = CARTESIAN_POINT('',(7.768617891128,-13.,-29.33336493716));
#2535 = CARTESIAN_POINT('',(7.768617891128,9.,-29.33336493716));
#2536 = CARTESIAN_POINT('',(7.240838983965,-13.,-29.4700234636));
#2537 = CARTESIAN_POINT('',(7.240838983965,9.,-29.4700234636));
#2538 = CARTESIAN_POINT('',(6.598259741471,-13.,-29.61606763942));
#2539 = CARTESIAN_POINT('',(6.598259741471,9.,-29.61606763942));
#2540 = CARTESIAN_POINT('',(5.978826802631,-13.,-29.73390052446));
#2541 = CARTESIAN_POINT('',(5.978826802631,9.,-29.73390052446));
#2542 = CARTESIAN_POINT('',(5.497465760309,-13.,-29.81359798859));
#2543 = CARTESIAN_POINT('',(5.497465760309,9.,-29.81359798859));
#2544 = CARTESIAN_POINT('',(5.143645390474,-13.,-29.86659315086));
#2545 = CARTESIAN_POINT('',(5.143645390474,9.,-29.86659315086));
#2546 = CARTESIAN_POINT('',(4.797125930758,-13.,-29.91329450203));
#2547 = CARTESIAN_POINT('',(4.797125930758,9.,-29.91329450203));
#2548 = CARTESIAN_POINT('',(4.457848904084,-13.,-29.95415428904));
#2549 = CARTESIAN_POINT('',(4.457848904084,9.,-29.95415428904));
#2550 = CARTESIAN_POINT('',(4.181632094889,-13.,-29.98363603761));
#2551 = CARTESIAN_POINT('',(4.181632094889,9.,-29.98363603761));
#2552 = CARTESIAN_POINT('',(3.964316954695,-13.,-30.00470327306));
#2553 = CARTESIAN_POINT('',(3.964316954695,9.,-30.00470327306));
#2554 = CARTESIAN_POINT('',(3.803460965577,-13.,-30.01926026557));
#2555 = CARTESIAN_POINT('',(3.803460965577,9.,-30.01926026557));
#2556 = CARTESIAN_POINT('',(3.642939421229,-13.,-30.03277345709));
#2557 = CARTESIAN_POINT('',(3.642939421229,9.,-30.03277345709));
#2558 = CARTESIAN_POINT('',(3.426794606858,-13.,-30.04954069023));
#2559 = CARTESIAN_POINT('',(3.426794606858,9.,-30.04954069023));
#2560 = CARTESIAN_POINT('',(3.153722078848,-13.,-30.06791284113));
#2561 = CARTESIAN_POINT('',(3.153722078848,9.,-30.06791284113));
#2562 = CARTESIAN_POINT('',(2.820879007931,-13.,-30.08538000127));
#2563 = CARTESIAN_POINT('',(2.820879007931,9.,-30.08538000127));
#2564 = CARTESIAN_POINT('',(2.370378853538,-13.,-30.10190111008));
#2565 = CARTESIAN_POINT('',(2.370378853538,9.,-30.10190111008));
#2566 = CARTESIAN_POINT('',(1.910245938083,-13.,-30.10728606133));
#2567 = CARTESIAN_POINT('',(1.910245938083,9.,-30.10728606133));
#2568 = CARTESIAN_POINT('',(1.44191007306,-13.,-30.09978883432));
#2569 = CARTESIAN_POINT('',(1.44191007306,9.,-30.09978883432));
#2570 = CARTESIAN_POINT('',(1.086797449198,-13.,-30.08734672907));
#2571 = CARTESIAN_POINT('',(1.086797449198,9.,-30.08734672907));
#2572 = CARTESIAN_POINT('',(0.729116889223,-13.,-30.06779216308));
#2573 = CARTESIAN_POINT('',(0.729116889223,9.,-30.06779216308));
#2574 = CARTESIAN_POINT('',(0.370197722688,-13.,-30.0410111038));
#2575 = CARTESIAN_POINT('',(0.370197722688,9.,-30.0410111038));
#2576 = CARTESIAN_POINT('',(1.029439589683E-02,-13.,-30.00690022032));
#2577 = CARTESIAN_POINT('',(1.029439589683E-02,9.,-30.00690022032));
#2578 = CARTESIAN_POINT('',(-0.470476658522,-13.,-29.9515544489));
#2579 = CARTESIAN_POINT('',(-0.470476658522,9.,-29.9515544489));
#2580 = CARTESIAN_POINT('',(-1.070190333315,-13.,-29.86415111097));
#2581 = CARTESIAN_POINT('',(-1.070190333315,9.,-29.86415111097));
#2582 = CARTESIAN_POINT('',(-1.785943197016,-13.,-29.73081901981));
#2583 = CARTESIAN_POINT('',(-1.785943197016,9.,-29.73081901981));
#2584 = CARTESIAN_POINT('',(-2.499509378521,-13.,-29.56885935654));
#2585 = CARTESIAN_POINT('',(-2.499509378521,9.,-29.56885935654));
#2586 = CARTESIAN_POINT('',(-3.092961704796,-13.,-29.40950537413));
#2587 = CARTESIAN_POINT('',(-3.092961704796,9.,-29.40950537413));
#2588 = CARTESIAN_POINT('',(-3.5667954081,-13.,-29.26706658807));
#2589 = CARTESIAN_POINT('',(-3.5667954081,9.,-29.26706658807));
#2590 = CARTESIAN_POINT('',(-3.921742378316,-13.,-29.15262037891));
#2591 = CARTESIAN_POINT('',(-3.921742378316,9.,-29.15262037891));
#2592 = CARTESIAN_POINT('',(-4.217292969097,-13.,-29.05073512864));
#2593 = CARTESIAN_POINT('',(-4.217292969097,9.,-29.05073512864));
#2594 = CARTESIAN_POINT('',(-4.453599241187,-13.,-28.96521761563));
#2595 = CARTESIAN_POINT('',(-4.453599241187,9.,-28.96521761563));
#2596 = CARTESIAN_POINT('',(-4.690092452905,-13.,-28.87688310428));
#2597 = CARTESIAN_POINT('',(-4.690092452905,9.,-28.87688310428));
#2598 = CARTESIAN_POINT('',(-4.983582904113,-13.,-28.76204643487));
#2599 = CARTESIAN_POINT('',(-4.983582904113,9.,-28.76204643487));
#2600 = CARTESIAN_POINT('',(-5.328282997032,-13.,-28.6190674499));
#2601 = CARTESIAN_POINT('',(-5.328282997032,9.,-28.6190674499));
#2602 = CARTESIAN_POINT('',(-5.664257365536,-13.,-28.47202975751));
#2603 = CARTESIAN_POINT('',(-5.664257365536,9.,-28.47202975751));
#2604 = CARTESIAN_POINT('',(-5.992330456573,-13.,-28.32116922019));
#2605 = CARTESIAN_POINT('',(-5.992330456573,9.,-28.32116922019));
#2606 = CARTESIAN_POINT('',(-6.312248879969,-13.,-28.16717990139));
#2607 = CARTESIAN_POINT('',(-6.312248879969,9.,-28.16717990139));
#2608 = CARTESIAN_POINT('',(-6.727976277581,-13.,-27.95848342529));
#2609 = CARTESIAN_POINT('',(-6.727976277581,9.,-27.95848342529));
#2610 = CARTESIAN_POINT('',(-7.127944135833,-13.,-27.74570303758));
#2611 = CARTESIAN_POINT('',(-7.127944135833,9.,-27.74570303758));
#2612 = CARTESIAN_POINT('',(-7.513275678573,-13.,-27.53060207198));
#2613 = CARTESIAN_POINT('',(-7.513275678573,9.,-27.53060207198));
#2614 = CARTESIAN_POINT('',(-7.795263082156,-13.,-27.36850952588));
#2615 = CARTESIAN_POINT('',(-7.795263082156,9.,-27.36850952588));
#2616 = CARTESIAN_POINT('',(-8.070763702449,-13.,-27.20589908448));
#2617 = CARTESIAN_POINT('',(-8.070763702449,9.,-27.20589908448));
#2618 = CARTESIAN_POINT('',(-8.295483540906,-13.,-27.07005831751));
#2619 = CARTESIAN_POINT('',(-8.295483540906,9.,-27.07005831751));
#2620 = CARTESIAN_POINT('',(-8.472375695242,-13.,-26.96140518042));
#2621 = CARTESIAN_POINT('',(-8.472375695242,9.,-26.96140518042));
#2622 = CARTESIAN_POINT('',(-8.603028669228,-13.,-26.8803526084));
#2623 = CARTESIAN_POINT('',(-8.603028669228,9.,-26.8803526084));
#2624 = CARTESIAN_POINT('',(-8.733313604539,-13.,-26.79878042056));
#2625 = CARTESIAN_POINT('',(-8.733313604539,9.,-26.79878042056));
#2626 = CARTESIAN_POINT('',(-8.864486466927,-13.,-26.7158821928));
#2627 = CARTESIAN_POINT('',(-8.864486466927,9.,-26.7158821928));
#2628 = CARTESIAN_POINT('',(-8.997055923606,-13.,-26.63130915617));
#2629 = CARTESIAN_POINT('',(-8.997055923606,9.,-26.63130915617));
#2630 = CARTESIAN_POINT('',(-9.176809195329,-13.,-26.51549039718));
#2631 = CARTESIAN_POINT('',(-9.176809195329,9.,-26.51549039718));
#2632 = CARTESIAN_POINT('',(-9.406349144215,-13.,-26.36527339681));
#2633 = CARTESIAN_POINT('',(-9.406349144215,9.,-26.36527339681));
#2634 = CARTESIAN_POINT('',(-9.688832587736,-13.,-26.17610017144));
#2635 = CARTESIAN_POINT('',(-9.688832587736,9.,-26.17610017144));
#2636 = CARTESIAN_POINT('',(-10.07360793889,-13.,-25.91189953111));
#2637 = CARTESIAN_POINT('',(-10.07360793889,9.,-25.91189953111));
#2638 = CARTESIAN_POINT('',(-10.56924329872,-13.,-25.55780513961));
#2639 = CARTESIAN_POINT('',(-10.56924329872,9.,-25.55780513961));
#2640 = CARTESIAN_POINT('',(-11.08137793152,-13.,-25.16849918577));
#2641 = CARTESIAN_POINT('',(-11.08137793152,9.,-25.16849918577));
#2642 = CARTESIAN_POINT('',(-11.49912050359,-13.,-24.83329687337));
#2643 = CARTESIAN_POINT('',(-11.49912050359,9.,-24.83329687337));
#2644 = CARTESIAN_POINT('',(-11.81595002862,-13.,-24.56922347884));
#2645 = CARTESIAN_POINT('',(-11.81595002862,9.,-24.56922347884));
#2646 = CARTESIAN_POINT('',(-12.13587046327,-13.,-24.29155147987));
#2647 = CARTESIAN_POINT('',(-12.13587046327,9.,-24.29155147987));
#2648 = CARTESIAN_POINT('',(-12.40466473439,-13.,-24.04792463992));
#2649 = CARTESIAN_POINT('',(-12.40466473439,9.,-24.04792463992));
#2650 = CARTESIAN_POINT('',(-12.62056228502,-13.,-23.84527629137));
#2651 = CARTESIAN_POINT('',(-12.62056228502,9.,-23.84527629137));
#2652 = CARTESIAN_POINT('',(-12.78268346698,-13.,-23.68942349809));
#2653 = CARTESIAN_POINT('',(-12.78268346698,9.,-23.68942349809));
#2654 = CARTESIAN_POINT('',(-12.91822510581,-13.,-23.55586753395));
#2655 = CARTESIAN_POINT('',(-12.91822510581,9.,-23.55586753395));
#2656 = CARTESIAN_POINT('',(-13.02702501165,-13.,-23.44656319727));
#2657 = CARTESIAN_POINT('',(-13.02702501165,9.,-23.44656319727));
#2658 = CARTESIAN_POINT('',(-13.10892792337,-13.,-23.36318830427));
#2659 = CARTESIAN_POINT('',(-13.10892792337,9.,-23.36318830427));
#2660 = CARTESIAN_POINT('',(-13.19040526317,-13.,-23.27912134162));
#2661 = CARTESIAN_POINT('',(-13.19040526317,9.,-23.27912134162));
#2662 = CARTESIAN_POINT('',(-13.27079091895,-13.,-23.19506902914));
#2663 = CARTESIAN_POINT('',(-13.27079091895,9.,-23.19506902914));
#2664 = CARTESIAN_POINT('',(-13.3502979311,-13.,-23.11083426441));
#2665 = CARTESIAN_POINT('',(-13.3502979311,9.,-23.11083426441));
#2666 = CARTESIAN_POINT('',(-13.45528140075,-13.,-22.99814047272));
#2667 = CARTESIAN_POINT('',(-13.45528140075,9.,-22.99814047272));
#2668 = CARTESIAN_POINT('',(-13.5836548939,-13.,-22.8575976848));
#2669 = CARTESIAN_POINT('',(-13.5836548939,9.,-22.8575976848));
#2670 = CARTESIAN_POINT('',(-13.73217222044,-13.,-22.69086377275));
#2671 = CARTESIAN_POINT('',(-13.73217222044,9.,-22.69086377275));
#2672 = CARTESIAN_POINT('',(-13.87585462731,-13.,-22.52564054712));
#2673 = CARTESIAN_POINT('',(-13.87585462731,9.,-22.52564054712));
#2674 = CARTESIAN_POINT('',(-14.06163970389,-13.,-22.30698994087));
#2675 = CARTESIAN_POINT('',(-14.06163970389,9.,-22.30698994087));
#2676 = CARTESIAN_POINT('',(-14.28266836222,-13.,-22.03788953612));
#2677 = CARTESIAN_POINT('',(-14.28266836222,9.,-22.03788953612));
#2678 = CARTESIAN_POINT('',(-14.53087923827,-13.,-21.72303613008));
#2679 = CARTESIAN_POINT('',(-14.53087923827,9.,-21.72303613008));
#2680 = CARTESIAN_POINT('',(-14.76309385701,-13.,-21.41725824898));
#2681 = CARTESIAN_POINT('',(-14.76309385701,9.,-21.41725824898));
#2682 = CARTESIAN_POINT('',(-14.98019989192,-13.,-21.12161887409));
#2683 = CARTESIAN_POINT('',(-14.98019989192,9.,-21.12161887409));
#2684 = CARTESIAN_POINT('',(-15.18304629406,-13.,-20.83707386546));
#2685 = CARTESIAN_POINT('',(-15.18304629406,9.,-20.83707386546));
#2686 = CARTESIAN_POINT('',(-15.37240931117,-13.,-20.56454745738));
#2687 = CARTESIAN_POINT('',(-15.37240931117,9.,-20.56454745738));
#2688 = CARTESIAN_POINT('',(-15.54894485291,-13.,-20.30496501057));
#2689 = CARTESIAN_POINT('',(-15.54894485291,9.,-20.30496501057));
#2690 = CARTESIAN_POINT('',(-15.71334448245,-13.,-20.05905337958));
#2691 = CARTESIAN_POINT('',(-15.71334448245,9.,-20.05905337958));
#2692 = CARTESIAN_POINT('',(-15.86629112566,-13.,-19.82732916158));
#2693 = CARTESIAN_POINT('',(-15.86629112566,9.,-19.82732916158));
#2694 = CARTESIAN_POINT('',(-15.98426066154,-13.,-19.64712799776));
#2695 = CARTESIAN_POINT('',(-15.98426066154,9.,-19.64712799776));
#2696 = CARTESIAN_POINT('',(-16.07300371852,-13.,-19.51123872583));
#2697 = CARTESIAN_POINT('',(-16.07300371852,9.,-19.51123872583));
#2698 = CARTESIAN_POINT('',(-16.13651465179,-13.,-19.41394551014));
#2699 = CARTESIAN_POINT('',(-16.13651465179,9.,-19.41394551014));
#2700 = CARTESIAN_POINT('',(-16.1875601055,-13.,-19.33581696755));
#2701 = CARTESIAN_POINT('',(-16.1875601055,9.,-19.33581696755));
#2702 = CARTESIAN_POINT('',(-16.22792934139,-13.,-19.27409367413));
#2703 = CARTESIAN_POINT('',(-16.22792934139,9.,-19.27409367413));
#2704 = CARTESIAN_POINT('',(-16.25783619616,-13.,-19.22840507662));
#2705 = CARTESIAN_POINT('',(-16.25783619616,9.,-19.22840507662));
#2706 = CARTESIAN_POINT('',(-16.28782940394,-13.,-19.18262850215));
#2707 = CARTESIAN_POINT('',(-16.28782940394,9.,-19.18262850215));
#2708 = CARTESIAN_POINT('',(-16.32844467631,-13.,-19.12068565687));
#2709 = CARTESIAN_POINT('',(-16.32844467631,9.,-19.12068565687));
#2710 = CARTESIAN_POINT('',(-16.38021007747,-13.,-19.04179765248));
#2711 = CARTESIAN_POINT('',(-16.38021007747,9.,-19.04179765248));
#2712 = CARTESIAN_POINT('',(-16.44368286804,-13.,-18.94507835895));
#2713 = CARTESIAN_POINT('',(-16.44368286804,9.,-18.94507835895));
#2714 = CARTESIAN_POINT('',(-16.52966864302,-13.,-18.81398163022));
#2715 = CARTESIAN_POINT('',(-16.52966864302,9.,-18.81398163022));
#2716 = CARTESIAN_POINT('',(-16.64015932053,-13.,-18.64522426758));
#2717 = CARTESIAN_POINT('',(-16.64015932053,9.,-18.64522426758));
#2718 = CARTESIAN_POINT('',(-16.7776394181,-13.,-18.43412517905));
#2719 = CARTESIAN_POINT('',(-16.7776394181,9.,-18.43412517905));
#2720 = CARTESIAN_POINT('',(-16.9670709313,-13.,-18.14083881303));
#2721 = CARTESIAN_POINT('',(-16.9670709313,9.,-18.14083881303));
#2722 = CARTESIAN_POINT('',(-17.16536242484,-13.,-17.82876233891));
#2723 = CARTESIAN_POINT('',(-17.16536242484,9.,-17.82876233891));
#2724 = CARTESIAN_POINT('',(-17.37104474875,-13.,-17.49656696026));
#2725 = CARTESIAN_POINT('',(-17.37104474875,9.,-17.49656696026));
#2726 = CARTESIAN_POINT('',(-17.52852178139,-13.,-17.23711246574));
#2727 = CARTESIAN_POINT('',(-17.52852178139,9.,-17.23711246574));
#2728 = CARTESIAN_POINT('',(-17.68863517777,-13.,-16.96725261654));
#2729 = CARTESIAN_POINT('',(-17.68863517777,9.,-16.96725261654));
#2730 = CARTESIAN_POINT('',(-17.85076997328,-13.,-16.68693720665));
#2731 = CARTESIAN_POINT('',(-17.85076997328,9.,-16.68693720665));
#2732 = CARTESIAN_POINT('',(-17.9870865357,-13.,-16.44452650931));
#2733 = CARTESIAN_POINT('',(-17.9870865357,9.,-16.44452650931));
#2734 = CARTESIAN_POINT('',(-18.08285940632,-13.,-16.27021558742));
#2735 = CARTESIAN_POINT('',(-18.08285940632,9.,-16.27021558742));
#2736 = CARTESIAN_POINT('',(-18.13760108592,-13.,-16.16937821395));
#2737 = CARTESIAN_POINT('',(-18.13760108592,9.,-16.16937821395));
#2738 = CARTESIAN_POINT('',(-18.17873893859,-13.,-16.0929775211));
#2739 = CARTESIAN_POINT('',(-18.17873893859,9.,-16.0929775211));
#2740 = CARTESIAN_POINT('',(-18.2196246705,-13.,-16.01640775855));
#2741 = CARTESIAN_POINT('',(-18.2196246705,9.,-16.01640775855));
#2742 = CARTESIAN_POINT('',(-18.27338648793,-13.,-15.91489898419));
#2743 = CARTESIAN_POINT('',(-18.27338648793,9.,-15.91489898419));
#2744 = CARTESIAN_POINT('',(-18.36584614612,-13.,-15.73821647838));
#2745 = CARTESIAN_POINT('',(-18.36584614612,9.,-15.73821647838));
#2746 = CARTESIAN_POINT('',(-18.49311411413,-13.,-15.48933045256));
#2747 = CARTESIAN_POINT('',(-18.49311411413,9.,-15.48933045256));
#2748 = CARTESIAN_POINT('',(-18.63887242624,-13.,-15.19625311058));
#2749 = CARTESIAN_POINT('',(-18.63887242624,9.,-15.19625311058));
#2750 = CARTESIAN_POINT('',(-18.77835324991,-13.,-14.90861952917));
#2751 = CARTESIAN_POINT('',(-18.77835324991,9.,-14.90861952917));
#2752 = CARTESIAN_POINT('',(-18.91196693384,-13.,-14.62672185794));
#2753 = CARTESIAN_POINT('',(-18.91196693384,9.,-14.62672185794));
#2754 = CARTESIAN_POINT('',(-19.08280472539,-13.,-14.25881883817));
#2755 = CARTESIAN_POINT('',(-19.08280472539,9.,-14.25881883817));
#2756 = CARTESIAN_POINT('',(-19.28341323739,-13.,-13.81466944569));
#2757 = CARTESIAN_POINT('',(-19.28341323739,9.,-13.81466944569));
#2758 = CARTESIAN_POINT('',(-19.46809814991,-13.,-13.39442749487));
#2759 = CARTESIAN_POINT('',(-19.46809814991,9.,-13.39442749487));
#2760 = CARTESIAN_POINT('',(-19.60656486941,-13.,-13.0750553921));
#2761 = CARTESIAN_POINT('',(-19.60656486941,9.,-13.0750553921));
#2762 = CARTESIAN_POINT('',(-19.70575741851,-13.,-12.84467939746));
#2763 = CARTESIAN_POINT('',(-19.70575741851,9.,-12.84467939746));
#2764 = CARTESIAN_POINT('',(-19.78448927033,-13.,-12.66100022479));
#2765 = CARTESIAN_POINT('',(-19.78448927033,9.,-12.66100022479));
#2766 = CARTESIAN_POINT('',(-19.84506155526,-13.,-12.51947445893));
#2767 = CARTESIAN_POINT('',(-19.84506155526,9.,-12.51947445893));
#2768 = CARTESIAN_POINT('',(-19.8890677697,-13.,-12.4166218214));
#2769 = CARTESIAN_POINT('',(-19.8890677697,9.,-12.4166218214));
#2770 = CARTESIAN_POINT('',(-19.93240257512,-13.,-12.31537893382));
#2771 = CARTESIAN_POINT('',(-19.93240257512,9.,-12.31537893382));
#2772 = CARTESIAN_POINT('',(-19.99038464545,-13.,-12.17991108521));
#2773 = CARTESIAN_POINT('',(-19.99038464545,9.,-12.17991108521));
#2774 = CARTESIAN_POINT('',(-20.06321625847,-13.,-12.00962853567));
#2775 = CARTESIAN_POINT('',(-20.06321625847,9.,-12.00962853567));
#2776 = CARTESIAN_POINT('',(-20.1516407217,-13.,-11.80225590607));
#2777 = CARTESIAN_POINT('',(-20.1516407217,9.,-11.80225590607));
#2778 = CARTESIAN_POINT('',(-20.24124806474,-13.,-11.59101417473));
#2779 = CARTESIAN_POINT('',(-20.24124806474,9.,-11.59101417473));
#2780 = CARTESIAN_POINT('',(-20.33226188913,-13.,-11.37488195412));
#2781 = CARTESIAN_POINT('',(-20.33226188913,9.,-11.37488195412));
#2782 = CARTESIAN_POINT('',(-20.45561476829,-13.,-11.07918414807));
#2783 = CARTESIAN_POINT('',(-20.45561476829,9.,-11.07918414807));
#2784 = CARTESIAN_POINT('',(-20.61362432871,-13.,-10.69395312617));
#2785 = CARTESIAN_POINT('',(-20.61362432871,9.,-10.69395312617));
#2786 = CARTESIAN_POINT('',(-20.80895581571,-13.,-10.20332219692));
#2787 = CARTESIAN_POINT('',(-20.80895581571,9.,-10.20332219692));
#2788 = CARTESIAN_POINT('',(-21.00928038588,-13.,-9.68238842769));
#2789 = CARTESIAN_POINT('',(-21.00928038588,9.,-9.68238842769));
#2790 = CARTESIAN_POINT('',(-21.21466810816,-13.,-9.127437466281));
#2791 = CARTESIAN_POINT('',(-21.21466810816,9.,-9.127437466281));
#2792 = CARTESIAN_POINT('',(-21.42010473514,-13.,-8.551516254558));
#2793 = CARTESIAN_POINT('',(-21.42010473514,9.,-8.551516254558));
#2794 = CARTESIAN_POINT('',(-21.62561210097,-13.,-7.955360342271));
#2795 = CARTESIAN_POINT('',(-21.62561210097,9.,-7.955360342271));
#2796 = CARTESIAN_POINT('',(-21.82984388958,-13.,-7.342471694652));
#2797 = CARTESIAN_POINT('',(-21.82984388958,9.,-7.342471694652));
#2798 = CARTESIAN_POINT('',(-22.0313799247,-13.,-6.716340512741));
#2799 = CARTESIAN_POINT('',(-22.0313799247,9.,-6.716340512741));
#2800 = CARTESIAN_POINT('',(-22.22860066149,-13.,-6.080611090886));
#2801 = CARTESIAN_POINT('',(-22.22860066149,9.,-6.080611090886));
#2802 = CARTESIAN_POINT('',(-22.38788816425,-13.,-5.545935678775));
#2803 = CARTESIAN_POINT('',(-22.38788816425,9.,-5.545935678775));
#2804 = CARTESIAN_POINT('',(-22.51150153818,-13.,-5.116522885926));
#2805 = CARTESIAN_POINT('',(-22.51150153818,9.,-5.116522885926));
#2806 = CARTESIAN_POINT('',(-22.60226407025,-13.,-4.793213096303));
#2807 = CARTESIAN_POINT('',(-22.60226407025,9.,-4.793213096303));
#2808 = CARTESIAN_POINT('',(-22.6757772772,-13.,-4.524015549952));
#2809 = CARTESIAN_POINT('',(-22.6757772772,9.,-4.524015549952));
#2810 = CARTESIAN_POINT('',(-22.73304797703,-13.,-4.309648152346));
#2811 = CARTESIAN_POINT('',(-22.73304797703,9.,-4.309648152346));
#2812 = CARTESIAN_POINT('',(-22.78937897269,-13.,-4.095567456036));
#2813 = CARTESIAN_POINT('',(-22.78937897269,9.,-4.095567456036));
#2814 = CARTESIAN_POINT('',(-22.8574541307,-13.,-3.830601469605));
#2815 = CARTESIAN_POINT('',(-22.8574541307,9.,-3.830601469605));
#2816 = CARTESIAN_POINT('',(-22.93515016477,-13.,-3.518486111947));
#2817 = CARTESIAN_POINT('',(-22.93515016477,9.,-3.518486111947));
#2818 = CARTESIAN_POINT('',(-23.00927637755,-13.,-3.211262963961));
#2819 = CARTESIAN_POINT('',(-23.00927637755,9.,-3.211262963961));
#2820 = CARTESIAN_POINT('',(-23.10369251847,-13.,-2.80755827944));
#2821 = CARTESIAN_POINT('',(-23.10369251847,9.,-2.80755827944));
#2822 = CARTESIAN_POINT('',(-23.21367352836,-13.,-2.314643253733));
#2823 = CARTESIAN_POINT('',(-23.21367352836,9.,-2.314643253733));
#2824 = CARTESIAN_POINT('',(-23.3342865939,-13.,-1.741664065124));
#2825 = CARTESIAN_POINT('',(-23.3342865939,9.,-1.741664065124));
#2826 = CARTESIAN_POINT('',(-23.42677792176,-13.,-1.278754615519));
#2827 = CARTESIAN_POINT('',(-23.42677792176,9.,-1.278754615519));
#2828 = CARTESIAN_POINT('',(-23.49688070989,-13.,-0.916380155552));
#2829 = CARTESIAN_POINT('',(-23.49688070989,9.,-0.916380155552));
#2830 = CARTESIAN_POINT('',(-23.54774630817,-13.,-0.648331749913));
#2831 = CARTESIAN_POINT('',(-23.54774630817,9.,-0.648331749913));
#2832 = CARTESIAN_POINT('',(-23.58888677907,-13.,-0.427930988735));
#2833 = CARTESIAN_POINT('',(-23.58888677907,9.,-0.427930988735));
#2834 = CARTESIAN_POINT('',(-23.62120596363,-13.,-0.253040410055));
#2835 = CARTESIAN_POINT('',(-23.62120596363,9.,-0.253040410055));
#2836 = CARTESIAN_POINT('',(-23.64514273569,-13.,-0.122740516334));
#2837 = CARTESIAN_POINT('',(-23.64514273569,9.,-0.122740516334));
#2838 = CARTESIAN_POINT('',(-23.66898450628,-13.,7.706283441882E-03));
#2839 = CARTESIAN_POINT('',(-23.66898450628,9.,7.706283441882E-03));
#2840 = CARTESIAN_POINT('',(-23.70086012883,-13.,0.183071247813));
#2841 = CARTESIAN_POINT('',(-23.70086012883,9.,0.183071247813));
#2842 = CARTESIAN_POINT('',(-23.74072615652,-13.,0.404343591777));
#2843 = CARTESIAN_POINT('',(-23.74072615652,9.,0.404343591777));
#2844 = CARTESIAN_POINT('',(-23.78855680263,-13.,0.673407278754));
#2845 = CARTESIAN_POINT('',(-23.78855680263,9.,0.673407278754));
#2846 = CARTESIAN_POINT('',(-23.85212407049,-13.,1.036498801969));
#2847 = CARTESIAN_POINT('',(-23.85212407049,9.,1.036498801969));
#2848 = CARTESIAN_POINT('',(-23.93075189637,-13.,1.497379823182));
#2849 = CARTESIAN_POINT('',(-23.93075189637,9.,1.497379823182));
#2850 = CARTESIAN_POINT('',(-24.02265202212,-13.,2.059877050872));
#2851 = CARTESIAN_POINT('',(-24.02265202212,9.,2.059877050872));
#2852 = CARTESIAN_POINT('',(-24.09621816256,-13.,2.535266730935));
#2853 = CARTESIAN_POINT('',(-24.09621816256,9.,2.535266730935));
#2854 = CARTESIAN_POINT('',(-24.15263258426,-13.,2.918850297583));
#2855 = CARTESIAN_POINT('',(-24.15263258426,9.,2.918850297583));
#2856 = CARTESIAN_POINT('',(-24.19354655396,-13.,3.207906185804));
#2857 = CARTESIAN_POINT('',(-24.19354655396,9.,3.207906185804));
#2858 = CARTESIAN_POINT('',(-24.22640509655,-13.,3.450287262315));
#2859 = CARTESIAN_POINT('',(-24.22640509655,9.,3.450287262315));
#2860 = CARTESIAN_POINT('',(-24.25187458275,-13.,3.645271886511));
#2861 = CARTESIAN_POINT('',(-24.25187458275,9.,3.645271886511));
#2862 = CARTESIAN_POINT('',(-24.27055437803,-13.,3.792161494694));
#2863 = CARTESIAN_POINT('',(-24.27055437803,9.,3.792161494694));
#2864 = CARTESIAN_POINT('',(-24.28870604167,-13.,3.939081540448));
#2865 = CARTESIAN_POINT('',(-24.28870604167,9.,3.939081540448));
#2866 = CARTESIAN_POINT('',(-24.31208758125,-13.,4.134076940952));
#2867 = CARTESIAN_POINT('',(-24.31208758125,9.,4.134076940952));
#2868 = CARTESIAN_POINT('',(-24.33986169942,-13.,4.376861946791));
#2869 = CARTESIAN_POINT('',(-24.33986169942,9.,4.376861946791));
#2870 = CARTESIAN_POINT('',(-24.37063075713,-13.,4.664646616934));
#2871 = CARTESIAN_POINT('',(-24.37063075713,9.,4.664646616934));
#2872 = CARTESIAN_POINT('',(-24.39879657988,-13.,4.947195151448));
#2873 = CARTESIAN_POINT('',(-24.39879657988,9.,4.947195151448));
#2874 = CARTESIAN_POINT('',(-24.42459644369,-13.,5.225357869927));
#2875 = CARTESIAN_POINT('',(-24.42459644369,9.,5.225357869927));
#2876 = CARTESIAN_POINT('',(-24.45604275563,-13.,5.590873426466));
#2877 = CARTESIAN_POINT('',(-24.45604275563,9.,5.590873426466));
#2878 = CARTESIAN_POINT('',(-24.49005154551,-13.,6.036927352935));
#2879 = CARTESIAN_POINT('',(-24.49005154551,9.,6.036927352935));
#2880 = CARTESIAN_POINT('',(-24.51792159887,-13.,6.468467308242));
#2881 = CARTESIAN_POINT('',(-24.51792159887,9.,6.468467308242));
#2882 = CARTESIAN_POINT('',(-24.53711608964,-13.,6.805202143788));
#2883 = CARTESIAN_POINT('',(-24.53711608964,9.,6.805202143788));
#2884 = CARTESIAN_POINT('',(-24.55011446477,-13.,7.05372699769));
#2885 = CARTESIAN_POINT('',(-24.55011446477,9.,7.05372699769));
#2886 = CARTESIAN_POINT('',(-24.56182335974,-13.,7.297515000234));
#2887 = CARTESIAN_POINT('',(-24.56182335974,9.,7.297515000234));
#2888 = CARTESIAN_POINT('',(-24.57068334122,-13.,7.497537704564));
#2889 = CARTESIAN_POINT('',(-24.57068334122,9.,7.497537704564));
#2890 = CARTESIAN_POINT('',(-24.57738048355,-13.,7.658734000032));
#2891 = CARTESIAN_POINT('',(-24.57738048355,9.,7.658734000032));
#2892 = CARTESIAN_POINT('',(-24.58383992685,-13.,7.82218710469));
#2893 = CARTESIAN_POINT('',(-24.58383992685,9.,7.82218710469));
#2894 = CARTESIAN_POINT('',(-24.59136730059,-13.,8.030101001207));
#2895 = CARTESIAN_POINT('',(-24.59136730059,9.,8.030101001207));
#2896 = CARTESIAN_POINT('',(-24.59928175702,-13.,8.285406293044));
#2897 = CARTESIAN_POINT('',(-24.59928175702,9.,8.285406293044));
#2898 = CARTESIAN_POINT('',(-24.60800400473,-13.,8.633211417726));
#2899 = CARTESIAN_POINT('',(-24.60800400473,9.,8.633211417726));
#2900 = CARTESIAN_POINT('',(-24.61485484117,-13.,9.08218972788));
#2901 = CARTESIAN_POINT('',(-24.61485484117,9.,9.08218972788));
#2902 = CARTESIAN_POINT('',(-24.61440478414,-13.,9.643931972691));
#2903 = CARTESIAN_POINT('',(-24.61440478414,9.,9.643931972691));
#2904 = CARTESIAN_POINT('',(-24.60483324841,-13.,10.130995804838));
#2905 = CARTESIAN_POINT('',(-24.60483324841,9.,10.130995804838));
#2906 = CARTESIAN_POINT('',(-24.59044631519,-13.,10.53154036127));
#2907 = CARTESIAN_POINT('',(-24.59044631519,9.,10.53154036127));
#2908 = CARTESIAN_POINT('',(-24.57595962263,-13.,10.837658109912));
#2909 = CARTESIAN_POINT('',(-24.57595962263,9.,10.837658109912));
#2910 = CARTESIAN_POINT('',(-24.55752955384,-13.,11.148047822367));
#2911 = CARTESIAN_POINT('',(-24.55752955384,9.,11.148047822367));
#2912 = CARTESIAN_POINT('',(-24.52754153661,-13.,11.565795805331));
#2913 = CARTESIAN_POINT('',(-24.52754153661,9.,11.565795805331));
#2914 = CARTESIAN_POINT('',(-24.47936963114,-13.,12.095877331865));
#2915 = CARTESIAN_POINT('',(-24.47936963114,9.,12.095877331865));
#2916 = CARTESIAN_POINT('',(-24.40288612639,-13.,12.743359934028));
#2917 = CARTESIAN_POINT('',(-24.40288612639,9.,12.743359934028));
#2918 = CARTESIAN_POINT('',(-24.30579804678,-13.,13.402945552707));
#2919 = CARTESIAN_POINT('',(-24.30579804678,9.,13.402945552707));
#2920 = CARTESIAN_POINT('',(-24.20569554079,-13.,13.963385337275));
#2921 = CARTESIAN_POINT('',(-24.20569554079,9.,13.963385337275));
#2922 = CARTESIAN_POINT('',(-24.11305632768,-13.,14.417028837935));
#2923 = CARTESIAN_POINT('',(-24.11305632768,9.,14.417028837935));
#2924 = CARTESIAN_POINT('',(-24.03713642249,-13.,14.759314721864));
#2925 = CARTESIAN_POINT('',(-24.03713642249,9.,14.759314721864));
#2926 = CARTESIAN_POINT('',(-23.9544908645,-13.,15.103641920355));
#2927 = CARTESIAN_POINT('',(-23.9544908645,9.,15.103641920355));
#2928 = CARTESIAN_POINT('',(-23.86475423245,-13.,15.450179523437));
#2929 = CARTESIAN_POINT('',(-23.86475423245,9.,15.450179523437));
#2930 = CARTESIAN_POINT('',(-23.76790777513,-13.,15.797745240359));
#2931 = CARTESIAN_POINT('',(-23.76790777513,9.,15.797745240359));
#2932 = CARTESIAN_POINT('',(-23.62948196736,-13.,16.26092683773));
#2933 = CARTESIAN_POINT('',(-23.62948196736,9.,16.26092683773));
#2934 = CARTESIAN_POINT('',(-23.47672153814,-13.,16.723854926009));
#2935 = CARTESIAN_POINT('',(-23.47672153814,9.,16.723854926009));
#2936 = CARTESIAN_POINT('',(-23.30894214726,-13.,17.186183385294));
#2937 = CARTESIAN_POINT('',(-23.30894214726,9.,17.186183385294));
#2938 = CARTESIAN_POINT('',(-23.1752430473,-13.,17.532926228796));
#2939 = CARTESIAN_POINT('',(-23.1752430473,9.,17.532926228796));
#2940 = CARTESIAN_POINT('',(-23.0336465328,-13.,17.879074705518));
#2941 = CARTESIAN_POINT('',(-23.0336465328,9.,17.879074705518));
#2942 = CARTESIAN_POINT('',(-22.88422441967,-13.,18.223961534432));
#2943 = CARTESIAN_POINT('',(-22.88422441967,9.,18.223961534432));
#2944 = CARTESIAN_POINT('',(-22.75278844838,-13.,18.510804952834));
#2945 = CARTESIAN_POINT('',(-22.75278844838,9.,18.510804952834));
#2946 = CARTESIAN_POINT('',(-22.64326577922,-13.,18.74007620197));
#2947 = CARTESIAN_POINT('',(-22.64326577922,9.,18.74007620197));
#2948 = CARTESIAN_POINT('',(-22.55885059479,-13.,18.912009108196));
#2949 = CARTESIAN_POINT('',(-22.55885059479,9.,18.912009108196));
#2950 = CARTESIAN_POINT('',(-22.47250138244,-13.,19.083158184168));
#2951 = CARTESIAN_POINT('',(-22.47250138244,9.,19.083158184168));
#2952 = CARTESIAN_POINT('',(-22.38458074765,-13.,19.252846828664));
#2953 = CARTESIAN_POINT('',(-22.38458074765,9.,19.252846828664));
#2954 = CARTESIAN_POINT('',(-22.29501241439,-13.,19.421273897895));
#2955 = CARTESIAN_POINT('',(-22.29501241439,9.,19.421273897895));
#2956 = CARTESIAN_POINT('',(-22.20370795667,-13.,19.588623672283));
#2957 = CARTESIAN_POINT('',(-22.20370795667,9.,19.588623672283));
#2958 = CARTESIAN_POINT('',(-22.11103746382,-13.,19.754245405402));
#2959 = CARTESIAN_POINT('',(-22.11103746382,9.,19.754245405402));
#2960 = CARTESIAN_POINT('',(-21.98625861964,-13.,19.971861675744));
#2961 = CARTESIAN_POINT('',(-21.98625861964,9.,19.971861675744));
#2962 = CARTESIAN_POINT('',(-21.82803139617,-13.,20.238167936022));
#2963 = CARTESIAN_POINT('',(-21.82803139617,9.,20.238167936022));
#2964 = CARTESIAN_POINT('',(-21.63476558404,-13.,20.549259762219));
#2965 = CARTESIAN_POINT('',(-21.63476558404,9.,20.549259762219));
#2966 = CARTESIAN_POINT('',(-21.37252385459,-13.,20.953865942696));
#2967 = CARTESIAN_POINT('',(-21.37252385459,9.,20.953865942696));
#2968 = CARTESIAN_POINT('',(-21.03775378392,-13.,21.439964862228));
#2969 = CARTESIAN_POINT('',(-21.03775378392,9.,21.439964862228));
#2970 = CARTESIAN_POINT('',(-20.69632547946,-13.,21.900875238517));
#2971 = CARTESIAN_POINT('',(-20.69632547946,9.,21.900875238517));
#2972 = CARTESIAN_POINT('',(-20.42037248606,-13.,22.255438825205));
#2973 = CARTESIAN_POINT('',(-20.42037248606,9.,22.255438825205));
#2974 = CARTESIAN_POINT('',(-20.24690755481,-13.,22.47138179318));
#2975 = CARTESIAN_POINT('',(-20.24690755481,9.,22.47138179318));
#2976 = CARTESIAN_POINT('',(-20.1077568114,-13.,22.640737151729));
#2977 = CARTESIAN_POINT('',(-20.1077568114,9.,22.640737151729));
#2978 = CARTESIAN_POINT('',(-20.0036185181,-13.,22.765636290734));
#2979 = CARTESIAN_POINT('',(-20.0036185181,9.,22.765636290734));
#2980 = CARTESIAN_POINT('',(-19.89878931518,-13.,22.889587404897));
#2981 = CARTESIAN_POINT('',(-19.89878931518,9.,22.889587404897));
#2982 = CARTESIAN_POINT('',(-19.75713890266,-13.,23.054679036318));
#2983 = CARTESIAN_POINT('',(-19.75713890266,9.,23.054679036318));
#2984 = CARTESIAN_POINT('',(-19.57586544321,-13.,23.261413299915));
#2985 = CARTESIAN_POINT('',(-19.57586544321,9.,23.261413299915));
#2986 = CARTESIAN_POINT('',(-19.35007476138,-13.,23.511191151481));
#2987 = CARTESIAN_POINT('',(-19.35007476138,9.,23.511191151481));
#2988 = CARTESIAN_POINT('',(-19.1163363777,-13.,23.761639827487));
#2989 = CARTESIAN_POINT('',(-19.1163363777,9.,23.761639827487));
#2990 = CARTESIAN_POINT('',(-18.79409215134,-13.,24.095683937939));
#2991 = CARTESIAN_POINT('',(-18.79409215134,9.,24.095683937939));
#2992 = CARTESIAN_POINT('',(-18.3707687432,-13.,24.512681036479));
#2993 = CARTESIAN_POINT('',(-18.3707687432,9.,24.512681036479));
#2994 = CARTESIAN_POINT('',(-17.82958626559,-13.,25.008171431906));
#2995 = CARTESIAN_POINT('',(-17.82958626559,9.,25.008171431906));
#2996 = CARTESIAN_POINT('',(-17.35086873825,-13.,25.413850497041));
#2997 = CARTESIAN_POINT('',(-17.35086873825,9.,25.413850497041));
#2998 = CARTESIAN_POINT('',(-17.0015359593,-13.,25.692313283892));
#2999 = CARTESIAN_POINT('',(-17.0015359593,9.,25.692313283892));
#3000 = CARTESIAN_POINT('',(-16.79808721178,-13.,25.849518721583));
#3001 = CARTESIAN_POINT('',(-16.79808721178,9.,25.849518721583));
#3002 = CARTESIAN_POINT('',(-16.64336230264,-13.,25.966592753383));
#3003 = CARTESIAN_POINT('',(-16.64336230264,9.,25.966592753383));
#3004 = CARTESIAN_POINT('',(-16.48723479602,-13.,26.082244980338));
#3005 = CARTESIAN_POINT('',(-16.48723479602,9.,26.082244980338));
#3006 = CARTESIAN_POINT('',(-16.27816590395,-13.,26.233883150196));
#3007 = CARTESIAN_POINT('',(-16.27816590395,9.,26.233883150196));
#3008 = CARTESIAN_POINT('',(-16.01468308004,-13.,26.419066551436));
#3009 = CARTESIAN_POINT('',(-16.01468308004,9.,26.419066551436));
#3010 = CARTESIAN_POINT('',(-15.69516046586,-13.,26.634484698866));
#3011 = CARTESIAN_POINT('',(-15.69516046586,9.,26.634484698866));
#3012 = CARTESIAN_POINT('',(-15.26492290618,-13.,26.912756651048));
#3013 = CARTESIAN_POINT('',(-15.26492290618,9.,26.912756651048));
#3014 = CARTESIAN_POINT('',(-14.7185114739,-13.,27.244745664592));
#3015 = CARTESIAN_POINT('',(-14.7185114739,9.,27.244745664592));
#3016 = CARTESIAN_POINT('',(-14.04885174106,-13.,27.618674321613));
#3017 = CARTESIAN_POINT('',(-14.04885174106,9.,27.618674321613));
#3018 = CARTESIAN_POINT('',(-13.36439675225,-13.,27.968884085972));
#3019 = CARTESIAN_POINT('',(-13.36439675225,9.,27.968884085972));
#3020 = CARTESIAN_POINT('',(-12.78053167191,-13.,28.241187768363));
#3021 = CARTESIAN_POINT('',(-12.78053167191,9.,28.241187768363));
#3022 = CARTESIAN_POINT('',(-12.30566494887,-13.,28.446774308565));
#3023 = CARTESIAN_POINT('',(-12.30566494887,9.,28.446774308565));
#3024 = CARTESIAN_POINT('',(-11.94500595379,-13.,28.594957167227));
#3025 = CARTESIAN_POINT('',(-11.94500595379,9.,28.594957167227));
#3026 = CARTESIAN_POINT('',(-11.58174256382,-13.,28.7361992712));
#3027 = CARTESIAN_POINT('',(-11.58174256382,9.,28.7361992712));
#3028 = CARTESIAN_POINT('',(-11.09681510856,-13.,28.91431617665));
#3029 = CARTESIAN_POINT('',(-11.09681510856,9.,28.91431617665));
#3030 = CARTESIAN_POINT('',(-10.48860190774,-13.,29.118585449553));
#3031 = CARTESIAN_POINT('',(-10.48860190774,9.,29.118585449553));
#3032 = CARTESIAN_POINT('',(-9.513202033341,-13.,29.406952491263));
#3033 = CARTESIAN_POINT('',(-9.513202033341,9.,29.406952491263));
#3034 = CARTESIAN_POINT('',(-8.29287449953,-13.,29.697202026373));
#3035 = CARTESIAN_POINT('',(-8.29287449953,9.,29.697202026373));
#3036 = CARTESIAN_POINT('',(-6.83545429725,-13.,29.940262426421));
#3037 = CARTESIAN_POINT('',(-6.83545429725,9.,29.940262426421));
#3038 = CARTESIAN_POINT('',(-5.632455657645,-13.,30.061625393088));
#3039 = CARTESIAN_POINT('',(-5.632455657645,9.,30.061625393088));
#3040 = CARTESIAN_POINT('',(-4.679170031258,-13.,30.113959967267));
#3041 = CARTESIAN_POINT('',(-4.679170031258,9.,30.113959967267));
#3042 = CARTESIAN_POINT('',(-3.96880192838,-13.,30.131747158679));
#3043 = CARTESIAN_POINT('',(-3.96880192838,9.,30.131747158679));
#3044 = CARTESIAN_POINT('',(-3.263846157387,-13.,30.12892284001));
#3045 = CARTESIAN_POINT('',(-3.263846157387,9.,30.12892284001));
#3046 = CARTESIAN_POINT('',(-2.681810025735,-13.,30.110172219422));
#3047 = CARTESIAN_POINT('',(-2.681810025735,9.,30.110172219422));
#3048 = CARTESIAN_POINT('',(-2.276676150612,-13.,30.088785475481));
#3049 = CARTESIAN_POINT('',(-2.276676150612,9.,30.088785475481));
#3050 = CARTESIAN_POINT('',(-2.04534427598,-13.,30.074195785614));
#3051 = CARTESIAN_POINT('',(-2.04534427598,9.,30.074195785614));
#3052 = CARTESIAN_POINT('',(-1.814503113797,-13.,30.058059425445));
#3053 = CARTESIAN_POINT('',(-1.814503113797,9.,30.058059425445));
#3054 = CARTESIAN_POINT('',(-1.524820855593,-13.,30.034855703494));
#3055 = CARTESIAN_POINT('',(-1.524820855593,9.,30.034855703494));
#3056 = CARTESIAN_POINT('',(-1.173799367564,-13.,30.001795061939));
#3057 = CARTESIAN_POINT('',(-1.173799367564,9.,30.001795061939));
#3058 = CARTESIAN_POINT('',(-0.820139628932,-13.,29.963340919453));
#3059 = CARTESIAN_POINT('',(-0.820139628932,9.,29.963340919453));
#3060 = CARTESIAN_POINT('',(-0.345351625633,-13.,29.904627207905));
#3061 = CARTESIAN_POINT('',(-0.345351625633,9.,29.904627207905));
#3062 = CARTESIAN_POINT('',(0.25404247638,-13.,29.816764987488));
#3063 = CARTESIAN_POINT('',(0.25404247638,9.,29.816764987488));
#3064 = CARTESIAN_POINT('',(0.981455797209,-13.,29.686672807736));
#3065 = CARTESIAN_POINT('',(0.981455797209,9.,29.686672807736));
#3066 = CARTESIAN_POINT('',(1.593224161535,-13.,29.556583500979));
#3067 = CARTESIAN_POINT('',(1.593224161535,9.,29.556583500979));
#3068 = CARTESIAN_POINT('',(2.085496535199,-13.,29.438823623806));
#3069 = CARTESIAN_POINT('',(2.085496535199,9.,29.438823623806));
#3070 = CARTESIAN_POINT('',(2.456217284698,-13.,29.343429513045));
#3071 = CARTESIAN_POINT('',(2.456217284698,9.,29.343429513045));
#3072 = CARTESIAN_POINT('',(2.765729553275,-13.,29.258055547666));
#3073 = CARTESIAN_POINT('',(2.765729553275,9.,29.258055547666));
#3074 = CARTESIAN_POINT('',(3.013254011619,-13.,29.186294719054));
#3075 = CARTESIAN_POINT('',(3.013254011619,9.,29.186294719054));
#3076 = CARTESIAN_POINT('',(3.199086644746,-13.,29.130658681261));
#3077 = CARTESIAN_POINT('',(3.199086644746,9.,29.130658681261));
#3078 = CARTESIAN_POINT('',(3.38434865113,-13.,29.073420993339));
#3079 = CARTESIAN_POINT('',(3.38434865113,9.,29.073420993339));
#3080 = CARTESIAN_POINT('',(3.629651171125,-13.,28.995310247794));
#3081 = CARTESIAN_POINT('',(3.629651171125,9.,28.995310247794));
#3082 = CARTESIAN_POINT('',(3.933498329257,-13.,28.894273636621));
#3083 = CARTESIAN_POINT('',(3.933498329257,9.,28.894273636621));
#3084 = CARTESIAN_POINT('',(4.293860706752,-13.,28.767805360749));
#3085 = CARTESIAN_POINT('',(4.293860706752,9.,28.767805360749));
#3086 = CARTESIAN_POINT('',(4.769006507567,-13.,28.592416443899));
#3087 = CARTESIAN_POINT('',(4.769006507567,9.,28.592416443899));
#3088 = CARTESIAN_POINT('',(5.353126329868,-13.,28.360994282595));
#3089 = CARTESIAN_POINT('',(5.353126329868,9.,28.360994282595));
#3090 = CARTESIAN_POINT('',(6.038822878486,-13.,28.065265365319));
#3091 = CARTESIAN_POINT('',(6.038822878486,9.,28.065265365319));
#3092 = CARTESIAN_POINT('',(6.709800021576,-13.,27.752773827644));
#3093 = CARTESIAN_POINT('',(6.709800021576,9.,27.752773827644));
#3094 = CARTESIAN_POINT('',(7.257059442952,-13.,27.47929551094));
#3095 = CARTESIAN_POINT('',(7.257059442952,9.,27.47929551094));
#3096 = CARTESIAN_POINT('',(7.687892243448,-13.,27.253173400113));
#3097 = CARTESIAN_POINT('',(7.687892243448,9.,27.253173400113));
#3098 = CARTESIAN_POINT('',(8.114589790353,-13.,27.022033547106));
#3099 = CARTESIAN_POINT('',(8.114589790353,9.,27.022033547106));
#3100 = CARTESIAN_POINT('',(8.638258879155,-13.,26.725050652132));
#3101 = CARTESIAN_POINT('',(8.638258879155,9.,26.725050652132));
#3102 = CARTESIAN_POINT('',(9.249383519209,-13.,26.358205372628));
#3103 = CARTESIAN_POINT('',(9.249383519209,9.,26.358205372628));
#3104 = CARTESIAN_POINT('',(10.040930601228,-13.,25.857031530289));
#3105 = CARTESIAN_POINT('',(10.040930601228,9.,25.857031530289));
#3106 = CARTESIAN_POINT('',(10.799096018534,-13.,25.339047071862));
#3107 = CARTESIAN_POINT('',(10.799096018534,9.,25.339047071862));
#3108 = CARTESIAN_POINT('',(11.433631351827,-13.,24.872696769098));
#3109 = CARTESIAN_POINT('',(11.433631351827,9.,24.872696769098));
#3110 = CARTESIAN_POINT('',(11.788296294348,-13.,24.602207644839));
#3111 = CARTESIAN_POINT('',(11.788296294348,9.,24.602207644839));
#3112 = CARTESIAN_POINT('',(12.050875928369,-13.,24.396849212367));
#3113 = CARTESIAN_POINT('',(12.050875928369,9.,24.396849212367));
#3114 = CARTESIAN_POINT('',(12.266179280435,-13.,24.224078406945));
#3115 = CARTESIAN_POINT('',(12.266179280435,9.,24.224078406945));
#3116 = CARTESIAN_POINT('',(12.435875618074,-13.,24.085235288811));
#3117 = CARTESIAN_POINT('',(12.435875618074,9.,24.085235288811));
#3118 = CARTESIAN_POINT('',(12.604171563478,-13.,23.945728696755));
#3119 = CARTESIAN_POINT('',(12.604171563478,9.,23.945728696755));
#3120 = CARTESIAN_POINT('',(12.81039103997,-13.,23.771361834272));
#3121 = CARTESIAN_POINT('',(12.81039103997,9.,23.771361834272));
#3122 = CARTESIAN_POINT('',(13.049948564411,-13.,23.563545767931));
#3123 = CARTESIAN_POINT('',(13.049948564411,9.,23.563545767931));
#3124 = CARTESIAN_POINT('',(13.2821124577,-13.,23.357100145288));
#3125 = CARTESIAN_POINT('',(13.2821124577,9.,23.357100145288));
#3126 = CARTESIAN_POINT('',(13.582073985865,-13.,23.083927593554));
#3127 = CARTESIAN_POINT('',(13.582073985865,9.,23.083927593554));
#3128 = CARTESIAN_POINT('',(13.867204662527,-13.,22.815100622809));
#3129 = CARTESIAN_POINT('',(13.867204662527,9.,22.815100622809));
#3130 = CARTESIAN_POINT('',(14.137545947866,-13.,22.552494482386));
#3131 = CARTESIAN_POINT('',(14.137545947866,9.,22.552494482386));
#3132 = CARTESIAN_POINT('',(14.333025889318,-13.,22.359057199271));
#3133 = CARTESIAN_POINT('',(14.333025889318,9.,22.359057199271));
#3134 = CARTESIAN_POINT('',(14.521478827628,-13.,22.169411941352));
#3135 = CARTESIAN_POINT('',(14.521478827628,9.,22.169411941352));
#3136 = CARTESIAN_POINT('',(14.672973707602,-13.,22.014652073545));
#3137 = CARTESIAN_POINT('',(14.672973707602,9.,22.014652073545));
#3138 = CARTESIAN_POINT('',(14.790854939991,-13.,21.893048593416));
#3139 = CARTESIAN_POINT('',(14.790854939991,9.,21.893048593416));
#3140 = CARTESIAN_POINT('',(14.906041229329,-13.,21.773514191009));
#3141 = CARTESIAN_POINT('',(14.906041229329,9.,21.773514191009));
#3142 = CARTESIAN_POINT('',(15.019051220947,-13.,21.65528878536));
#3143 = CARTESIAN_POINT('',(15.019051220947,9.,21.65528878536));
#3144 = CARTESIAN_POINT('',(15.132833193253,-13.,21.535331048752));
#3145 = CARTESIAN_POINT('',(15.132833193253,9.,21.535331048752));
#3146 = CARTESIAN_POINT('',(15.248405353677,-13.,21.412800654102));
#3147 = CARTESIAN_POINT('',(15.248405353677,9.,21.412800654102));
#3148 = CARTESIAN_POINT('',(15.395549850819,-13.,21.255382982328));
#3149 = CARTESIAN_POINT('',(15.395549850819,9.,21.255382982328));
#3150 = CARTESIAN_POINT('',(15.576006771779,-13.,21.059632525909));
#3151 = CARTESIAN_POINT('',(15.576006771779,9.,21.059632525909));
#3152 = CARTESIAN_POINT('',(15.820948908226,-13.,20.78980262773));
#3153 = CARTESIAN_POINT('',(15.820948908226,9.,20.78980262773));
#3154 = CARTESIAN_POINT('',(16.134920120915,-13.,20.435151014581));
#3155 = CARTESIAN_POINT('',(16.134920120915,9.,20.435151014581));
#3156 = CARTESIAN_POINT('',(16.45707978651,-13.,20.056412859372));
#3157 = CARTESIAN_POINT('',(16.45707978651,9.,20.056412859372));
#3158 = CARTESIAN_POINT('',(16.718210231147,-13.,19.738572863744));
#3159 = CARTESIAN_POINT('',(16.718210231147,9.,19.738572863744));
#3160 = CARTESIAN_POINT('',(16.915343465814,-13.,19.492718408935));
#3161 = CARTESIAN_POINT('',(16.915343465814,9.,19.492718408935));
#3162 = CARTESIAN_POINT('',(17.080481310816,-13.,19.281390268402));
#3163 = CARTESIAN_POINT('',(17.080481310816,9.,19.281390268402));
#3164 = CARTESIAN_POINT('',(17.212779341771,-13.,19.108592043088));
#3165 = CARTESIAN_POINT('',(17.212779341771,9.,19.108592043088));
#3166 = CARTESIAN_POINT('',(17.312319258567,-13.,18.976755065609));
#3167 = CARTESIAN_POINT('',(17.312319258567,9.,18.976755065609));
#3168 = CARTESIAN_POINT('',(17.410954357658,-13.,18.844230792551));
#3169 = CARTESIAN_POINT('',(17.410954357658,9.,18.844230792551));
#3170 = CARTESIAN_POINT('',(17.539812226866,-13.,18.66869057232));
#3171 = CARTESIAN_POINT('',(17.539812226866,9.,18.66869057232));
#3172 = CARTESIAN_POINT('',(17.696557079361,-13.,18.450817564056));
#3173 = CARTESIAN_POINT('',(17.696557079361,9.,18.450817564056));
#3174 = CARTESIAN_POINT('',(17.877953260804,-13.,18.192320877217));
#3175 = CARTESIAN_POINT('',(17.877953260804,9.,18.192320877217));
#3176 = CARTESIAN_POINT('',(18.111668803223,-13.,17.851419567697));
#3177 = CARTESIAN_POINT('',(18.111668803223,9.,17.851419567697));
#3178 = CARTESIAN_POINT('',(18.38926209043,-13.,17.432925662891));
#3179 = CARTESIAN_POINT('',(18.38926209043,9.,17.432925662891));
#3180 = CARTESIAN_POINT('',(18.701025583666,-13.,16.944678747854));
#3181 = CARTESIAN_POINT('',(18.701025583666,9.,16.944678747854));
#3182 = CARTESIAN_POINT('',(18.944188770382,-13.,16.550983884452));
#3183 = CARTESIAN_POINT('',(18.944188770382,9.,16.550983884452));
#3184 = CARTESIAN_POINT('',(19.129014145816,-13.,16.245250162168));
#3185 = CARTESIAN_POINT('',(19.129014145816,9.,16.245250162168));
#3186 = CARTESIAN_POINT('',(19.306933854833,-13.,15.946979537172));
#3187 = CARTESIAN_POINT('',(19.306933854833,9.,15.946979537172));
#3188 = CARTESIAN_POINT('',(19.475833110805,-13.,15.658521845728));
#3189 = CARTESIAN_POINT('',(19.475833110805,9.,15.658521845728));
#3190 = CARTESIAN_POINT('',(19.637485341067,-13.,15.377868848569));
#3191 = CARTESIAN_POINT('',(19.637485341067,9.,15.377868848569));
#3192 = CARTESIAN_POINT('',(19.795004536906,-13.,15.101363315164));
#3193 = CARTESIAN_POINT('',(19.795004536906,9.,15.101363315164));
#3194 = CARTESIAN_POINT('',(19.983953538976,-13.,14.764145308715));
#3195 = CARTESIAN_POINT('',(19.983953538976,9.,14.764145308715));
#3196 = CARTESIAN_POINT('',(20.16231122621,-13.,14.438927466895));
#3197 = CARTESIAN_POINT('',(20.16231122621,9.,14.438927466895));
#3198 = CARTESIAN_POINT('',(20.298613065225,-13.,14.186542481041));
#3199 = CARTESIAN_POINT('',(20.298613065225,9.,14.186542481041));
#3200 = CARTESIAN_POINT('',(20.397726016906,-13.,14.001131933155));
#3201 = CARTESIAN_POINT('',(20.397726016906,9.,14.001131933155));
#3202 = CARTESIAN_POINT('',(20.477732375777,-13.,13.849950024007));
#3203 = CARTESIAN_POINT('',(20.477732375777,9.,13.849950024007));
#3204 = CARTESIAN_POINT('',(20.540209921011,-13.,13.731013501129));
#3205 = CARTESIAN_POINT('',(20.540209921011,9.,13.731013501129));
#3206 = CARTESIAN_POINT('',(20.58607453843,-13.,13.643276332139));
#3207 = CARTESIAN_POINT('',(20.58607453843,9.,13.643276332139));
#3208 = CARTESIAN_POINT('',(20.631762406204,-13.,13.555460435708));
#3209 = CARTESIAN_POINT('',(20.631762406204,9.,13.555460435708));
#3210 = CARTESIAN_POINT('',(20.693503710084,-13.,13.436126798202));
#3211 = CARTESIAN_POINT('',(20.693503710084,9.,13.436126798202));
#3212 = CARTESIAN_POINT('',(20.772256009442,-13.,13.282473666857));
#3213 = CARTESIAN_POINT('',(20.772256009442,9.,13.282473666857));
#3214 = CARTESIAN_POINT('',(20.869421007758,-13.,13.089829611401));
#3215 = CARTESIAN_POINT('',(20.869421007758,9.,13.089829611401));
#3216 = CARTESIAN_POINT('',(20.968725192139,-13.,12.889159408454));
#3217 = CARTESIAN_POINT('',(20.968725192139,9.,12.889159408454));
#3218 = CARTESIAN_POINT('',(21.069745748723,-13.,12.68057335997));
#3219 = CARTESIAN_POINT('',(21.069745748723,9.,12.68057335997));
#3220 = CARTESIAN_POINT('',(21.172092895909,-13.,12.464210835369));
#3221 = CARTESIAN_POINT('',(21.172092895909,9.,12.464210835369));
#3222 = CARTESIAN_POINT('',(21.274985391793,-13.,12.24119094199));
#3223 = CARTESIAN_POINT('',(21.274985391793,9.,12.24119094199));
#3224 = CARTESIAN_POINT('',(21.377864527629,-13.,12.012481998075));
#3225 = CARTESIAN_POINT('',(21.377864527629,9.,12.012481998075));
#3226 = CARTESIAN_POINT('',(21.480772891916,-13.,11.777897179631));
#3227 = CARTESIAN_POINT('',(21.480772891916,9.,11.777897179631));
#3228 = CARTESIAN_POINT('',(21.549597532044,-13.,11.617111146315));
#3229 = CARTESIAN_POINT('',(21.549597532044,9.,11.617111146315));
#3230 = CARTESIAN_POINT('',(21.583983919038,-13.,11.535824004964));
#3231 = CARTESIAN_POINT('',(21.583983919038,9.,11.535824004964));
#3232 = ADVANCED_FACE('',(#3233),#3237,.T.);
#3233 = FACE_BOUND('',#3234,.T.);
#3234 = EDGE_LOOP('',(#3235,#3236));
#3235 = ORIENTED_EDGE('',*,*,#1580,.F.);
#3236 = ORIENTED_EDGE('',*,*,#2236,.F.);
#3237 = PLANE('',#3238);
#3238 = AXIS2_PLACEMENT_3D('',#3239,#3240,#3241);
#3239 = CARTESIAN_POINT('',(-100.,8.,27.));
#3240 = DIRECTION('',(-0.,1.,0.));
#3241 = DIRECTION('',(0.,0.,1.));
#3242 = ADVANCED_FACE('',(#3243),#3255,.T.);
#3243 = FACE_BOUND('',#3244,.T.);
#3244 = EDGE_LOOP('',(#3245,#3246,#3253,#3254));
#3245 = ORIENTED_EDGE('',*,*,#2000,.F.);
#3246 = ORIENTED_EDGE('',*,*,#3247,.T.);
#3247 = EDGE_CURVE('',#1992,#1764,#3248,.T.);
#3248 = CIRCLE('',#3249,1.);
#3249 = AXIS2_PLACEMENT_3D('',#3250,#3251,#3252);
#3250 = CARTESIAN_POINT('',(11.631501248699,-8.,27.966053723069));
#3251 = DIRECTION('',(1.,0.,0.));
#3252 = DIRECTION('',(0.,0.,-1.));
#3253 = ORIENTED_EDGE('',*,*,#1800,.T.);
#3254 = ORIENTED_EDGE('',*,*,#2174,.F.);
#3255 = CYLINDRICAL_SURFACE('',#3256,1.);
#3256 = AXIS2_PLACEMENT_3D('',#3257,#3258,#3259);
#3257 = CARTESIAN_POINT('',(7.427999390689E-03,-8.,27.966053723069));
#3258 = DIRECTION('',(1.,0.,0.));
#3259 = DIRECTION('',(0.,0.,-1.));
#3260 = ADVANCED_FACE('',(#3261),#3273,.T.);
#3261 = FACE_BOUND('',#3262,.T.);
#3262 = EDGE_LOOP('',(#3263,#3264,#3271,#3272));
#3263 = ORIENTED_EDGE('',*,*,#1991,.F.);
#3264 = ORIENTED_EDGE('',*,*,#3265,.T.);
#3265 = EDGE_CURVE('',#1883,#1753,#3266,.T.);
#3266 = CIRCLE('',#3267,1.);
#3267 = AXIS2_PLACEMENT_3D('',#3268,#3269,#3270);
#3268 = CARTESIAN_POINT('',(9.972374349721,-8.,27.082878657015));
#3269 = DIRECTION('',(0.558412466973,0.,0.82956344949));
#3270 = DIRECTION('',(0.82956344949,0.,-0.558412466973));
#3271 = ORIENTED_EDGE('',*,*,#1763,.F.);
#3272 = ORIENTED_EDGE('',*,*,#3247,.F.);
#3273 = TOROIDAL_SURFACE('',#3274,2.,1.);
#3274 = AXIS2_PLACEMENT_3D('',#3275,#3276,#3277);
#3275 = CARTESIAN_POINT('',(11.631501248699,-8.,25.966053723069));
#3276 = DIRECTION('',(0.,1.,0.));
#3277 = DIRECTION('',(0.,-0.,1.));
#3278 = ADVANCED_FACE('',(#3279),#3284,.T.);
#3279 = FACE_BOUND('',#3280,.T.);
#3280 = EDGE_LOOP('',(#3281,#3282,#3283));
#3281 = ORIENTED_EDGE('',*,*,#3265,.F.);
#3282 = ORIENTED_EDGE('',*,*,#1897,.T.);
#3283 = ORIENTED_EDGE('',*,*,#1752,.T.);
#3284 = ( BOUNDED_SURFACE() B_SPLINE_SURFACE(3,2,(
    (#3285,#3286,#3287)
    ,(#3288,#3289,#3290)
    ,(#3291,#3292,#3293)
    ,(#3294,#3295,#3296)
    ,(#3297,#3298,#3299)
    ,(#3300,#3301,#3302)
    ,(#3303,#3304,#3305)
    ,(#3306,#3307,#3308
)),.UNSPECIFIED.,.F.,.F.,.F.) B_SPLINE_SURFACE_WITH_KNOTS((4,1,1,1,1,4),
  (3,3),(-5.529431079676E-18,4.693359358768E-04,9.386718717536E-04,
    1.877343743507E-03,2.816015615261E-03,3.754687487014E-03),(0.,1.),
.UNSPECIFIED.) GEOMETRIC_REPRESENTATION_ITEM() RATIONAL_B_SPLINE_SURFACE
((
    (1.,0.707106781187,1.)
    ,(1.,0.706197808513,1.)
    ,(1.,0.718063513663,1.)
    ,(1.,0.784836403831,1.)
    ,(1.,0.893578010491,1.)
    ,(1.,0.979829450818,1.)
    ,(1.,0.999999999962,1.)
,(1.,1.,1.))) REPRESENTATION_ITEM('') SURFACE() );
#3285 = CARTESIAN_POINT('',(9.972374349721,-9.,27.082878657015));
#3286 = CARTESIAN_POINT('',(10.80193779921,-9.,26.524466190042));
#3287 = CARTESIAN_POINT('',(10.80193779921,-8.,26.524466190042));
#3288 = CARTESIAN_POINT('',(9.925752261366,-9.,27.018222114562));
#3289 = CARTESIAN_POINT('',(10.801891356685,-9.002574278317,
    26.524397200611));
#3290 = CARTESIAN_POINT('',(10.757494911565,-8.000000009241,
    26.458442959258));
#3291 = CARTESIAN_POINT('',(9.866315977447,-9.018854357568,
    26.871496886439));
#3292 = CARTESIAN_POINT('',(10.784815794258,-8.986157053751,
    26.537316724582));
#3293 = CARTESIAN_POINT('',(10.686386066964,-8.037708710958,
    26.319020503695));
#3294 = CARTESIAN_POINT('',(9.877254546151,-9.124524892191,
    26.526175101332));
#3295 = CARTESIAN_POINT('',(10.65604963312,-8.94009027094,
    26.438352674912));
#3296 = CARTESIAN_POINT('',(10.61459881406,-8.249049786796,
    26.025808592234));
#3297 = CARTESIAN_POINT('',(10.09250291555,-9.344545353126,
    26.073654218173));
#3298 = CARTESIAN_POINT('',(10.534597517837,-9.062811735405,
    26.042715640406));
#3299 = CARTESIAN_POINT('',(10.646836134577,-8.689090705428,
    25.690780924829));
#3300 = CARTESIAN_POINT('',(10.514401353072,-9.660296095645,
    25.579587515227));
#3301 = CARTESIAN_POINT('',(10.675764551931,-9.48102135566,
    25.518966368269));
#3302 = CARTESIAN_POINT('',(10.800978136586,-9.320592191527,
    25.376237451981));
#3303 = CARTESIAN_POINT('',(10.86379550825,-9.887501464961,
    25.286854708534));
#3304 = CARTESIAN_POINT('',(10.91099715656,-9.831252186142,
    25.252795592272));
#3305 = CARTESIAN_POINT('',(10.958198822991,-9.775002929922,
    25.218736462917));
#3306 = CARTESIAN_POINT('',(11.046360347429,-10.,25.155122082509));
#3307 = CARTESIAN_POINT('',(11.046360347429,-10.,25.155122082509));
#3308 = CARTESIAN_POINT('',(11.046360347429,-10.,25.155122082509));
#3309 = ADVANCED_FACE('',(#3310),#3418,.T.);
#3310 = FACE_BOUND('',#3311,.T.);
#3311 = EDGE_LOOP('',(#3312,#3313,#3314,#3315));
#3312 = ORIENTED_EDGE('',*,*,#1700,.T.);
#3313 = ORIENTED_EDGE('',*,*,#1908,.T.);
#3314 = ORIENTED_EDGE('',*,*,#1682,.F.);
#3315 = ORIENTED_EDGE('',*,*,#3316,.F.);
#3316 = EDGE_CURVE('',#1693,#1683,#3317,.T.);
#3317 = B_SPLINE_CURVE_WITH_KNOTS('',8,(#3318,#3319,#3320,#3321,#3322,
    #3323,#3324,#3325,#3326,#3327,#3328,#3329,#3330,#3331,#3332,#3333,
    #3334,#3335,#3336,#3337,#3338,#3339,#3340,#3341,#3342,#3343,#3344,
    #3345,#3346,#3347,#3348,#3349,#3350,#3351,#3352,#3353,#3354,#3355,
    #3356,#3357,#3358,#3359,#3360,#3361,#3362,#3363,#3364,#3365,#3366,
    #3367,#3368,#3369,#3370,#3371,#3372,#3373,#3374,#3375,#3376,#3377,
    #3378,#3379,#3380,#3381,#3382,#3383,#3384,#3385,#3386,#3387,#3388,
    #3389,#3390,#3391,#3392,#3393,#3394,#3395,#3396,#3397,#3398,#3399,
    #3400,#3401,#3402,#3403,#3404,#3405,#3406,#3407,#3408,#3409,#3410,
    #3411,#3412,#3413,#3414,#3415,#3416,#3417),.UNSPECIFIED.,.F.,.F.,(9,
    7,7,7,7,7,7,7,7,7,7,7,7,7,9),(0.,4.876605755429E-02,0.133746317279,
    0.22799026588,0.275696237035,0.353650656527,0.437613198469,
    0.529478838682,0.575420809224,0.629018633744,0.737987670794,
    0.793377487408,0.857278054913,0.929283842299,1.),.UNSPECIFIED.);
#3318 = CARTESIAN_POINT('',(8.150412246347,-12.,27.));
#3319 = CARTESIAN_POINT('',(8.021000352496,-12.,27.072165646648));
#3320 = CARTESIAN_POINT('',(7.891156431976,-12.,27.143556724862));
#3321 = CARTESIAN_POINT('',(7.760882941625,-12.,27.214164857303));
#3322 = CARTESIAN_POINT('',(7.630182545756,-12.,27.283981746535));
#3323 = CARTESIAN_POINT('',(7.499058116157,-12.,27.352999175027));
#3324 = CARTESIAN_POINT('',(7.367512732093,-12.,27.421209005149));
#3325 = CARTESIAN_POINT('',(7.235549680302,-12.,27.488603179179));
#3326 = CARTESIAN_POINT('',(6.872490469371,-12.,27.671180263041));
#3327 = CARTESIAN_POINT('',(6.639818621889,-12.,27.785048235224));
#3328 = CARTESIAN_POINT('',(6.405136230844,-12.,27.896719820897));
#3329 = CARTESIAN_POINT('',(6.168410082015,-12.,28.006116735538));
#3330 = CARTESIAN_POINT('',(5.92961479302,-12.,28.113174688285));
#3331 = CARTESIAN_POINT('',(5.688720979002,-12.,28.217820957928));
#3332 = CARTESIAN_POINT('',(5.445684681133,-12.,28.319955836389));
#3333 = CARTESIAN_POINT('',(4.928527697649,-12.,28.52989270863));
#3334 = CARTESIAN_POINT('',(4.655093540621,-12.,28.636615778311));
#3335 = CARTESIAN_POINT('',(4.38018770612,-12.,28.739546187855));
#3336 = CARTESIAN_POINT('',(4.103881209934,-12.,28.838696107315));
#3337 = CARTESIAN_POINT('',(3.826133348557,-12.,28.933735682787));
#3338 = CARTESIAN_POINT('',(3.547091722354,-12.,29.024885677733));
#3339 = CARTESIAN_POINT('',(3.266697651732,-12.,29.11170843912));
#3340 = CARTESIAN_POINT('',(2.842489090385,-12.,29.23609240952));
#3341 = CARTESIAN_POINT('',(2.699851082999,-12.,29.276733177327));
#3342 = CARTESIAN_POINT('',(2.55721322161,-12.,29.316198206172));
#3343 = CARTESIAN_POINT('',(2.414644293816,-12.,29.354477707106));
#3344 = CARTESIAN_POINT('',(2.272210067551,-12.,29.391566133065));
#3345 = CARTESIAN_POINT('',(2.129973291083,-12.,29.427462178878));
#3346 = CARTESIAN_POINT('',(1.987993693015,-12.,29.46216878126));
#3347 = CARTESIAN_POINT('',(1.614837710219,-12.,29.550473898025));
#3348 = CARTESIAN_POINT('',(1.382684184434,-12.,29.602453179163));
#3349 = CARTESIAN_POINT('',(1.149911291638,-12.,29.651637986127));
#3350 = CARTESIAN_POINT('',(0.916562210923,-12.,29.69803762199));
#3351 = CARTESIAN_POINT('',(0.682679506691,-12.,29.741664071246));
#3352 = CARTESIAN_POINT('',(0.448305221579,-12.,29.782532402069));
#3353 = CARTESIAN_POINT('',(0.213480969384,-12.,29.820661168566));
#3354 = CARTESIAN_POINT('',(-0.275114845291,-12.,29.894213712575));
#3355 = CARTESIAN_POINT('',(-0.527467724223,-12.,29.928982848752));
#3356 = CARTESIAN_POINT('',(-0.778543107071,-12.,29.960428036743));
#3357 = CARTESIAN_POINT('',(-1.028146888115,-12.,29.988670610046));
#3358 = CARTESIAN_POINT('',(-1.276166854802,-12.,30.013787993182));
#3359 = CARTESIAN_POINT('',(-1.522567566324,-12.,30.035889302771));
#3360 = CARTESIAN_POINT('',(-1.767386819034,-12.,30.055162888674));
#3361 = CARTESIAN_POINT('',(-2.277017804976,-12.,30.08974076638));
#3362 = CARTESIAN_POINT('',(-2.543487144793,-12.,30.104631202749));
#3363 = CARTESIAN_POINT('',(-2.810643547595,-12.,30.116320191055));
#3364 = CARTESIAN_POINT('',(-3.078793862602,-12.,30.124929124876));
#3365 = CARTESIAN_POINT('',(-3.348121964889,-12.,30.130135111222));
#3366 = CARTESIAN_POINT('',(-3.618620646075,-12.,30.132082151772));
#3367 = CARTESIAN_POINT('',(-3.890145951452,-12.,30.130548403023));
#3368 = CARTESIAN_POINT('',(-4.29853240014,-12.,30.12299275229));
#3369 = CARTESIAN_POINT('',(-4.434901244403,-12.,30.11959555918));
#3370 = CARTESIAN_POINT('',(-4.571478076653,-12.,30.11531121317));
#3371 = CARTESIAN_POINT('',(-4.708252845837,-12.,30.110130581482));
#3372 = CARTESIAN_POINT('',(-4.845219411968,-12.,30.104044243062));
#3373 = CARTESIAN_POINT('',(-4.982375546129,-12.,30.097042488577));
#3374 = CARTESIAN_POINT('',(-5.119722930467,-12.,30.089115320414));
#3375 = CARTESIAN_POINT('',(-5.417732007546,-12.,30.069912660475));
#3376 = CARTESIAN_POINT('',(-5.578463536981,-12.,30.058300086547));
#3377 = CARTESIAN_POINT('',(-5.739452725202,-12.,30.045398058595));
#3378 = CARTESIAN_POINT('',(-5.900690416429,-12.,30.031189818965));
#3379 = CARTESIAN_POINT('',(-6.062167320404,-12.,30.015658524649));
#3380 = CARTESIAN_POINT('',(-6.223874012391,-12.,29.998787247292));
#3381 = CARTESIAN_POINT('',(-6.385800933178,-12.,29.980558973185));
#3382 = CARTESIAN_POINT('',(-6.877577933153,-12.,29.921103281008));
#3383 = CARTESIAN_POINT('',(-7.206554566211,-12.,29.875756581877));
#3384 = CARTESIAN_POINT('',(-7.534752425677,-12.,29.824868306447));
#3385 = CARTESIAN_POINT('',(-7.862054638793,-12.,29.768397830524));
#3386 = CARTESIAN_POINT('',(-8.188337655498,-12.,29.706297949029));
#3387 = CARTESIAN_POINT('',(-8.51347598755,-12.,29.638531773843));
#3388 = CARTESIAN_POINT('',(-8.837345635362,-12.,29.565084400549));
#3389 = CARTESIAN_POINT('',(-9.323727930185,-12.,29.445699810913));
#3390 = CARTESIAN_POINT('',(-9.487666547194,-12.,29.403898069059));
#3391 = CARTESIAN_POINT('',(-9.651613421946,-12.,29.36051168987));
#3392 = CARTESIAN_POINT('',(-9.815550248584,-12.,29.315525397527));
#3393 = CARTESIAN_POINT('',(-9.979457328473,-12.,29.268924783909));
#3394 = CARTESIAN_POINT('',(-10.1433135702,-12.,29.220696308594));
#3395 = CARTESIAN_POINT('',(-10.30709648958,-12.,29.170827298858));
#3396 = CARTESIAN_POINT('',(-10.6596185526,-12.,29.059868246989));
#3397 = CARTESIAN_POINT('',(-10.84781353935,-12.,28.99839274423));
#3398 = CARTESIAN_POINT('',(-11.03533930285,-12.,28.934880602137));
#3399 = CARTESIAN_POINT('',(-11.2221678127,-12.,28.869333485304));
#3400 = CARTESIAN_POINT('',(-11.40827087511,-12.,28.801753562171));
#3401 = CARTESIAN_POINT('',(-11.59362013299,-12.,28.732143505029));
#3402 = CARTESIAN_POINT('',(-11.77818706584,-12.,28.660506490021));
#3403 = CARTESIAN_POINT('',(-12.16900672201,-12.,28.503842749823));
#3404 = CARTESIAN_POINT('',(-12.37504160424,-12.,28.418273497923));
#3405 = CARTESIAN_POINT('',(-12.58001909824,-12.,28.330173580711));
#3406 = CARTESIAN_POINT('',(-12.78390998536,-12.,28.239574398084));
#3407 = CARTESIAN_POINT('',(-12.98668424505,-12.,28.146503750712));
#3408 = CARTESIAN_POINT('',(-13.18831093336,-12.,28.050985980185));
#3409 = CARTESIAN_POINT('',(-13.38875806149,-12.,27.953042109161));
#3410 = CARTESIAN_POINT('',(-13.78365858193,-12.,27.754135168882));
#3411 = CARTESIAN_POINT('',(-13.97815303586,-12.,27.65325448989));
#3412 = CARTESIAN_POINT('',(-14.17144873525,-12.,27.550073174864));
#3413 = CARTESIAN_POINT('',(-14.36351292542,-12.,27.444606191935));
#3414 = CARTESIAN_POINT('',(-14.55430871758,-12.,27.336861429772));
#3415 = CARTESIAN_POINT('',(-14.74379660864,-12.,27.226842880314));
#3416 = CARTESIAN_POINT('',(-14.93193600103,-12.,27.1145538215));
#3417 = CARTESIAN_POINT('',(-15.11868672249,-12.,27.));
#3418 = B_SPLINE_SURFACE_WITH_KNOTS('',3,1,(
    (#3419,#3420)
    ,(#3421,#3422)
    ,(#3423,#3424)
    ,(#3425,#3426)
    ,(#3427,#3428)
    ,(#3429,#3430)
    ,(#3431,#3432)
    ,(#3433,#3434)
    ,(#3435,#3436)
    ,(#3437,#3438)
    ,(#3439,#3440)
    ,(#3441,#3442)
    ,(#3443,#3444)
    ,(#3445,#3446)
    ,(#3447,#3448)
    ,(#3449,#3450)
    ,(#3451,#3452)
    ,(#3453,#3454)
    ,(#3455,#3456)
    ,(#3457,#3458)
    ,(#3459,#3460)
    ,(#3461,#3462)
    ,(#3463,#3464)
    ,(#3465,#3466)
    ,(#3467,#3468)
    ,(#3469,#3470)
    ,(#3471,#3472)
    ,(#3473,#3474)
    ,(#3475,#3476)
    ,(#3477,#3478)
    ,(#3479,#3480)
    ,(#3481,#3482)
    ,(#3483,#3484)
    ,(#3485,#3486)
    ,(#3487,#3488)
    ,(#3489,#3490)
    ,(#3491,#3492)
    ,(#3493,#3494)
    ,(#3495,#3496)
    ,(#3497,#3498)
    ,(#3499,#3500)
    ,(#3501,#3502)
    ,(#3503,#3504)
    ,(#3505,#3506)
    ,(#3507,#3508)
    ,(#3509,#3510)
    ,(#3511,#3512)
    ,(#3513,#3514)
    ,(#3515,#3516)
    ,(#3517,#3518)
    ,(#3519,#3520)
    ,(#3521,#3522)
    ,(#3523,#3524)
    ,(#3525,#3526)
    ,(#3527,#3528)
    ,(#3529,#3530)
    ,(#3531,#3532)
    ,(#3533,#3534)
    ,(#3535,#3536)
    ,(#3537,#3538)
    ,(#3539,#3540)
    ,(#3541,#3542)
    ,(#3543,#3544)
    ,(#3545,#3546)
    ,(#3547,#3548)
    ,(#3549,#3550)
    ,(#3551,#3552)
    ,(#3553,#3554)
    ,(#3555,#3556)
    ,(#3557,#3558)
    ,(#3559,#3560)
    ,(#3561,#3562)
    ,(#3563,#3564)
    ,(#3565,#3566)
    ,(#3567,#3568)
    ,(#3569,#3570)
    ,(#3571,#3572)
    ,(#3573,#3574)
    ,(#3575,#3576)
    ,(#3577,#3578)
    ,(#3579,#3580)
    ,(#3581,#3582)
    ,(#3583,#3584)
    ,(#3585,#3586)
    ,(#3587,#3588)
    ,(#3589,#3590)
    ,(#3591,#3592)
    ,(#3593,#3594)
    ,(#3595,#3596)
    ,(#3597,#3598)
    ,(#3599,#3600)
    ,(#3601,#3602)
    ,(#3603,#3604)
    ,(#3605,#3606)
    ,(#3607,#3608)
    ,(#3609,#3610)
    ,(#3611,#3612)
    ,(#3613,#3614)
    ,(#3615,#3616)
    ,(#3617,#3618)
    ,(#3619,#3620)
    ,(#3621,#3622)
    ,(#3623,#3624)
    ,(#3625,#3626)
    ,(#3627,#3628)
    ,(#3629,#3630)
    ,(#3631,#3632)
    ,(#3633,#3634)
    ,(#3635,#3636)
    ,(#3637,#3638)
    ,(#3639,#3640)
    ,(#3641,#3642)
    ,(#3643,#3644)
    ,(#3645,#3646)
    ,(#3647,#3648)
    ,(#3649,#3650)
    ,(#3651,#3652)
    ,(#3653,#3654)
    ,(#3655,#3656)
    ,(#3657,#3658)
    ,(#3659,#3660)
    ,(#3661,#3662)
    ,(#3663,#3664)
    ,(#3665,#3666)
    ,(#3667,#3668)
    ,(#3669,#3670)
    ,(#3671,#3672)
    ,(#3673,#3674)
    ,(#3675,#3676)
    ,(#3677,#3678)
    ,(#3679,#3680)
    ,(#3681,#3682)
    ,(#3683,#3684)
    ,(#3685,#3686)
    ,(#3687,#3688)
    ,(#3689,#3690)
    ,(#3691,#3692)
    ,(#3693,#3694)
    ,(#3695,#3696)
    ,(#3697,#3698)
    ,(#3699,#3700)
    ,(#3701,#3702)
    ,(#3703,#3704)
    ,(#3705,#3706)
    ,(#3707,#3708)
    ,(#3709,#3710)
    ,(#3711,#3712)
    ,(#3713,#3714)
    ,(#3715,#3716)
    ,(#3717,#3718)
    ,(#3719,#3720)
    ,(#3721,#3722)
    ,(#3723,#3724)
    ,(#3725,#3726)
    ,(#3727,#3728)
    ,(#3729,#3730)
    ,(#3731,#3732)
    ,(#3733,#3734)
    ,(#3735,#3736)
    ,(#3737,#3738)
    ,(#3739,#3740)
    ,(#3741,#3742)
    ,(#3743,#3744)
    ,(#3745,#3746)
    ,(#3747,#3748)
    ,(#3749,#3750)
    ,(#3751,#3752)
    ,(#3753,#3754)
    ,(#3755,#3756)
    ,(#3757,#3758)
    ,(#3759,#3760)
    ,(#3761,#3762)
    ,(#3763,#3764)
    ,(#3765,#3766)
    ,(#3767,#3768)
    ,(#3769,#3770)
    ,(#3771,#3772)
    ,(#3773,#3774)
    ,(#3775,#3776)
    ,(#3777,#3778)
    ,(#3779,#3780)
    ,(#3781,#3782)
    ,(#3783,#3784)
    ,(#3785,#3786)
    ,(#3787,#3788)
    ,(#3789,#3790)
    ,(#3791,#3792)
    ,(#3793,#3794)
    ,(#3795,#3796)
    ,(#3797,#3798)
    ,(#3799,#3800)
    ,(#3801,#3802)
    ,(#3803,#3804)
    ,(#3805,#3806)
    ,(#3807,#3808)
    ,(#3809,#3810)
    ,(#3811,#3812)
    ,(#3813,#3814)
    ,(#3815,#3816)
    ,(#3817,#3818)
    ,(#3819,#3820)
    ,(#3821,#3822)
    ,(#3823,#3824)
    ,(#3825,#3826)
    ,(#3827,#3828)
    ,(#3829,#3830)
    ,(#3831,#3832)
    ,(#3833,#3834)
    ,(#3835,#3836)
    ,(#3837,#3838)
    ,(#3839,#3840)
    ,(#3841,#3842)
    ,(#3843,#3844)
    ,(#3845,#3846)
    ,(#3847,#3848)
    ,(#3849,#3850)
    ,(#3851,#3852)
    ,(#3853,#3854)
    ,(#3855,#3856)
    ,(#3857,#3858)
    ,(#3859,#3860)
    ,(#3861,#3862)
    ,(#3863,#3864)
    ,(#3865,#3866)
    ,(#3867,#3868)
    ,(#3869,#3870)
    ,(#3871,#3872)
    ,(#3873,#3874)
    ,(#3875,#3876)
    ,(#3877,#3878)
    ,(#3879,#3880)
    ,(#3881,#3882)
    ,(#3883,#3884)
    ,(#3885,#3886)
    ,(#3887,#3888)
    ,(#3889,#3890)
    ,(#3891,#3892)
    ,(#3893,#3894)
    ,(#3895,#3896)
    ,(#3897,#3898)
    ,(#3899,#3900)
    ,(#3901,#3902)
    ,(#3903,#3904)
    ,(#3905,#3906)
    ,(#3907,#3908)
    ,(#3909,#3910)
    ,(#3911,#3912)
    ,(#3913,#3914)
    ,(#3915,#3916)
    ,(#3917,#3918)
    ,(#3919,#3920)
    ,(#3921,#3922)
    ,(#3923,#3924)
    ,(#3925,#3926)
    ,(#3927,#3928)
    ,(#3929,#3930)
    ,(#3931,#3932)
    ,(#3933,#3934)
    ,(#3935,#3936)
    ,(#3937,#3938)
    ,(#3939,#3940)
    ,(#3941,#3942)
    ,(#3943,#3944)
    ,(#3945,#3946)
    ,(#3947,#3948)
    ,(#3949,#3950)
    ,(#3951,#3952)
    ,(#3953,#3954)
    ,(#3955,#3956)
    ,(#3957,#3958)
    ,(#3959,#3960)
    ,(#3961,#3962)
    ,(#3963,#3964)
    ,(#3965,#3966)
    ,(#3967,#3968)
    ,(#3969,#3970)
    ,(#3971,#3972)
    ,(#3973,#3974)
    ,(#3975,#3976)
    ,(#3977,#3978)
    ,(#3979,#3980)
    ,(#3981,#3982)
    ,(#3983,#3984)
    ,(#3985,#3986)
    ,(#3987,#3988)
    ,(#3989,#3990)
    ,(#3991,#3992)
    ,(#3993,#3994)
    ,(#3995,#3996)
    ,(#3997,#3998)
    ,(#3999,#4000)
    ,(#4001,#4002)
    ,(#4003,#4004)
    ,(#4005,#4006)
    ,(#4007,#4008)
    ,(#4009,#4010)
    ,(#4011,#4012)
    ,(#4013,#4014)
    ,(#4015,#4016)
    ,(#4017,#4018)
    ,(#4019,#4020)
    ,(#4021,#4022)
    ,(#4023,#4024)
    ,(#4025,#4026)
    ,(#4027,#4028)
    ,(#4029,#4030)
    ,(#4031,#4032)
    ,(#4033,#4034)
    ,(#4035,#4036)
    ,(#4037,#4038)
    ,(#4039,#4040)
    ,(#4041,#4042)
    ,(#4043,#4044)
    ,(#4045,#4046)
    ,(#4047,#4048)
    ,(#4049,#4050)
    ,(#4051,#4052)
    ,(#4053,#4054)
    ,(#4055,#4056)
    ,(#4057,#4058)
    ,(#4059,#4060)
    ,(#4061,#4062)
    ,(#4063,#4064)
    ,(#4065,#4066)
    ,(#4067,#4068)
    ,(#4069,#4070)
    ,(#4071,#4072)
    ,(#4073,#4074)
    ,(#4075,#4076)
    ,(#4077,#4078)
    ,(#4079,#4080)
    ,(#4081,#4082)
    ,(#4083,#4084)
    ,(#4085,#4086)
    ,(#4087,#4088)
    ,(#4089,#4090)
    ,(#4091,#4092)
    ,(#4093,#4094)
    ,(#4095,#4096)
    ,(#4097,#4098)
    ,(#4099,#4100)
    ,(#4101,#4102)
    ,(#4103,#4104)
    ,(#4105,#4106)
    ,(#4107,#4108)
    ,(#4109,#4110)
    ,(#4111,#4112)
    ,(#4113,#4114)
    ,(#4115,#4116)
    ,(#4117,#4118)
    ,(#4119,#4120)
    ,(#4121,#4122)
    ,(#4123,#4124)
    ,(#4125,#4126)
    ,(#4127,#4128)
    ,(#4129,#4130)
    ,(#4131,#4132)
    ,(#4133,#4134)
    ,(#4135,#4136)
    ,(#4137,#4138)
    ,(#4139,#4140)
    ,(#4141,#4142)
    ,(#4143,#4144)
    ,(#4145,#4146)
    ,(#4147,#4148)
    ,(#4149,#4150)
    ,(#4151,#4152)
    ,(#4153,#4154)
    ,(#4155,#4156)
    ,(#4157,#4158)
    ,(#4159,#4160)
    ,(#4161,#4162)
    ,(#4163,#4164)
    ,(#4165,#4166)
    ,(#4167,#4168)
    ,(#4169,#4170)
    ,(#4171,#4172)
    ,(#4173,#4174)
    ,(#4175,#4176)
    ,(#4177,#4178)
    ,(#4179,#4180)
    ,(#4181,#4182)
    ,(#4183,#4184)
    ,(#4185,#4186)
    ,(#4187,#4188)
    ,(#4189,#4190)
    ,(#4191,#4192)
    ,(#4193,#4194)
    ,(#4195,#4196)
    ,(#4197,#4198)
    ,(#4199,#4200)
    ,(#4201,#4202)
    ,(#4203,#4204)
    ,(#4205,#4206)
    ,(#4207,#4208)
    ,(#4209,#4210)
    ,(#4211,#4212)
    ,(#4213,#4214)
    ,(#4215,#4216)
    ,(#4217,#4218)
    ,(#4219,#4220)
    ,(#4221,#4222)
    ,(#4223,#4224)
    ,(#4225,#4226)
    ,(#4227,#4228)
    ,(#4229,#4230)
    ,(#4231,#4232)
    ,(#4233,#4234)
    ,(#4235,#4236)
    ,(#4237,#4238)
    ,(#4239,#4240)
    ,(#4241,#4242)
    ,(#4243,#4244)
    ,(#4245,#4246)
    ,(#4247,#4248)
    ,(#4249,#4250)
    ,(#4251,#4252)
    ,(#4253,#4254)
    ,(#4255,#4256)
    ,(#4257,#4258)
    ,(#4259,#4260)
    ,(#4261,#4262)
    ,(#4263,#4264)
    ,(#4265,#4266)
    ,(#4267,#4268)
    ,(#4269,#4270)
    ,(#4271,#4272)
    ,(#4273,#4274)
    ,(#4275,#4276)
    ,(#4277,#4278)
    ,(#4279,#4280)
    ,(#4281,#4282)
    ,(#4283,#4284)
    ,(#4285,#4286)
    ,(#4287,#4288)
    ,(#4289,#4290)
    ,(#4291,#4292)
    ,(#4293,#4294)
    ,(#4295,#4296)
    ,(#4297,#4298)
    ,(#4299,#4300)
    ,(#4301,#4302)
    ,(#4303,#4304)
    ,(#4305,#4306)
    ,(#4307,#4308)
    ,(#4309,#4310
    )),.UNSPECIFIED.,.T.,.F.,.F.,(1,3,1,1,1,1,1,1,1,1,1,1,1,1,1,1,1,1,1,
    1,1,1,1,1,1,1,1,1,1,1,1,1,1,1,1,1,1,1,1,1,1,1,1,1,1,1,1,1,1,1,1,1,1,
    1,1,1,1,1,1,1,1,1,1,1,1,1,1,1,1,1,1,1,1,1,1,1,1,1,1,1,1,1,1,1,1,1,1,
    1,1,1,1,1,1,1,1,1,1,1,1,1,1,1,1,1,1,1,1,1,1,1,1,1,1,1,1,1,1,1,1,1,1,
    1,1,1,1,1,1,1,1,1,1,1,1,1,1,1,1,1,1,1,1,1,1,1,1,1,1,1,1,1,1,1,1,1,1,
    1,1,1,1,1,1,1,1,1,1,1,1,1,1,1,1,1,1,1,1,1,1,1,1,1,1,1,1,1,1,1,1,1,1,
    1,1,1,1,1,1,1,1,1,1,1,1,1,1,1,1,1,1,1,1,1,1,1,1,1,1,1,1,1,1,1,1,1,1,
    1,1,1,1,1,1,1,1,1,1,1,1,1,1,1,1,1,1,1,1,1,1,1,1,1,1,1,1,1,1,1,1,1,1,
    1,1,1,1,1,1,1,1,1,1,1,1,1,1,1,1,1,1,1,1,1,1,1,1,1,1,1,1,1,1,1,1,1,1,
    1,1,1,1,1,1,1,1,1,1,1,1,1,1,1,1,1,1,1,1,1,1,1,1,1,1,1,1,1,1,1,1,1,1,
    1,1,1,1,1,1,1,1,1,1,1,1,1,1,1,1,1,1,1,1,1,1,1,1,1,1,1,1,1,1,1,1,1,1,
    1,1,1,1,1,1,1,1,1,1,1,1,1,1,1,1,1,1,1,1,1,1,1,1,1,1,1,1,1,1,1,1,1,1,
    1,1,1,1,1,1,1,1,1,1,1,1,1,1,1,1,1,1,1,1,1,1,1,1,1,1,1,1,1,1,1,1,1,1,
    1,1,1,1,1,1,1,1,1,1,1,1,1,1,1,1,1,3,1),(2,2),(-1.953125E-03,0.,
    1.953125E-03,3.90625E-03,7.8125E-03,1.171875E-02,1.5625E-02,
    1.953125E-02,2.34375E-02,2.5390625E-02,2.734375E-02,2.9296875E-02,
    3.125E-02,3.515625E-02,3.90625E-02,4.296875E-02,4.6875E-02,
    5.078125E-02,5.2734375E-02,5.46875E-02,5.6640625E-02,5.859375E-02,
    6.25E-02,6.640625E-02,7.03125E-02,7.421875E-02,7.8125E-02,
    8.0078125E-02,8.203125E-02,8.3984375E-02,8.49609375E-02,8.59375E-02,
    8.69140625E-02,8.7890625E-02,8.984375E-02,9.1796875E-02,9.375E-02,
    9.765625E-02,0.1015625,0.10546875,0.109375,0.11328125,0.1171875,
    0.12109375,0.125,0.12890625,0.1328125,0.13671875,0.140625,0.14453125
    ,0.146484375,0.1484375,0.150390625,0.15234375,0.15625,0.16015625,
    0.1640625,0.16796875,0.171875,0.17578125,0.177734375,0.1796875,
    0.181640625,0.18359375,0.1845703125,0.185546875,0.1875,0.189453125,
    0.19140625,0.1953125,0.19921875,0.203125,0.20703125,0.208984375,
    0.2109375,0.212890625,0.21484375,0.216796875,0.2177734375,0.21875,
    0.2197265625,0.220703125,0.22265625,0.224609375,0.2265625,0.23046875
    ,0.234375,0.236328125,0.23828125,0.240234375,0.2421875,0.244140625,
    0.2451171875,0.24609375,0.2470703125,0.248046875,0.25,0.251953125,
    0.25390625,0.2578125,0.26171875,0.263671875,0.265625,0.267578125,
    0.26953125,0.271484375,0.2724609375,0.2734375,0.2744140625,
    0.275390625,0.27734375,0.279296875,0.28125,0.28515625,0.287109375,
    0.2890625,0.291015625,0.29296875,0.294921875,0.296875,0.30078125,
    0.3046875,0.30859375,0.3125,0.314453125,0.31640625,0.318359375,
    0.3193359375,0.3203125,0.322265625,0.32421875,0.326171875,0.328125,
    0.330078125,0.33203125,0.3359375,0.337890625,0.33984375,0.341796875,
    0.34375,0.3447265625,0.345703125,0.3466796875,0.34765625,
    0.3486328125,0.349609375,0.3515625,0.353515625,0.35546875,0.359375,
    0.36328125,0.365234375,0.3671875,0.369140625,0.37109375,0.3720703125
    ,0.373046875,0.3740234375,0.37451171875,0.375,0.37548828125,
    0.3759765625,0.37646484375,0.376953125,0.3779296875,0.37890625,
    0.3798828125,0.380859375,0.3828125,0.384765625,0.38671875,
    0.388671875,0.390625,0.392578125,0.39453125,0.396484375,0.3984375,
    0.400390625,0.4013671875,0.40234375,0.4033203125,0.40380859375,
    0.404296875,0.40478515625,0.4052734375,0.40625,0.4072265625,
    0.408203125,0.41015625,0.412109375,0.4140625,0.41796875,0.419921875,
    0.421875,0.423828125,0.42578125,0.427734375,0.4287109375,
    0.42919921875,0.4296875,0.43017578125,0.4306640625,0.431640625,
    0.43359375,0.435546875,0.4375,0.439453125,0.44140625,0.4453125,
    0.44921875,0.451171875,0.453125,0.455078125,0.4560546875,0.45703125,
    0.4580078125,0.458984375,0.4609375,0.462890625,0.46484375,
    0.466796875,0.46875,0.47265625,0.4765625,0.48046875,0.484375,
    0.48828125,0.4921875,0.49609375,0.5,0.50390625,0.5078125,0.509765625
    ,0.51171875,0.513671875,0.5146484375,0.515625,0.517578125,0.51953125
    ,0.521484375,0.5234375,0.52734375,0.53125,0.53515625,0.537109375,
    0.5390625,0.541015625,0.5419921875,0.54296875,0.5439453125,
    0.544921875,0.546875,0.548828125,0.55078125,0.5546875,0.55859375,
    0.5625,0.564453125,0.56640625,0.568359375,0.5693359375,0.5703125,
    0.5712890625,0.572265625,0.57421875,0.576171875,0.578125,0.580078125
    ,0.58203125,0.5859375,0.58984375,0.591796875,0.59375,0.595703125,
    0.59765625,0.5986328125,0.599609375,0.6015625,0.603515625,0.60546875
    ,0.609375,0.61328125,0.6171875,0.619140625,0.62109375,0.623046875,
    0.625,0.62890625,0.6328125,0.63671875,0.640625,0.642578125,
    0.64453125,0.646484375,0.6484375,0.650390625,0.65234375,0.65625,
    0.658203125,0.66015625,0.662109375,0.6640625,0.666015625,
    0.6669921875,0.66796875,0.6689453125,0.669921875,0.6708984375,
    0.671875,0.6728515625,0.673828125,0.67578125,0.677734375,0.6796875,
    0.68359375,0.6875,0.689453125,0.69140625,0.6923828125,0.693359375,
    0.6943359375,0.6953125,0.697265625,0.69921875,0.701171875,0.703125,
    0.70703125,0.7109375,0.71484375,0.716796875,0.7177734375,0.71875,
    0.7197265625,0.720703125,0.72265625,0.724609375,0.7265625,0.73046875
    ,0.734375,0.73828125,0.7421875,0.744140625,0.74609375,0.748046875,
    0.75,0.75390625,0.7578125,0.765625,0.7734375,0.78125,0.78515625,
    0.7890625,0.79296875,0.796875,0.798828125,0.7998046875,0.80078125,
    0.802734375,0.8046875,0.806640625,0.80859375,0.8125,0.81640625,
    0.8203125,0.822265625,0.82421875,0.826171875,0.8271484375,0.828125,
    0.8291015625,0.830078125,0.83203125,0.833984375,0.8359375,0.83984375
    ,0.84375,0.84765625,0.8515625,0.853515625,0.85546875,0.859375,
    0.86328125,0.8671875,0.875,0.87890625,0.880859375,0.8828125,
    0.884765625,0.8857421875,0.88671875,0.888671875,0.890625,0.892578125
    ,0.89453125,0.8984375,0.900390625,0.90234375,0.904296875,0.90625,
    0.9072265625,0.908203125,0.91015625,0.9111328125,0.912109375,
    0.9140625,0.916015625,0.91796875,0.921875,0.92578125,0.927734375,
    0.9296875,0.931640625,0.9326171875,0.93359375,0.9345703125,
    0.935546875,0.9375,0.939453125,0.94140625,0.9453125,0.94921875,
    0.953125,0.955078125,0.95703125,0.9609375,0.962890625,0.96484375,
    0.96875,0.97265625,0.974609375,0.9765625,0.978515625,0.9794921875,
    0.98046875,0.9814453125,0.982421875,0.984375,0.986328125,0.98828125,
    0.990234375,0.9921875,0.994140625,0.99609375,0.998046875,1.,
    1.001953125),(0.,1.),.UNSPECIFIED.);
#3419 = CARTESIAN_POINT('',(21.583983919038,-13.,11.535824004964));
#3420 = CARTESIAN_POINT('',(21.583983919038,9.,11.535824004964));
#3421 = CARTESIAN_POINT('',(21.618370306031,-13.,11.454536863613));
#3422 = CARTESIAN_POINT('',(21.618370306031,9.,11.454536863613));
#3423 = CARTESIAN_POINT('',(21.687091213876,-13.,11.290174331526));
#3424 = CARTESIAN_POINT('',(21.687091213876,9.,11.290174331526));
#3425 = CARTESIAN_POINT('',(21.823873067889,-13.,10.955951304704));
#3426 = CARTESIAN_POINT('',(21.823873067889,9.,10.955951304704));
#3427 = CARTESIAN_POINT('',(21.994545445685,-13.,10.526457542308));
#3428 = CARTESIAN_POINT('',(21.994545445685,9.,10.526457542308));
#3429 = CARTESIAN_POINT('',(22.199482367583,-13.,9.992290741965));
#3430 = CARTESIAN_POINT('',(22.199482367583,9.,9.992290741965));
#3431 = CARTESIAN_POINT('',(22.403823678094,-13.,9.441355941955));
#3432 = CARTESIAN_POINT('',(22.403823678094,9.,9.441355941955));
#3433 = CARTESIAN_POINT('',(22.605878962249,-13.,8.877657659284));
#3434 = CARTESIAN_POINT('',(22.605878962249,9.,8.877657659284));
#3435 = CARTESIAN_POINT('',(22.770872177573,-13.,8.400363278285));
#3436 = CARTESIAN_POINT('',(22.770872177573,9.,8.400363278285));
#3437 = CARTESIAN_POINT('',(22.89990788335,-13.,8.015606392454));
#3438 = CARTESIAN_POINT('',(22.89990788335,9.,8.015606392454));
#3439 = CARTESIAN_POINT('',(22.994913375358,-13.,7.726080629858));
#3440 = CARTESIAN_POINT('',(22.994913375358,9.,7.726080629858));
#3441 = CARTESIAN_POINT('',(23.088156608633,-13.,7.435116345081));
#3442 = CARTESIAN_POINT('',(23.088156608633,9.,7.435116345081));
#3443 = CARTESIAN_POINT('',(23.210313227102,-13.,7.043699670291));
#3444 = CARTESIAN_POINT('',(23.210313227102,9.,7.043699670291));
#3445 = CARTESIAN_POINT('',(23.358514978527,-13.,6.54737552374));
#3446 = CARTESIAN_POINT('',(23.358514978527,9.,6.54737552374));
#3447 = CARTESIAN_POINT('',(23.527887652736,-13.,5.938368701783));
#3448 = CARTESIAN_POINT('',(23.527887652736,9.,5.938368701783));
#3449 = CARTESIAN_POINT('',(23.687195384396,-13.,5.315300318889));
#3450 = CARTESIAN_POINT('',(23.687195384396,9.,5.315300318889));
#3451 = CARTESIAN_POINT('',(23.834895407602,-13.,4.678412459946));
#3452 = CARTESIAN_POINT('',(23.834895407602,9.,4.678412459946));
#3453 = CARTESIAN_POINT('',(23.947236116311,-13.,4.136826744406));
#3454 = CARTESIAN_POINT('',(23.947236116311,9.,4.136826744406));
#3455 = CARTESIAN_POINT('',(24.030229646879,-13.,3.697698521937));
#3456 = CARTESIAN_POINT('',(24.030229646879,9.,3.697698521937));
#3457 = CARTESIAN_POINT('',(24.089084837067,-13.,3.364933646529));
#3458 = CARTESIAN_POINT('',(24.089084837067,9.,3.364933646529));
#3459 = CARTESIAN_POINT('',(24.144133639928,-13.,3.03107101387));
#3460 = CARTESIAN_POINT('',(24.144133639928,9.,3.03107101387));
#3461 = CARTESIAN_POINT('',(24.212269235119,-13.,2.587459885944));
#3462 = CARTESIAN_POINT('',(24.212269235119,9.,2.587459885944));
#3463 = CARTESIAN_POINT('',(24.288308059299,-13.,2.034786256942));
#3464 = CARTESIAN_POINT('',(24.288308059299,9.,2.034786256942));
#3465 = CARTESIAN_POINT('',(24.366517632405,-13.,1.374473362159));
#3466 = CARTESIAN_POINT('',(24.366517632405,9.,1.374473362159));
#3467 = CARTESIAN_POINT('',(24.432976969219,-13.,0.716785983881));
#3468 = CARTESIAN_POINT('',(24.432976969219,9.,0.716785983881));
#3469 = CARTESIAN_POINT('',(24.488698050925,-13.,6.216924796099E-02));
#3470 = CARTESIAN_POINT('',(24.488698050925,9.,6.216924796099E-02));
#3471 = CARTESIAN_POINT('',(24.526876422033,-13.,-0.480536460525));
#3472 = CARTESIAN_POINT('',(24.526876422033,9.,-0.480536460525));
#3473 = CARTESIAN_POINT('',(24.552790138158,-13.,-0.91236290553));
#3474 = CARTESIAN_POINT('',(24.552790138158,9.,-0.91236290553));
#3475 = CARTESIAN_POINT('',(24.569977288625,-13.,-1.23456423907));
#3476 = CARTESIAN_POINT('',(24.569977288625,9.,-1.23456423907));
#3477 = CARTESIAN_POINT('',(24.582522683953,-13.,-1.502111178168));
#3478 = CARTESIAN_POINT('',(24.582522683953,9.,-1.502111178168));
#3479 = CARTESIAN_POINT('',(24.5915250594,-13.,-1.716054877295));
#3480 = CARTESIAN_POINT('',(24.5915250594,9.,-1.716054877295));
#3481 = CARTESIAN_POINT('',(24.597753612917,-13.,-1.876248508674));
#3482 = CARTESIAN_POINT('',(24.597753612917,9.,-1.876248508674));
#3483 = CARTESIAN_POINT('',(24.603486927914,-13.,-2.036851277379));
#3484 = CARTESIAN_POINT('',(24.603486927914,9.,-2.036851277379));
#3485 = CARTESIAN_POINT('',(24.610466870315,-13.,-2.252402839968));
#3486 = CARTESIAN_POINT('',(24.610466870315,9.,-2.252402839968));
#3487 = CARTESIAN_POINT('',(24.617864835544,-13.,-2.524193947131));
#3488 = CARTESIAN_POINT('',(24.617864835544,9.,-2.524193947131));
#3489 = CARTESIAN_POINT('',(24.624397848462,-13.,-2.854031530549));
#3490 = CARTESIAN_POINT('',(24.624397848462,9.,-2.854031530549));
#3491 = CARTESIAN_POINT('',(24.629710839951,-13.,-3.298346005307));
#3492 = CARTESIAN_POINT('',(24.629710839951,9.,-3.298346005307));
#3493 = CARTESIAN_POINT('',(24.629492898762,-13.,-3.86259965389));
#3494 = CARTESIAN_POINT('',(24.629492898762,9.,-3.86259965389));
#3495 = CARTESIAN_POINT('',(24.616630078521,-13.,-4.553994191164));
#3496 = CARTESIAN_POINT('',(24.616630078521,9.,-4.553994191164));
#3497 = CARTESIAN_POINT('',(24.589558252265,-13.,-5.259501264425));
#3498 = CARTESIAN_POINT('',(24.589558252265,9.,-5.259501264425));
#3499 = CARTESIAN_POINT('',(24.546694112762,-13.,-5.979035307753));
#3500 = CARTESIAN_POINT('',(24.546694112762,9.,-5.979035307753));
#3501 = CARTESIAN_POINT('',(24.486589925866,-13.,-6.711579025885));
#3502 = CARTESIAN_POINT('',(24.486589925866,9.,-6.711579025885));
#3503 = CARTESIAN_POINT('',(24.407947442987,-13.,-7.456467528183));
#3504 = CARTESIAN_POINT('',(24.407947442987,9.,-7.456467528183));
#3505 = CARTESIAN_POINT('',(24.3097120803,-13.,-8.211920399754));
#3506 = CARTESIAN_POINT('',(24.3097120803,9.,-8.211920399754));
#3507 = CARTESIAN_POINT('',(24.191230708157,-13.,-8.975821311986));
#3508 = CARTESIAN_POINT('',(24.191230708157,9.,-8.975821311986));
#3509 = CARTESIAN_POINT('',(24.051568702783,-13.,-9.747987574213));
#3510 = CARTESIAN_POINT('',(24.051568702783,9.,-9.747987574213));
#3511 = CARTESIAN_POINT('',(23.889784683397,-13.,-10.52773919528));
#3512 = CARTESIAN_POINT('',(23.889784683397,9.,-10.52773919528));
#3513 = CARTESIAN_POINT('',(23.704958732696,-13.,-11.31421626085));
#3514 = CARTESIAN_POINT('',(23.704958732696,9.,-11.31421626085));
#3515 = CARTESIAN_POINT('',(23.496247283746,-13.,-12.10631491174));
#3516 = CARTESIAN_POINT('',(23.496247283746,9.,-12.10631491174));
#3517 = CARTESIAN_POINT('',(23.301493209174,-13.,-12.77089774408));
#3518 = CARTESIAN_POINT('',(23.301493209174,9.,-12.77089774408));
#3519 = CARTESIAN_POINT('',(23.132605390741,-13.,-13.30496225069));
#3520 = CARTESIAN_POINT('',(23.132605390741,9.,-13.30496225069));
#3521 = CARTESIAN_POINT('',(22.999182085846,-13.,-13.70680591345));
#3522 = CARTESIAN_POINT('',(22.999182085846,9.,-13.70680591345));
#3523 = CARTESIAN_POINT('',(22.859256410844,-13.,-14.10867202347));
#3524 = CARTESIAN_POINT('',(22.859256410844,9.,-14.10867202347));
#3525 = CARTESIAN_POINT('',(22.664579256886,-13.,-14.64286047958));
#3526 = CARTESIAN_POINT('',(22.664579256886,9.,-14.64286047958));
#3527 = CARTESIAN_POINT('',(22.405757743837,-13.,-15.30817999734));
#3528 = CARTESIAN_POINT('',(22.405757743837,9.,-15.30817999734));
#3529 = CARTESIAN_POINT('',(22.070701626293,-13.,-16.1010051359));
#3530 = CARTESIAN_POINT('',(22.070701626293,9.,-16.1010051359));
#3531 = CARTESIAN_POINT('',(21.711468601238,-13.,-16.88666841454));
#3532 = CARTESIAN_POINT('',(21.711468601238,9.,-16.88666841454));
#3533 = CARTESIAN_POINT('',(21.327385868171,-13.,-17.6652702933));
#3534 = CARTESIAN_POINT('',(21.327385868171,9.,-17.6652702933));
#3535 = CARTESIAN_POINT('',(20.917506041024,-13.,-18.43642478596));
#3536 = CARTESIAN_POINT('',(20.917506041024,9.,-18.43642478596));
#3537 = CARTESIAN_POINT('',(20.553661118479,-13.,-19.07202069865));
#3538 = CARTESIAN_POINT('',(20.553661118479,9.,-19.07202069865));
#3539 = CARTESIAN_POINT('',(20.24845957146,-13.,-19.57591792203));
#3540 = CARTESIAN_POINT('',(20.24845957146,9.,-19.57591792203));
#3541 = CARTESIAN_POINT('',(20.012393147251,-13.,-19.95125278617));
#3542 = CARTESIAN_POINT('',(20.012393147251,9.,-19.95125278617));
#3543 = CARTESIAN_POINT('',(19.768690127059,-13.,-20.32426291416));
#3544 = CARTESIAN_POINT('',(19.768690127059,9.,-20.32426291416));
#3545 = CARTESIAN_POINT('',(19.558510693671,-13.,-20.63369809257));
#3546 = CARTESIAN_POINT('',(19.558510693671,9.,-20.63369809257));
#3547 = CARTESIAN_POINT('',(19.386429773359,-13.,-20.87957839876));
#3548 = CARTESIAN_POINT('',(19.386429773359,9.,-20.87957839876));
#3549 = CARTESIAN_POINT('',(19.212331715172,-13.,-21.12345722408));
#3550 = CARTESIAN_POINT('',(19.212331715172,9.,-21.12345722408));
#3551 = CARTESIAN_POINT('',(18.990361795749,-13.,-21.42529832214));
#3552 = CARTESIAN_POINT('',(18.990361795749,9.,-21.42529832214));
#3553 = CARTESIAN_POINT('',(18.718341788238,-13.,-21.78075582597));
#3554 = CARTESIAN_POINT('',(18.718341788238,9.,-21.78075582597));
#3555 = CARTESIAN_POINT('',(18.349973505653,-13.,-22.2436240656));
#3556 = CARTESIAN_POINT('',(18.349973505653,9.,-22.2436240656));
#3557 = CARTESIAN_POINT('',(17.878869013259,-13.,-22.8022762055));
#3558 = CARTESIAN_POINT('',(17.878869013259,9.,-22.8022762055));
#3559 = CARTESIAN_POINT('',(17.298182311544,-13.,-23.44113601231));
#3560 = CARTESIAN_POINT('',(17.298182311544,9.,-23.44113601231));
#3561 = CARTESIAN_POINT('',(16.703137053448,-13.,-24.04934765522));
#3562 = CARTESIAN_POINT('',(16.703137053448,9.,-24.04934765522));
#3563 = CARTESIAN_POINT('',(16.197137894088,-13.,-24.53030953209));
#3564 = CARTESIAN_POINT('',(16.197137894088,9.,-24.53030953209));
#3565 = CARTESIAN_POINT('',(15.787133095954,-13.,-24.89969611275));
#3566 = CARTESIAN_POINT('',(15.787133095954,9.,-24.89969611275));
#3567 = CARTESIAN_POINT('',(15.476934528783,-13.,-25.16933008802));
#3568 = CARTESIAN_POINT('',(15.476934528783,9.,-25.16933008802));
#3569 = CARTESIAN_POINT('',(15.164553511914,-13.,-25.43130481762));
#3570 = CARTESIAN_POINT('',(15.164553511914,9.,-25.43130481762));
#3571 = CARTESIAN_POINT('',(14.850907203575,-13.,-25.68514292354));
#3572 = CARTESIAN_POINT('',(14.850907203575,9.,-25.68514292354));
#3573 = CARTESIAN_POINT('',(14.587471291697,-13.,-25.8909164264));
#3574 = CARTESIAN_POINT('',(14.587471291697,9.,-25.8909164264));
#3575 = CARTESIAN_POINT('',(14.374752041285,-13.,-26.05263364651));
#3576 = CARTESIAN_POINT('',(14.374752041285,9.,-26.05263364651));
#3577 = CARTESIAN_POINT('',(14.214528918489,-13.,-26.17223986412));
#3578 = CARTESIAN_POINT('',(14.214528918489,9.,-26.17223986412));
#3579 = CARTESIAN_POINT('',(14.05297092006,-13.,-26.2906487919));
#3580 = CARTESIAN_POINT('',(14.05297092006,9.,-26.2906487919));
#3581 = CARTESIAN_POINT('',(13.834914036977,-13.,-26.44747911002));
#3582 = CARTESIAN_POINT('',(13.834914036977,9.,-26.44747911002));
#3583 = CARTESIAN_POINT('',(13.557617890329,-13.,-26.64119648906));
#3584 = CARTESIAN_POINT('',(13.557617890329,9.,-26.64119648906));
#3585 = CARTESIAN_POINT('',(13.21742215582,-13.,-26.86931643386));
#3586 = CARTESIAN_POINT('',(13.21742215582,9.,-26.86931643386));
#3587 = CARTESIAN_POINT('',(12.754303376102,-13.,-27.16679305927));
#3588 = CARTESIAN_POINT('',(12.754303376102,9.,-27.16679305927));
#3589 = CARTESIAN_POINT('',(12.157016685513,-13.,-27.5253087193));
#3590 = CARTESIAN_POINT('',(12.157016685513,9.,-27.5253087193));
#3591 = CARTESIAN_POINT('',(11.534811026316,-13.,-27.86324703797));
#3592 = CARTESIAN_POINT('',(11.534811026316,9.,-27.86324703797));
#3593 = CARTESIAN_POINT('',(11.02235816201,-13.,-28.11938621417));
#3594 = CARTESIAN_POINT('',(11.02235816201,9.,-28.11938621417));
#3595 = CARTESIAN_POINT('',(10.630883778592,-13.,-28.30389390935));
#3596 = CARTESIAN_POINT('',(10.630883778592,9.,-28.30389390935));
#3597 = CARTESIAN_POINT('',(10.232487334231,-13.,-28.48033499695));
#3598 = CARTESIAN_POINT('',(10.232487334231,9.,-28.48033499695));
#3599 = CARTESIAN_POINT('',(9.827634493949,-13.,-28.64819350261));
#3600 = CARTESIAN_POINT('',(9.827634493949,9.,-28.64819350261));
#3601 = CARTESIAN_POINT('',(9.484522547026,-13.,-28.78079900637));
#3602 = CARTESIAN_POINT('',(9.484522547026,9.,-28.78079900637));
#3603 = CARTESIAN_POINT('',(9.207287381813,-13.,-28.88211094863));
#3604 = CARTESIAN_POINT('',(9.207287381813,9.,-28.88211094863));
#3605 = CARTESIAN_POINT('',(8.997820056363,-13.,-28.95574922403));
#3606 = CARTESIAN_POINT('',(8.997820056363,9.,-28.95574922403));
#3607 = CARTESIAN_POINT('',(8.788544393396,-13.,-29.02642453648));
#3608 = CARTESIAN_POINT('',(8.788544393396,9.,-29.02642453648));
#3609 = CARTESIAN_POINT('',(8.512386350485,-13.,-29.11601444068));
#3610 = CARTESIAN_POINT('',(8.512386350485,9.,-29.11601444068));
#3611 = CARTESIAN_POINT('',(8.171221524962,-13.,-29.22012230218));
#3612 = CARTESIAN_POINT('',(8.171221524962,9.,-29.22012230218));
#3613 = CARTESIAN_POINT('',(7.768617891128,-13.,-29.33336493716));
#3614 = CARTESIAN_POINT('',(7.768617891128,9.,-29.33336493716));
#3615 = CARTESIAN_POINT('',(7.240838983965,-13.,-29.4700234636));
#3616 = CARTESIAN_POINT('',(7.240838983965,9.,-29.4700234636));
#3617 = CARTESIAN_POINT('',(6.598259741471,-13.,-29.61606763942));
#3618 = CARTESIAN_POINT('',(6.598259741471,9.,-29.61606763942));
#3619 = CARTESIAN_POINT('',(5.978826802631,-13.,-29.73390052446));
#3620 = CARTESIAN_POINT('',(5.978826802631,9.,-29.73390052446));
#3621 = CARTESIAN_POINT('',(5.497465760309,-13.,-29.81359798859));
#3622 = CARTESIAN_POINT('',(5.497465760309,9.,-29.81359798859));
#3623 = CARTESIAN_POINT('',(5.143645390474,-13.,-29.86659315086));
#3624 = CARTESIAN_POINT('',(5.143645390474,9.,-29.86659315086));
#3625 = CARTESIAN_POINT('',(4.797125930758,-13.,-29.91329450203));
#3626 = CARTESIAN_POINT('',(4.797125930758,9.,-29.91329450203));
#3627 = CARTESIAN_POINT('',(4.457848904084,-13.,-29.95415428904));
#3628 = CARTESIAN_POINT('',(4.457848904084,9.,-29.95415428904));
#3629 = CARTESIAN_POINT('',(4.181632094889,-13.,-29.98363603761));
#3630 = CARTESIAN_POINT('',(4.181632094889,9.,-29.98363603761));
#3631 = CARTESIAN_POINT('',(3.964316954695,-13.,-30.00470327306));
#3632 = CARTESIAN_POINT('',(3.964316954695,9.,-30.00470327306));
#3633 = CARTESIAN_POINT('',(3.803460965577,-13.,-30.01926026557));
#3634 = CARTESIAN_POINT('',(3.803460965577,9.,-30.01926026557));
#3635 = CARTESIAN_POINT('',(3.642939421229,-13.,-30.03277345709));
#3636 = CARTESIAN_POINT('',(3.642939421229,9.,-30.03277345709));
#3637 = CARTESIAN_POINT('',(3.426794606858,-13.,-30.04954069023));
#3638 = CARTESIAN_POINT('',(3.426794606858,9.,-30.04954069023));
#3639 = CARTESIAN_POINT('',(3.153722078848,-13.,-30.06791284113));
#3640 = CARTESIAN_POINT('',(3.153722078848,9.,-30.06791284113));
#3641 = CARTESIAN_POINT('',(2.820879007931,-13.,-30.08538000127));
#3642 = CARTESIAN_POINT('',(2.820879007931,9.,-30.08538000127));
#3643 = CARTESIAN_POINT('',(2.370378853538,-13.,-30.10190111008));
#3644 = CARTESIAN_POINT('',(2.370378853538,9.,-30.10190111008));
#3645 = CARTESIAN_POINT('',(1.910245938083,-13.,-30.10728606133));
#3646 = CARTESIAN_POINT('',(1.910245938083,9.,-30.10728606133));
#3647 = CARTESIAN_POINT('',(1.44191007306,-13.,-30.09978883432));
#3648 = CARTESIAN_POINT('',(1.44191007306,9.,-30.09978883432));
#3649 = CARTESIAN_POINT('',(1.086797449198,-13.,-30.08734672907));
#3650 = CARTESIAN_POINT('',(1.086797449198,9.,-30.08734672907));
#3651 = CARTESIAN_POINT('',(0.729116889223,-13.,-30.06779216308));
#3652 = CARTESIAN_POINT('',(0.729116889223,9.,-30.06779216308));
#3653 = CARTESIAN_POINT('',(0.370197722688,-13.,-30.0410111038));
#3654 = CARTESIAN_POINT('',(0.370197722688,9.,-30.0410111038));
#3655 = CARTESIAN_POINT('',(1.029439589683E-02,-13.,-30.00690022032));
#3656 = CARTESIAN_POINT('',(1.029439589683E-02,9.,-30.00690022032));
#3657 = CARTESIAN_POINT('',(-0.470476658522,-13.,-29.9515544489));
#3658 = CARTESIAN_POINT('',(-0.470476658522,9.,-29.9515544489));
#3659 = CARTESIAN_POINT('',(-1.070190333315,-13.,-29.86415111097));
#3660 = CARTESIAN_POINT('',(-1.070190333315,9.,-29.86415111097));
#3661 = CARTESIAN_POINT('',(-1.785943197016,-13.,-29.73081901981));
#3662 = CARTESIAN_POINT('',(-1.785943197016,9.,-29.73081901981));
#3663 = CARTESIAN_POINT('',(-2.499509378521,-13.,-29.56885935654));
#3664 = CARTESIAN_POINT('',(-2.499509378521,9.,-29.56885935654));
#3665 = CARTESIAN_POINT('',(-3.092961704796,-13.,-29.40950537413));
#3666 = CARTESIAN_POINT('',(-3.092961704796,9.,-29.40950537413));
#3667 = CARTESIAN_POINT('',(-3.5667954081,-13.,-29.26706658807));
#3668 = CARTESIAN_POINT('',(-3.5667954081,9.,-29.26706658807));
#3669 = CARTESIAN_POINT('',(-3.921742378316,-13.,-29.15262037891));
#3670 = CARTESIAN_POINT('',(-3.921742378316,9.,-29.15262037891));
#3671 = CARTESIAN_POINT('',(-4.217292969097,-13.,-29.05073512864));
#3672 = CARTESIAN_POINT('',(-4.217292969097,9.,-29.05073512864));
#3673 = CARTESIAN_POINT('',(-4.453599241187,-13.,-28.96521761563));
#3674 = CARTESIAN_POINT('',(-4.453599241187,9.,-28.96521761563));
#3675 = CARTESIAN_POINT('',(-4.690092452905,-13.,-28.87688310428));
#3676 = CARTESIAN_POINT('',(-4.690092452905,9.,-28.87688310428));
#3677 = CARTESIAN_POINT('',(-4.983582904113,-13.,-28.76204643487));
#3678 = CARTESIAN_POINT('',(-4.983582904113,9.,-28.76204643487));
#3679 = CARTESIAN_POINT('',(-5.328282997032,-13.,-28.6190674499));
#3680 = CARTESIAN_POINT('',(-5.328282997032,9.,-28.6190674499));
#3681 = CARTESIAN_POINT('',(-5.664257365536,-13.,-28.47202975751));
#3682 = CARTESIAN_POINT('',(-5.664257365536,9.,-28.47202975751));
#3683 = CARTESIAN_POINT('',(-5.992330456573,-13.,-28.32116922019));
#3684 = CARTESIAN_POINT('',(-5.992330456573,9.,-28.32116922019));
#3685 = CARTESIAN_POINT('',(-6.312248879969,-13.,-28.16717990139));
#3686 = CARTESIAN_POINT('',(-6.312248879969,9.,-28.16717990139));
#3687 = CARTESIAN_POINT('',(-6.727976277581,-13.,-27.95848342529));
#3688 = CARTESIAN_POINT('',(-6.727976277581,9.,-27.95848342529));
#3689 = CARTESIAN_POINT('',(-7.127944135833,-13.,-27.74570303758));
#3690 = CARTESIAN_POINT('',(-7.127944135833,9.,-27.74570303758));
#3691 = CARTESIAN_POINT('',(-7.513275678573,-13.,-27.53060207198));
#3692 = CARTESIAN_POINT('',(-7.513275678573,9.,-27.53060207198));
#3693 = CARTESIAN_POINT('',(-7.795263082156,-13.,-27.36850952588));
#3694 = CARTESIAN_POINT('',(-7.795263082156,9.,-27.36850952588));
#3695 = CARTESIAN_POINT('',(-8.070763702449,-13.,-27.20589908448));
#3696 = CARTESIAN_POINT('',(-8.070763702449,9.,-27.20589908448));
#3697 = CARTESIAN_POINT('',(-8.295483540906,-13.,-27.07005831751));
#3698 = CARTESIAN_POINT('',(-8.295483540906,9.,-27.07005831751));
#3699 = CARTESIAN_POINT('',(-8.472375695242,-13.,-26.96140518042));
#3700 = CARTESIAN_POINT('',(-8.472375695242,9.,-26.96140518042));
#3701 = CARTESIAN_POINT('',(-8.603028669228,-13.,-26.8803526084));
#3702 = CARTESIAN_POINT('',(-8.603028669228,9.,-26.8803526084));
#3703 = CARTESIAN_POINT('',(-8.733313604539,-13.,-26.79878042056));
#3704 = CARTESIAN_POINT('',(-8.733313604539,9.,-26.79878042056));
#3705 = CARTESIAN_POINT('',(-8.864486466927,-13.,-26.7158821928));
#3706 = CARTESIAN_POINT('',(-8.864486466927,9.,-26.7158821928));
#3707 = CARTESIAN_POINT('',(-8.997055923606,-13.,-26.63130915617));
#3708 = CARTESIAN_POINT('',(-8.997055923606,9.,-26.63130915617));
#3709 = CARTESIAN_POINT('',(-9.176809195329,-13.,-26.51549039718));
#3710 = CARTESIAN_POINT('',(-9.176809195329,9.,-26.51549039718));
#3711 = CARTESIAN_POINT('',(-9.406349144215,-13.,-26.36527339681));
#3712 = CARTESIAN_POINT('',(-9.406349144215,9.,-26.36527339681));
#3713 = CARTESIAN_POINT('',(-9.688832587736,-13.,-26.17610017144));
#3714 = CARTESIAN_POINT('',(-9.688832587736,9.,-26.17610017144));
#3715 = CARTESIAN_POINT('',(-10.07360793889,-13.,-25.91189953111));
#3716 = CARTESIAN_POINT('',(-10.07360793889,9.,-25.91189953111));
#3717 = CARTESIAN_POINT('',(-10.56924329872,-13.,-25.55780513961));
#3718 = CARTESIAN_POINT('',(-10.56924329872,9.,-25.55780513961));
#3719 = CARTESIAN_POINT('',(-11.08137793152,-13.,-25.16849918577));
#3720 = CARTESIAN_POINT('',(-11.08137793152,9.,-25.16849918577));
#3721 = CARTESIAN_POINT('',(-11.49912050359,-13.,-24.83329687337));
#3722 = CARTESIAN_POINT('',(-11.49912050359,9.,-24.83329687337));
#3723 = CARTESIAN_POINT('',(-11.81595002862,-13.,-24.56922347884));
#3724 = CARTESIAN_POINT('',(-11.81595002862,9.,-24.56922347884));
#3725 = CARTESIAN_POINT('',(-12.13587046327,-13.,-24.29155147987));
#3726 = CARTESIAN_POINT('',(-12.13587046327,9.,-24.29155147987));
#3727 = CARTESIAN_POINT('',(-12.40466473439,-13.,-24.04792463992));
#3728 = CARTESIAN_POINT('',(-12.40466473439,9.,-24.04792463992));
#3729 = CARTESIAN_POINT('',(-12.62056228502,-13.,-23.84527629137));
#3730 = CARTESIAN_POINT('',(-12.62056228502,9.,-23.84527629137));
#3731 = CARTESIAN_POINT('',(-12.78268346698,-13.,-23.68942349809));
#3732 = CARTESIAN_POINT('',(-12.78268346698,9.,-23.68942349809));
#3733 = CARTESIAN_POINT('',(-12.91822510581,-13.,-23.55586753395));
#3734 = CARTESIAN_POINT('',(-12.91822510581,9.,-23.55586753395));
#3735 = CARTESIAN_POINT('',(-13.02702501165,-13.,-23.44656319727));
#3736 = CARTESIAN_POINT('',(-13.02702501165,9.,-23.44656319727));
#3737 = CARTESIAN_POINT('',(-13.10892792337,-13.,-23.36318830427));
#3738 = CARTESIAN_POINT('',(-13.10892792337,9.,-23.36318830427));
#3739 = CARTESIAN_POINT('',(-13.19040526317,-13.,-23.27912134162));
#3740 = CARTESIAN_POINT('',(-13.19040526317,9.,-23.27912134162));
#3741 = CARTESIAN_POINT('',(-13.27079091895,-13.,-23.19506902914));
#3742 = CARTESIAN_POINT('',(-13.27079091895,9.,-23.19506902914));
#3743 = CARTESIAN_POINT('',(-13.3502979311,-13.,-23.11083426441));
#3744 = CARTESIAN_POINT('',(-13.3502979311,9.,-23.11083426441));
#3745 = CARTESIAN_POINT('',(-13.45528140075,-13.,-22.99814047272));
#3746 = CARTESIAN_POINT('',(-13.45528140075,9.,-22.99814047272));
#3747 = CARTESIAN_POINT('',(-13.5836548939,-13.,-22.8575976848));
#3748 = CARTESIAN_POINT('',(-13.5836548939,9.,-22.8575976848));
#3749 = CARTESIAN_POINT('',(-13.73217222044,-13.,-22.69086377275));
#3750 = CARTESIAN_POINT('',(-13.73217222044,9.,-22.69086377275));
#3751 = CARTESIAN_POINT('',(-13.87585462731,-13.,-22.52564054712));
#3752 = CARTESIAN_POINT('',(-13.87585462731,9.,-22.52564054712));
#3753 = CARTESIAN_POINT('',(-14.06163970389,-13.,-22.30698994087));
#3754 = CARTESIAN_POINT('',(-14.06163970389,9.,-22.30698994087));
#3755 = CARTESIAN_POINT('',(-14.28266836222,-13.,-22.03788953612));
#3756 = CARTESIAN_POINT('',(-14.28266836222,9.,-22.03788953612));
#3757 = CARTESIAN_POINT('',(-14.53087923827,-13.,-21.72303613008));
#3758 = CARTESIAN_POINT('',(-14.53087923827,9.,-21.72303613008));
#3759 = CARTESIAN_POINT('',(-14.76309385701,-13.,-21.41725824898));
#3760 = CARTESIAN_POINT('',(-14.76309385701,9.,-21.41725824898));
#3761 = CARTESIAN_POINT('',(-14.98019989192,-13.,-21.12161887409));
#3762 = CARTESIAN_POINT('',(-14.98019989192,9.,-21.12161887409));
#3763 = CARTESIAN_POINT('',(-15.18304629406,-13.,-20.83707386546));
#3764 = CARTESIAN_POINT('',(-15.18304629406,9.,-20.83707386546));
#3765 = CARTESIAN_POINT('',(-15.37240931117,-13.,-20.56454745738));
#3766 = CARTESIAN_POINT('',(-15.37240931117,9.,-20.56454745738));
#3767 = CARTESIAN_POINT('',(-15.54894485291,-13.,-20.30496501057));
#3768 = CARTESIAN_POINT('',(-15.54894485291,9.,-20.30496501057));
#3769 = CARTESIAN_POINT('',(-15.71334448245,-13.,-20.05905337958));
#3770 = CARTESIAN_POINT('',(-15.71334448245,9.,-20.05905337958));
#3771 = CARTESIAN_POINT('',(-15.86629112566,-13.,-19.82732916158));
#3772 = CARTESIAN_POINT('',(-15.86629112566,9.,-19.82732916158));
#3773 = CARTESIAN_POINT('',(-15.98426066154,-13.,-19.64712799776));
#3774 = CARTESIAN_POINT('',(-15.98426066154,9.,-19.64712799776));
#3775 = CARTESIAN_POINT('',(-16.07300371852,-13.,-19.51123872583));
#3776 = CARTESIAN_POINT('',(-16.07300371852,9.,-19.51123872583));
#3777 = CARTESIAN_POINT('',(-16.13651465179,-13.,-19.41394551014));
#3778 = CARTESIAN_POINT('',(-16.13651465179,9.,-19.41394551014));
#3779 = CARTESIAN_POINT('',(-16.1875601055,-13.,-19.33581696755));
#3780 = CARTESIAN_POINT('',(-16.1875601055,9.,-19.33581696755));
#3781 = CARTESIAN_POINT('',(-16.22792934139,-13.,-19.27409367413));
#3782 = CARTESIAN_POINT('',(-16.22792934139,9.,-19.27409367413));
#3783 = CARTESIAN_POINT('',(-16.25783619616,-13.,-19.22840507662));
#3784 = CARTESIAN_POINT('',(-16.25783619616,9.,-19.22840507662));
#3785 = CARTESIAN_POINT('',(-16.28782940394,-13.,-19.18262850215));
#3786 = CARTESIAN_POINT('',(-16.28782940394,9.,-19.18262850215));
#3787 = CARTESIAN_POINT('',(-16.32844467631,-13.,-19.12068565687));
#3788 = CARTESIAN_POINT('',(-16.32844467631,9.,-19.12068565687));
#3789 = CARTESIAN_POINT('',(-16.38021007747,-13.,-19.04179765248));
#3790 = CARTESIAN_POINT('',(-16.38021007747,9.,-19.04179765248));
#3791 = CARTESIAN_POINT('',(-16.44368286804,-13.,-18.94507835895));
#3792 = CARTESIAN_POINT('',(-16.44368286804,9.,-18.94507835895));
#3793 = CARTESIAN_POINT('',(-16.52966864302,-13.,-18.81398163022));
#3794 = CARTESIAN_POINT('',(-16.52966864302,9.,-18.81398163022));
#3795 = CARTESIAN_POINT('',(-16.64015932053,-13.,-18.64522426758));
#3796 = CARTESIAN_POINT('',(-16.64015932053,9.,-18.64522426758));
#3797 = CARTESIAN_POINT('',(-16.7776394181,-13.,-18.43412517905));
#3798 = CARTESIAN_POINT('',(-16.7776394181,9.,-18.43412517905));
#3799 = CARTESIAN_POINT('',(-16.9670709313,-13.,-18.14083881303));
#3800 = CARTESIAN_POINT('',(-16.9670709313,9.,-18.14083881303));
#3801 = CARTESIAN_POINT('',(-17.16536242484,-13.,-17.82876233891));
#3802 = CARTESIAN_POINT('',(-17.16536242484,9.,-17.82876233891));
#3803 = CARTESIAN_POINT('',(-17.37104474875,-13.,-17.49656696026));
#3804 = CARTESIAN_POINT('',(-17.37104474875,9.,-17.49656696026));
#3805 = CARTESIAN_POINT('',(-17.52852178139,-13.,-17.23711246574));
#3806 = CARTESIAN_POINT('',(-17.52852178139,9.,-17.23711246574));
#3807 = CARTESIAN_POINT('',(-17.68863517777,-13.,-16.96725261654));
#3808 = CARTESIAN_POINT('',(-17.68863517777,9.,-16.96725261654));
#3809 = CARTESIAN_POINT('',(-17.85076997328,-13.,-16.68693720665));
#3810 = CARTESIAN_POINT('',(-17.85076997328,9.,-16.68693720665));
#3811 = CARTESIAN_POINT('',(-17.9870865357,-13.,-16.44452650931));
#3812 = CARTESIAN_POINT('',(-17.9870865357,9.,-16.44452650931));
#3813 = CARTESIAN_POINT('',(-18.08285940632,-13.,-16.27021558742));
#3814 = CARTESIAN_POINT('',(-18.08285940632,9.,-16.27021558742));
#3815 = CARTESIAN_POINT('',(-18.13760108592,-13.,-16.16937821395));
#3816 = CARTESIAN_POINT('',(-18.13760108592,9.,-16.16937821395));
#3817 = CARTESIAN_POINT('',(-18.17873893859,-13.,-16.0929775211));
#3818 = CARTESIAN_POINT('',(-18.17873893859,9.,-16.0929775211));
#3819 = CARTESIAN_POINT('',(-18.2196246705,-13.,-16.01640775855));
#3820 = CARTESIAN_POINT('',(-18.2196246705,9.,-16.01640775855));
#3821 = CARTESIAN_POINT('',(-18.27338648793,-13.,-15.91489898419));
#3822 = CARTESIAN_POINT('',(-18.27338648793,9.,-15.91489898419));
#3823 = CARTESIAN_POINT('',(-18.36584614612,-13.,-15.73821647838));
#3824 = CARTESIAN_POINT('',(-18.36584614612,9.,-15.73821647838));
#3825 = CARTESIAN_POINT('',(-18.49311411413,-13.,-15.48933045256));
#3826 = CARTESIAN_POINT('',(-18.49311411413,9.,-15.48933045256));
#3827 = CARTESIAN_POINT('',(-18.63887242624,-13.,-15.19625311058));
#3828 = CARTESIAN_POINT('',(-18.63887242624,9.,-15.19625311058));
#3829 = CARTESIAN_POINT('',(-18.77835324991,-13.,-14.90861952917));
#3830 = CARTESIAN_POINT('',(-18.77835324991,9.,-14.90861952917));
#3831 = CARTESIAN_POINT('',(-18.91196693384,-13.,-14.62672185794));
#3832 = CARTESIAN_POINT('',(-18.91196693384,9.,-14.62672185794));
#3833 = CARTESIAN_POINT('',(-19.08280472539,-13.,-14.25881883817));
#3834 = CARTESIAN_POINT('',(-19.08280472539,9.,-14.25881883817));
#3835 = CARTESIAN_POINT('',(-19.28341323739,-13.,-13.81466944569));
#3836 = CARTESIAN_POINT('',(-19.28341323739,9.,-13.81466944569));
#3837 = CARTESIAN_POINT('',(-19.46809814991,-13.,-13.39442749487));
#3838 = CARTESIAN_POINT('',(-19.46809814991,9.,-13.39442749487));
#3839 = CARTESIAN_POINT('',(-19.60656486941,-13.,-13.0750553921));
#3840 = CARTESIAN_POINT('',(-19.60656486941,9.,-13.0750553921));
#3841 = CARTESIAN_POINT('',(-19.70575741851,-13.,-12.84467939746));
#3842 = CARTESIAN_POINT('',(-19.70575741851,9.,-12.84467939746));
#3843 = CARTESIAN_POINT('',(-19.78448927033,-13.,-12.66100022479));
#3844 = CARTESIAN_POINT('',(-19.78448927033,9.,-12.66100022479));
#3845 = CARTESIAN_POINT('',(-19.84506155526,-13.,-12.51947445893));
#3846 = CARTESIAN_POINT('',(-19.84506155526,9.,-12.51947445893));
#3847 = CARTESIAN_POINT('',(-19.8890677697,-13.,-12.4166218214));
#3848 = CARTESIAN_POINT('',(-19.8890677697,9.,-12.4166218214));
#3849 = CARTESIAN_POINT('',(-19.93240257512,-13.,-12.31537893382));
#3850 = CARTESIAN_POINT('',(-19.93240257512,9.,-12.31537893382));
#3851 = CARTESIAN_POINT('',(-19.99038464545,-13.,-12.17991108521));
#3852 = CARTESIAN_POINT('',(-19.99038464545,9.,-12.17991108521));
#3853 = CARTESIAN_POINT('',(-20.06321625847,-13.,-12.00962853567));
#3854 = CARTESIAN_POINT('',(-20.06321625847,9.,-12.00962853567));
#3855 = CARTESIAN_POINT('',(-20.1516407217,-13.,-11.80225590607));
#3856 = CARTESIAN_POINT('',(-20.1516407217,9.,-11.80225590607));
#3857 = CARTESIAN_POINT('',(-20.24124806474,-13.,-11.59101417473));
#3858 = CARTESIAN_POINT('',(-20.24124806474,9.,-11.59101417473));
#3859 = CARTESIAN_POINT('',(-20.33226188913,-13.,-11.37488195412));
#3860 = CARTESIAN_POINT('',(-20.33226188913,9.,-11.37488195412));
#3861 = CARTESIAN_POINT('',(-20.45561476829,-13.,-11.07918414807));
#3862 = CARTESIAN_POINT('',(-20.45561476829,9.,-11.07918414807));
#3863 = CARTESIAN_POINT('',(-20.61362432871,-13.,-10.69395312617));
#3864 = CARTESIAN_POINT('',(-20.61362432871,9.,-10.69395312617));
#3865 = CARTESIAN_POINT('',(-20.80895581571,-13.,-10.20332219692));
#3866 = CARTESIAN_POINT('',(-20.80895581571,9.,-10.20332219692));
#3867 = CARTESIAN_POINT('',(-21.00928038588,-13.,-9.68238842769));
#3868 = CARTESIAN_POINT('',(-21.00928038588,9.,-9.68238842769));
#3869 = CARTESIAN_POINT('',(-21.21466810816,-13.,-9.127437466281));
#3870 = CARTESIAN_POINT('',(-21.21466810816,9.,-9.127437466281));
#3871 = CARTESIAN_POINT('',(-21.42010473514,-13.,-8.551516254558));
#3872 = CARTESIAN_POINT('',(-21.42010473514,9.,-8.551516254558));
#3873 = CARTESIAN_POINT('',(-21.62561210097,-13.,-7.955360342271));
#3874 = CARTESIAN_POINT('',(-21.62561210097,9.,-7.955360342271));
#3875 = CARTESIAN_POINT('',(-21.82984388958,-13.,-7.342471694652));
#3876 = CARTESIAN_POINT('',(-21.82984388958,9.,-7.342471694652));
#3877 = CARTESIAN_POINT('',(-22.0313799247,-13.,-6.716340512741));
#3878 = CARTESIAN_POINT('',(-22.0313799247,9.,-6.716340512741));
#3879 = CARTESIAN_POINT('',(-22.22860066149,-13.,-6.080611090886));
#3880 = CARTESIAN_POINT('',(-22.22860066149,9.,-6.080611090886));
#3881 = CARTESIAN_POINT('',(-22.38788816425,-13.,-5.545935678775));
#3882 = CARTESIAN_POINT('',(-22.38788816425,9.,-5.545935678775));
#3883 = CARTESIAN_POINT('',(-22.51150153818,-13.,-5.116522885926));
#3884 = CARTESIAN_POINT('',(-22.51150153818,9.,-5.116522885926));
#3885 = CARTESIAN_POINT('',(-22.60226407025,-13.,-4.793213096303));
#3886 = CARTESIAN_POINT('',(-22.60226407025,9.,-4.793213096303));
#3887 = CARTESIAN_POINT('',(-22.6757772772,-13.,-4.524015549952));
#3888 = CARTESIAN_POINT('',(-22.6757772772,9.,-4.524015549952));
#3889 = CARTESIAN_POINT('',(-22.73304797703,-13.,-4.309648152346));
#3890 = CARTESIAN_POINT('',(-22.73304797703,9.,-4.309648152346));
#3891 = CARTESIAN_POINT('',(-22.78937897269,-13.,-4.095567456036));
#3892 = CARTESIAN_POINT('',(-22.78937897269,9.,-4.095567456036));
#3893 = CARTESIAN_POINT('',(-22.8574541307,-13.,-3.830601469605));
#3894 = CARTESIAN_POINT('',(-22.8574541307,9.,-3.830601469605));
#3895 = CARTESIAN_POINT('',(-22.93515016477,-13.,-3.518486111947));
#3896 = CARTESIAN_POINT('',(-22.93515016477,9.,-3.518486111947));
#3897 = CARTESIAN_POINT('',(-23.00927637755,-13.,-3.211262963961));
#3898 = CARTESIAN_POINT('',(-23.00927637755,9.,-3.211262963961));
#3899 = CARTESIAN_POINT('',(-23.10369251847,-13.,-2.80755827944));
#3900 = CARTESIAN_POINT('',(-23.10369251847,9.,-2.80755827944));
#3901 = CARTESIAN_POINT('',(-23.21367352836,-13.,-2.314643253733));
#3902 = CARTESIAN_POINT('',(-23.21367352836,9.,-2.314643253733));
#3903 = CARTESIAN_POINT('',(-23.3342865939,-13.,-1.741664065124));
#3904 = CARTESIAN_POINT('',(-23.3342865939,9.,-1.741664065124));
#3905 = CARTESIAN_POINT('',(-23.42677792176,-13.,-1.278754615519));
#3906 = CARTESIAN_POINT('',(-23.42677792176,9.,-1.278754615519));
#3907 = CARTESIAN_POINT('',(-23.49688070989,-13.,-0.916380155552));
#3908 = CARTESIAN_POINT('',(-23.49688070989,9.,-0.916380155552));
#3909 = CARTESIAN_POINT('',(-23.54774630817,-13.,-0.648331749913));
#3910 = CARTESIAN_POINT('',(-23.54774630817,9.,-0.648331749913));
#3911 = CARTESIAN_POINT('',(-23.58888677907,-13.,-0.427930988735));
#3912 = CARTESIAN_POINT('',(-23.58888677907,9.,-0.427930988735));
#3913 = CARTESIAN_POINT('',(-23.62120596363,-13.,-0.253040410055));
#3914 = CARTESIAN_POINT('',(-23.62120596363,9.,-0.253040410055));
#3915 = CARTESIAN_POINT('',(-23.64514273569,-13.,-0.122740516334));
#3916 = CARTESIAN_POINT('',(-23.64514273569,9.,-0.122740516334));
#3917 = CARTESIAN_POINT('',(-23.66898450628,-13.,7.706283441882E-03));
#3918 = CARTESIAN_POINT('',(-23.66898450628,9.,7.706283441882E-03));
#3919 = CARTESIAN_POINT('',(-23.70086012883,-13.,0.183071247813));
#3920 = CARTESIAN_POINT('',(-23.70086012883,9.,0.183071247813));
#3921 = CARTESIAN_POINT('',(-23.74072615652,-13.,0.404343591777));
#3922 = CARTESIAN_POINT('',(-23.74072615652,9.,0.404343591777));
#3923 = CARTESIAN_POINT('',(-23.78855680263,-13.,0.673407278754));
#3924 = CARTESIAN_POINT('',(-23.78855680263,9.,0.673407278754));
#3925 = CARTESIAN_POINT('',(-23.85212407049,-13.,1.036498801969));
#3926 = CARTESIAN_POINT('',(-23.85212407049,9.,1.036498801969));
#3927 = CARTESIAN_POINT('',(-23.93075189637,-13.,1.497379823182));
#3928 = CARTESIAN_POINT('',(-23.93075189637,9.,1.497379823182));
#3929 = CARTESIAN_POINT('',(-24.02265202212,-13.,2.059877050872));
#3930 = CARTESIAN_POINT('',(-24.02265202212,9.,2.059877050872));
#3931 = CARTESIAN_POINT('',(-24.09621816256,-13.,2.535266730935));
#3932 = CARTESIAN_POINT('',(-24.09621816256,9.,2.535266730935));
#3933 = CARTESIAN_POINT('',(-24.15263258426,-13.,2.918850297583));
#3934 = CARTESIAN_POINT('',(-24.15263258426,9.,2.918850297583));
#3935 = CARTESIAN_POINT('',(-24.19354655396,-13.,3.207906185804));
#3936 = CARTESIAN_POINT('',(-24.19354655396,9.,3.207906185804));
#3937 = CARTESIAN_POINT('',(-24.22640509655,-13.,3.450287262315));
#3938 = CARTESIAN_POINT('',(-24.22640509655,9.,3.450287262315));
#3939 = CARTESIAN_POINT('',(-24.25187458275,-13.,3.645271886511));
#3940 = CARTESIAN_POINT('',(-24.25187458275,9.,3.645271886511));
#3941 = CARTESIAN_POINT('',(-24.27055437803,-13.,3.792161494694));
#3942 = CARTESIAN_POINT('',(-24.27055437803,9.,3.792161494694));
#3943 = CARTESIAN_POINT('',(-24.28870604167,-13.,3.939081540448));
#3944 = CARTESIAN_POINT('',(-24.28870604167,9.,3.939081540448));
#3945 = CARTESIAN_POINT('',(-24.31208758125,-13.,4.134076940952));
#3946 = CARTESIAN_POINT('',(-24.31208758125,9.,4.134076940952));
#3947 = CARTESIAN_POINT('',(-24.33986169942,-13.,4.376861946791));
#3948 = CARTESIAN_POINT('',(-24.33986169942,9.,4.376861946791));
#3949 = CARTESIAN_POINT('',(-24.37063075713,-13.,4.664646616934));
#3950 = CARTESIAN_POINT('',(-24.37063075713,9.,4.664646616934));
#3951 = CARTESIAN_POINT('',(-24.39879657988,-13.,4.947195151448));
#3952 = CARTESIAN_POINT('',(-24.39879657988,9.,4.947195151448));
#3953 = CARTESIAN_POINT('',(-24.42459644369,-13.,5.225357869927));
#3954 = CARTESIAN_POINT('',(-24.42459644369,9.,5.225357869927));
#3955 = CARTESIAN_POINT('',(-24.45604275563,-13.,5.590873426466));
#3956 = CARTESIAN_POINT('',(-24.45604275563,9.,5.590873426466));
#3957 = CARTESIAN_POINT('',(-24.49005154551,-13.,6.036927352935));
#3958 = CARTESIAN_POINT('',(-24.49005154551,9.,6.036927352935));
#3959 = CARTESIAN_POINT('',(-24.51792159887,-13.,6.468467308242));
#3960 = CARTESIAN_POINT('',(-24.51792159887,9.,6.468467308242));
#3961 = CARTESIAN_POINT('',(-24.53711608964,-13.,6.805202143788));
#3962 = CARTESIAN_POINT('',(-24.53711608964,9.,6.805202143788));
#3963 = CARTESIAN_POINT('',(-24.55011446477,-13.,7.05372699769));
#3964 = CARTESIAN_POINT('',(-24.55011446477,9.,7.05372699769));
#3965 = CARTESIAN_POINT('',(-24.56182335974,-13.,7.297515000234));
#3966 = CARTESIAN_POINT('',(-24.56182335974,9.,7.297515000234));
#3967 = CARTESIAN_POINT('',(-24.57068334122,-13.,7.497537704564));
#3968 = CARTESIAN_POINT('',(-24.57068334122,9.,7.497537704564));
#3969 = CARTESIAN_POINT('',(-24.57738048355,-13.,7.658734000032));
#3970 = CARTESIAN_POINT('',(-24.57738048355,9.,7.658734000032));
#3971 = CARTESIAN_POINT('',(-24.58383992685,-13.,7.82218710469));
#3972 = CARTESIAN_POINT('',(-24.58383992685,9.,7.82218710469));
#3973 = CARTESIAN_POINT('',(-24.59136730059,-13.,8.030101001207));
#3974 = CARTESIAN_POINT('',(-24.59136730059,9.,8.030101001207));
#3975 = CARTESIAN_POINT('',(-24.59928175702,-13.,8.285406293044));
#3976 = CARTESIAN_POINT('',(-24.59928175702,9.,8.285406293044));
#3977 = CARTESIAN_POINT('',(-24.60800400473,-13.,8.633211417726));
#3978 = CARTESIAN_POINT('',(-24.60800400473,9.,8.633211417726));
#3979 = CARTESIAN_POINT('',(-24.61485484117,-13.,9.08218972788));
#3980 = CARTESIAN_POINT('',(-24.61485484117,9.,9.08218972788));
#3981 = CARTESIAN_POINT('',(-24.61440478414,-13.,9.643931972691));
#3982 = CARTESIAN_POINT('',(-24.61440478414,9.,9.643931972691));
#3983 = CARTESIAN_POINT('',(-24.60483324841,-13.,10.130995804838));
#3984 = CARTESIAN_POINT('',(-24.60483324841,9.,10.130995804838));
#3985 = CARTESIAN_POINT('',(-24.59044631519,-13.,10.53154036127));
#3986 = CARTESIAN_POINT('',(-24.59044631519,9.,10.53154036127));
#3987 = CARTESIAN_POINT('',(-24.57595962263,-13.,10.837658109912));
#3988 = CARTESIAN_POINT('',(-24.57595962263,9.,10.837658109912));
#3989 = CARTESIAN_POINT('',(-24.55752955384,-13.,11.148047822367));
#3990 = CARTESIAN_POINT('',(-24.55752955384,9.,11.148047822367));
#3991 = CARTESIAN_POINT('',(-24.52754153661,-13.,11.565795805331));
#3992 = CARTESIAN_POINT('',(-24.52754153661,9.,11.565795805331));
#3993 = CARTESIAN_POINT('',(-24.47936963114,-13.,12.095877331865));
#3994 = CARTESIAN_POINT('',(-24.47936963114,9.,12.095877331865));
#3995 = CARTESIAN_POINT('',(-24.40288612639,-13.,12.743359934028));
#3996 = CARTESIAN_POINT('',(-24.40288612639,9.,12.743359934028));
#3997 = CARTESIAN_POINT('',(-24.30579804678,-13.,13.402945552707));
#3998 = CARTESIAN_POINT('',(-24.30579804678,9.,13.402945552707));
#3999 = CARTESIAN_POINT('',(-24.20569554079,-13.,13.963385337275));
#4000 = CARTESIAN_POINT('',(-24.20569554079,9.,13.963385337275));
#4001 = CARTESIAN_POINT('',(-24.11305632768,-13.,14.417028837935));
#4002 = CARTESIAN_POINT('',(-24.11305632768,9.,14.417028837935));
#4003 = CARTESIAN_POINT('',(-24.03713642249,-13.,14.759314721864));
#4004 = CARTESIAN_POINT('',(-24.03713642249,9.,14.759314721864));
#4005 = CARTESIAN_POINT('',(-23.9544908645,-13.,15.103641920355));
#4006 = CARTESIAN_POINT('',(-23.9544908645,9.,15.103641920355));
#4007 = CARTESIAN_POINT('',(-23.86475423245,-13.,15.450179523437));
#4008 = CARTESIAN_POINT('',(-23.86475423245,9.,15.450179523437));
#4009 = CARTESIAN_POINT('',(-23.76790777513,-13.,15.797745240359));
#4010 = CARTESIAN_POINT('',(-23.76790777513,9.,15.797745240359));
#4011 = CARTESIAN_POINT('',(-23.62948196736,-13.,16.26092683773));
#4012 = CARTESIAN_POINT('',(-23.62948196736,9.,16.26092683773));
#4013 = CARTESIAN_POINT('',(-23.47672153814,-13.,16.723854926009));
#4014 = CARTESIAN_POINT('',(-23.47672153814,9.,16.723854926009));
#4015 = CARTESIAN_POINT('',(-23.30894214726,-13.,17.186183385294));
#4016 = CARTESIAN_POINT('',(-23.30894214726,9.,17.186183385294));
#4017 = CARTESIAN_POINT('',(-23.1752430473,-13.,17.532926228796));
#4018 = CARTESIAN_POINT('',(-23.1752430473,9.,17.532926228796));
#4019 = CARTESIAN_POINT('',(-23.0336465328,-13.,17.879074705518));
#4020 = CARTESIAN_POINT('',(-23.0336465328,9.,17.879074705518));
#4021 = CARTESIAN_POINT('',(-22.88422441967,-13.,18.223961534432));
#4022 = CARTESIAN_POINT('',(-22.88422441967,9.,18.223961534432));
#4023 = CARTESIAN_POINT('',(-22.75278844838,-13.,18.510804952834));
#4024 = CARTESIAN_POINT('',(-22.75278844838,9.,18.510804952834));
#4025 = CARTESIAN_POINT('',(-22.64326577922,-13.,18.74007620197));
#4026 = CARTESIAN_POINT('',(-22.64326577922,9.,18.74007620197));
#4027 = CARTESIAN_POINT('',(-22.55885059479,-13.,18.912009108196));
#4028 = CARTESIAN_POINT('',(-22.55885059479,9.,18.912009108196));
#4029 = CARTESIAN_POINT('',(-22.47250138244,-13.,19.083158184168));
#4030 = CARTESIAN_POINT('',(-22.47250138244,9.,19.083158184168));
#4031 = CARTESIAN_POINT('',(-22.38458074765,-13.,19.252846828664));
#4032 = CARTESIAN_POINT('',(-22.38458074765,9.,19.252846828664));
#4033 = CARTESIAN_POINT('',(-22.29501241439,-13.,19.421273897895));
#4034 = CARTESIAN_POINT('',(-22.29501241439,9.,19.421273897895));
#4035 = CARTESIAN_POINT('',(-22.20370795667,-13.,19.588623672283));
#4036 = CARTESIAN_POINT('',(-22.20370795667,9.,19.588623672283));
#4037 = CARTESIAN_POINT('',(-22.11103746382,-13.,19.754245405402));
#4038 = CARTESIAN_POINT('',(-22.11103746382,9.,19.754245405402));
#4039 = CARTESIAN_POINT('',(-21.98625861964,-13.,19.971861675744));
#4040 = CARTESIAN_POINT('',(-21.98625861964,9.,19.971861675744));
#4041 = CARTESIAN_POINT('',(-21.82803139617,-13.,20.238167936022));
#4042 = CARTESIAN_POINT('',(-21.82803139617,9.,20.238167936022));
#4043 = CARTESIAN_POINT('',(-21.63476558404,-13.,20.549259762219));
#4044 = CARTESIAN_POINT('',(-21.63476558404,9.,20.549259762219));
#4045 = CARTESIAN_POINT('',(-21.37252385459,-13.,20.953865942696));
#4046 = CARTESIAN_POINT('',(-21.37252385459,9.,20.953865942696));
#4047 = CARTESIAN_POINT('',(-21.03775378392,-13.,21.439964862228));
#4048 = CARTESIAN_POINT('',(-21.03775378392,9.,21.439964862228));
#4049 = CARTESIAN_POINT('',(-20.69632547946,-13.,21.900875238517));
#4050 = CARTESIAN_POINT('',(-20.69632547946,9.,21.900875238517));
#4051 = CARTESIAN_POINT('',(-20.42037248606,-13.,22.255438825205));
#4052 = CARTESIAN_POINT('',(-20.42037248606,9.,22.255438825205));
#4053 = CARTESIAN_POINT('',(-20.24690755481,-13.,22.47138179318));
#4054 = CARTESIAN_POINT('',(-20.24690755481,9.,22.47138179318));
#4055 = CARTESIAN_POINT('',(-20.1077568114,-13.,22.640737151729));
#4056 = CARTESIAN_POINT('',(-20.1077568114,9.,22.640737151729));
#4057 = CARTESIAN_POINT('',(-20.0036185181,-13.,22.765636290734));
#4058 = CARTESIAN_POINT('',(-20.0036185181,9.,22.765636290734));
#4059 = CARTESIAN_POINT('',(-19.89878931518,-13.,22.889587404897));
#4060 = CARTESIAN_POINT('',(-19.89878931518,9.,22.889587404897));
#4061 = CARTESIAN_POINT('',(-19.75713890266,-13.,23.054679036318));
#4062 = CARTESIAN_POINT('',(-19.75713890266,9.,23.054679036318));
#4063 = CARTESIAN_POINT('',(-19.57586544321,-13.,23.261413299915));
#4064 = CARTESIAN_POINT('',(-19.57586544321,9.,23.261413299915));
#4065 = CARTESIAN_POINT('',(-19.35007476138,-13.,23.511191151481));
#4066 = CARTESIAN_POINT('',(-19.35007476138,9.,23.511191151481));
#4067 = CARTESIAN_POINT('',(-19.1163363777,-13.,23.761639827487));
#4068 = CARTESIAN_POINT('',(-19.1163363777,9.,23.761639827487));
#4069 = CARTESIAN_POINT('',(-18.79409215134,-13.,24.095683937939));
#4070 = CARTESIAN_POINT('',(-18.79409215134,9.,24.095683937939));
#4071 = CARTESIAN_POINT('',(-18.3707687432,-13.,24.512681036479));
#4072 = CARTESIAN_POINT('',(-18.3707687432,9.,24.512681036479));
#4073 = CARTESIAN_POINT('',(-17.82958626559,-13.,25.008171431906));
#4074 = CARTESIAN_POINT('',(-17.82958626559,9.,25.008171431906));
#4075 = CARTESIAN_POINT('',(-17.35086873825,-13.,25.413850497041));
#4076 = CARTESIAN_POINT('',(-17.35086873825,9.,25.413850497041));
#4077 = CARTESIAN_POINT('',(-17.0015359593,-13.,25.692313283892));
#4078 = CARTESIAN_POINT('',(-17.0015359593,9.,25.692313283892));
#4079 = CARTESIAN_POINT('',(-16.79808721178,-13.,25.849518721583));
#4080 = CARTESIAN_POINT('',(-16.79808721178,9.,25.849518721583));
#4081 = CARTESIAN_POINT('',(-16.64336230264,-13.,25.966592753383));
#4082 = CARTESIAN_POINT('',(-16.64336230264,9.,25.966592753383));
#4083 = CARTESIAN_POINT('',(-16.48723479602,-13.,26.082244980338));
#4084 = CARTESIAN_POINT('',(-16.48723479602,9.,26.082244980338));
#4085 = CARTESIAN_POINT('',(-16.27816590395,-13.,26.233883150196));
#4086 = CARTESIAN_POINT('',(-16.27816590395,9.,26.233883150196));
#4087 = CARTESIAN_POINT('',(-16.01468308004,-13.,26.419066551436));
#4088 = CARTESIAN_POINT('',(-16.01468308004,9.,26.419066551436));
#4089 = CARTESIAN_POINT('',(-15.69516046586,-13.,26.634484698866));
#4090 = CARTESIAN_POINT('',(-15.69516046586,9.,26.634484698866));
#4091 = CARTESIAN_POINT('',(-15.26492290618,-13.,26.912756651048));
#4092 = CARTESIAN_POINT('',(-15.26492290618,9.,26.912756651048));
#4093 = CARTESIAN_POINT('',(-14.7185114739,-13.,27.244745664592));
#4094 = CARTESIAN_POINT('',(-14.7185114739,9.,27.244745664592));
#4095 = CARTESIAN_POINT('',(-14.04885174106,-13.,27.618674321613));
#4096 = CARTESIAN_POINT('',(-14.04885174106,9.,27.618674321613));
#4097 = CARTESIAN_POINT('',(-13.36439675225,-13.,27.968884085972));
#4098 = CARTESIAN_POINT('',(-13.36439675225,9.,27.968884085972));
#4099 = CARTESIAN_POINT('',(-12.78053167191,-13.,28.241187768363));
#4100 = CARTESIAN_POINT('',(-12.78053167191,9.,28.241187768363));
#4101 = CARTESIAN_POINT('',(-12.30566494887,-13.,28.446774308565));
#4102 = CARTESIAN_POINT('',(-12.30566494887,9.,28.446774308565));
#4103 = CARTESIAN_POINT('',(-11.94500595379,-13.,28.594957167227));
#4104 = CARTESIAN_POINT('',(-11.94500595379,9.,28.594957167227));
#4105 = CARTESIAN_POINT('',(-11.58174256382,-13.,28.7361992712));
#4106 = CARTESIAN_POINT('',(-11.58174256382,9.,28.7361992712));
#4107 = CARTESIAN_POINT('',(-11.09681510856,-13.,28.91431617665));
#4108 = CARTESIAN_POINT('',(-11.09681510856,9.,28.91431617665));
#4109 = CARTESIAN_POINT('',(-10.48860190774,-13.,29.118585449553));
#4110 = CARTESIAN_POINT('',(-10.48860190774,9.,29.118585449553));
#4111 = CARTESIAN_POINT('',(-9.513202033341,-13.,29.406952491263));
#4112 = CARTESIAN_POINT('',(-9.513202033341,9.,29.406952491263));
#4113 = CARTESIAN_POINT('',(-8.29287449953,-13.,29.697202026373));
#4114 = CARTESIAN_POINT('',(-8.29287449953,9.,29.697202026373));
#4115 = CARTESIAN_POINT('',(-6.83545429725,-13.,29.940262426421));
#4116 = CARTESIAN_POINT('',(-6.83545429725,9.,29.940262426421));
#4117 = CARTESIAN_POINT('',(-5.632455657645,-13.,30.061625393088));
#4118 = CARTESIAN_POINT('',(-5.632455657645,9.,30.061625393088));
#4119 = CARTESIAN_POINT('',(-4.679170031258,-13.,30.113959967267));
#4120 = CARTESIAN_POINT('',(-4.679170031258,9.,30.113959967267));
#4121 = CARTESIAN_POINT('',(-3.96880192838,-13.,30.131747158679));
#4122 = CARTESIAN_POINT('',(-3.96880192838,9.,30.131747158679));
#4123 = CARTESIAN_POINT('',(-3.263846157387,-13.,30.12892284001));
#4124 = CARTESIAN_POINT('',(-3.263846157387,9.,30.12892284001));
#4125 = CARTESIAN_POINT('',(-2.681810025735,-13.,30.110172219422));
#4126 = CARTESIAN_POINT('',(-2.681810025735,9.,30.110172219422));
#4127 = CARTESIAN_POINT('',(-2.276676150612,-13.,30.088785475481));
#4128 = CARTESIAN_POINT('',(-2.276676150612,9.,30.088785475481));
#4129 = CARTESIAN_POINT('',(-2.04534427598,-13.,30.074195785614));
#4130 = CARTESIAN_POINT('',(-2.04534427598,9.,30.074195785614));
#4131 = CARTESIAN_POINT('',(-1.814503113797,-13.,30.058059425445));
#4132 = CARTESIAN_POINT('',(-1.814503113797,9.,30.058059425445));
#4133 = CARTESIAN_POINT('',(-1.524820855593,-13.,30.034855703494));
#4134 = CARTESIAN_POINT('',(-1.524820855593,9.,30.034855703494));
#4135 = CARTESIAN_POINT('',(-1.173799367564,-13.,30.001795061939));
#4136 = CARTESIAN_POINT('',(-1.173799367564,9.,30.001795061939));
#4137 = CARTESIAN_POINT('',(-0.820139628932,-13.,29.963340919453));
#4138 = CARTESIAN_POINT('',(-0.820139628932,9.,29.963340919453));
#4139 = CARTESIAN_POINT('',(-0.345351625633,-13.,29.904627207905));
#4140 = CARTESIAN_POINT('',(-0.345351625633,9.,29.904627207905));
#4141 = CARTESIAN_POINT('',(0.25404247638,-13.,29.816764987488));
#4142 = CARTESIAN_POINT('',(0.25404247638,9.,29.816764987488));
#4143 = CARTESIAN_POINT('',(0.981455797209,-13.,29.686672807736));
#4144 = CARTESIAN_POINT('',(0.981455797209,9.,29.686672807736));
#4145 = CARTESIAN_POINT('',(1.593224161535,-13.,29.556583500979));
#4146 = CARTESIAN_POINT('',(1.593224161535,9.,29.556583500979));
#4147 = CARTESIAN_POINT('',(2.085496535199,-13.,29.438823623806));
#4148 = CARTESIAN_POINT('',(2.085496535199,9.,29.438823623806));
#4149 = CARTESIAN_POINT('',(2.456217284698,-13.,29.343429513045));
#4150 = CARTESIAN_POINT('',(2.456217284698,9.,29.343429513045));
#4151 = CARTESIAN_POINT('',(2.765729553275,-13.,29.258055547666));
#4152 = CARTESIAN_POINT('',(2.765729553275,9.,29.258055547666));
#4153 = CARTESIAN_POINT('',(3.013254011619,-13.,29.186294719054));
#4154 = CARTESIAN_POINT('',(3.013254011619,9.,29.186294719054));
#4155 = CARTESIAN_POINT('',(3.199086644746,-13.,29.130658681261));
#4156 = CARTESIAN_POINT('',(3.199086644746,9.,29.130658681261));
#4157 = CARTESIAN_POINT('',(3.38434865113,-13.,29.073420993339));
#4158 = CARTESIAN_POINT('',(3.38434865113,9.,29.073420993339));
#4159 = CARTESIAN_POINT('',(3.629651171125,-13.,28.995310247794));
#4160 = CARTESIAN_POINT('',(3.629651171125,9.,28.995310247794));
#4161 = CARTESIAN_POINT('',(3.933498329257,-13.,28.894273636621));
#4162 = CARTESIAN_POINT('',(3.933498329257,9.,28.894273636621));
#4163 = CARTESIAN_POINT('',(4.293860706752,-13.,28.767805360749));
#4164 = CARTESIAN_POINT('',(4.293860706752,9.,28.767805360749));
#4165 = CARTESIAN_POINT('',(4.769006507567,-13.,28.592416443899));
#4166 = CARTESIAN_POINT('',(4.769006507567,9.,28.592416443899));
#4167 = CARTESIAN_POINT('',(5.353126329868,-13.,28.360994282595));
#4168 = CARTESIAN_POINT('',(5.353126329868,9.,28.360994282595));
#4169 = CARTESIAN_POINT('',(6.038822878486,-13.,28.065265365319));
#4170 = CARTESIAN_POINT('',(6.038822878486,9.,28.065265365319));
#4171 = CARTESIAN_POINT('',(6.709800021576,-13.,27.752773827644));
#4172 = CARTESIAN_POINT('',(6.709800021576,9.,27.752773827644));
#4173 = CARTESIAN_POINT('',(7.257059442952,-13.,27.47929551094));
#4174 = CARTESIAN_POINT('',(7.257059442952,9.,27.47929551094));
#4175 = CARTESIAN_POINT('',(7.687892243448,-13.,27.253173400113));
#4176 = CARTESIAN_POINT('',(7.687892243448,9.,27.253173400113));
#4177 = CARTESIAN_POINT('',(8.114589790353,-13.,27.022033547106));
#4178 = CARTESIAN_POINT('',(8.114589790353,9.,27.022033547106));
#4179 = CARTESIAN_POINT('',(8.638258879155,-13.,26.725050652132));
#4180 = CARTESIAN_POINT('',(8.638258879155,9.,26.725050652132));
#4181 = CARTESIAN_POINT('',(9.249383519209,-13.,26.358205372628));
#4182 = CARTESIAN_POINT('',(9.249383519209,9.,26.358205372628));
#4183 = CARTESIAN_POINT('',(10.040930601228,-13.,25.857031530289));
#4184 = CARTESIAN_POINT('',(10.040930601228,9.,25.857031530289));
#4185 = CARTESIAN_POINT('',(10.799096018534,-13.,25.339047071862));
#4186 = CARTESIAN_POINT('',(10.799096018534,9.,25.339047071862));
#4187 = CARTESIAN_POINT('',(11.433631351827,-13.,24.872696769098));
#4188 = CARTESIAN_POINT('',(11.433631351827,9.,24.872696769098));
#4189 = CARTESIAN_POINT('',(11.788296294348,-13.,24.602207644839));
#4190 = CARTESIAN_POINT('',(11.788296294348,9.,24.602207644839));
#4191 = CARTESIAN_POINT('',(12.050875928369,-13.,24.396849212367));
#4192 = CARTESIAN_POINT('',(12.050875928369,9.,24.396849212367));
#4193 = CARTESIAN_POINT('',(12.266179280435,-13.,24.224078406945));
#4194 = CARTESIAN_POINT('',(12.266179280435,9.,24.224078406945));
#4195 = CARTESIAN_POINT('',(12.435875618074,-13.,24.085235288811));
#4196 = CARTESIAN_POINT('',(12.435875618074,9.,24.085235288811));
#4197 = CARTESIAN_POINT('',(12.604171563478,-13.,23.945728696755));
#4198 = CARTESIAN_POINT('',(12.604171563478,9.,23.945728696755));
#4199 = CARTESIAN_POINT('',(12.81039103997,-13.,23.771361834272));
#4200 = CARTESIAN_POINT('',(12.81039103997,9.,23.771361834272));
#4201 = CARTESIAN_POINT('',(13.049948564411,-13.,23.563545767931));
#4202 = CARTESIAN_POINT('',(13.049948564411,9.,23.563545767931));
#4203 = CARTESIAN_POINT('',(13.2821124577,-13.,23.357100145288));
#4204 = CARTESIAN_POINT('',(13.2821124577,9.,23.357100145288));
#4205 = CARTESIAN_POINT('',(13.582073985865,-13.,23.083927593554));
#4206 = CARTESIAN_POINT('',(13.582073985865,9.,23.083927593554));
#4207 = CARTESIAN_POINT('',(13.867204662527,-13.,22.815100622809));
#4208 = CARTESIAN_POINT('',(13.867204662527,9.,22.815100622809));
#4209 = CARTESIAN_POINT('',(14.137545947866,-13.,22.552494482386));
#4210 = CARTESIAN_POINT('',(14.137545947866,9.,22.552494482386));
#4211 = CARTESIAN_POINT('',(14.333025889318,-13.,22.359057199271));
#4212 = CARTESIAN_POINT('',(14.333025889318,9.,22.359057199271));
#4213 = CARTESIAN_POINT('',(14.521478827628,-13.,22.169411941352));
#4214 = CARTESIAN_POINT('',(14.521478827628,9.,22.169411941352));
#4215 = CARTESIAN_POINT('',(14.672973707602,-13.,22.014652073545));
#4216 = CARTESIAN_POINT('',(14.672973707602,9.,22.014652073545));
#4217 = CARTESIAN_POINT('',(14.790854939991,-13.,21.893048593416));
#4218 = CARTESIAN_POINT('',(14.790854939991,9.,21.893048593416));
#4219 = CARTESIAN_POINT('',(14.906041229329,-13.,21.773514191009));
#4220 = CARTESIAN_POINT('',(14.906041229329,9.,21.773514191009));
#4221 = CARTESIAN_POINT('',(15.019051220947,-13.,21.65528878536));
#4222 = CARTESIAN_POINT('',(15.019051220947,9.,21.65528878536));
#4223 = CARTESIAN_POINT('',(15.132833193253,-13.,21.535331048752));
#4224 = CARTESIAN_POINT('',(15.132833193253,9.,21.535331048752));
#4225 = CARTESIAN_POINT('',(15.248405353677,-13.,21.412800654102));
#4226 = CARTESIAN_POINT('',(15.248405353677,9.,21.412800654102));
#4227 = CARTESIAN_POINT('',(15.395549850819,-13.,21.255382982328));
#4228 = CARTESIAN_POINT('',(15.395549850819,9.,21.255382982328));
#4229 = CARTESIAN_POINT('',(15.576006771779,-13.,21.059632525909));
#4230 = CARTESIAN_POINT('',(15.576006771779,9.,21.059632525909));
#4231 = CARTESIAN_POINT('',(15.820948908226,-13.,20.78980262773));
#4232 = CARTESIAN_POINT('',(15.820948908226,9.,20.78980262773));
#4233 = CARTESIAN_POINT('',(16.134920120915,-13.,20.435151014581));
#4234 = CARTESIAN_POINT('',(16.134920120915,9.,20.435151014581));
#4235 = CARTESIAN_POINT('',(16.45707978651,-13.,20.056412859372));
#4236 = CARTESIAN_POINT('',(16.45707978651,9.,20.056412859372));
#4237 = CARTESIAN_POINT('',(16.718210231147,-13.,19.738572863744));
#4238 = CARTESIAN_POINT('',(16.718210231147,9.,19.738572863744));
#4239 = CARTESIAN_POINT('',(16.915343465814,-13.,19.492718408935));
#4240 = CARTESIAN_POINT('',(16.915343465814,9.,19.492718408935));
#4241 = CARTESIAN_POINT('',(17.080481310816,-13.,19.281390268402));
#4242 = CARTESIAN_POINT('',(17.080481310816,9.,19.281390268402));
#4243 = CARTESIAN_POINT('',(17.212779341771,-13.,19.108592043088));
#4244 = CARTESIAN_POINT('',(17.212779341771,9.,19.108592043088));
#4245 = CARTESIAN_POINT('',(17.312319258567,-13.,18.976755065609));
#4246 = CARTESIAN_POINT('',(17.312319258567,9.,18.976755065609));
#4247 = CARTESIAN_POINT('',(17.410954357658,-13.,18.844230792551));
#4248 = CARTESIAN_POINT('',(17.410954357658,9.,18.844230792551));
#4249 = CARTESIAN_POINT('',(17.539812226866,-13.,18.66869057232));
#4250 = CARTESIAN_POINT('',(17.539812226866,9.,18.66869057232));
#4251 = CARTESIAN_POINT('',(17.696557079361,-13.,18.450817564056));
#4252 = CARTESIAN_POINT('',(17.696557079361,9.,18.450817564056));
#4253 = CARTESIAN_POINT('',(17.877953260804,-13.,18.192320877217));
#4254 = CARTESIAN_POINT('',(17.877953260804,9.,18.192320877217));
#4255 = CARTESIAN_POINT('',(18.111668803223,-13.,17.851419567697));
#4256 = CARTESIAN_POINT('',(18.111668803223,9.,17.851419567697));
#4257 = CARTESIAN_POINT('',(18.38926209043,-13.,17.432925662891));
#4258 = CARTESIAN_POINT('',(18.38926209043,9.,17.432925662891));
#4259 = CARTESIAN_POINT('',(18.701025583666,-13.,16.944678747854));
#4260 = CARTESIAN_POINT('',(18.701025583666,9.,16.944678747854));
#4261 = CARTESIAN_POINT('',(18.944188770382,-13.,16.550983884452));
#4262 = CARTESIAN_POINT('',(18.944188770382,9.,16.550983884452));
#4263 = CARTESIAN_POINT('',(19.129014145816,-13.,16.245250162168));
#4264 = CARTESIAN_POINT('',(19.129014145816,9.,16.245250162168));
#4265 = CARTESIAN_POINT('',(19.306933854833,-13.,15.946979537172));
#4266 = CARTESIAN_POINT('',(19.306933854833,9.,15.946979537172));
#4267 = CARTESIAN_POINT('',(19.475833110805,-13.,15.658521845728));
#4268 = CARTESIAN_POINT('',(19.475833110805,9.,15.658521845728));
#4269 = CARTESIAN_POINT('',(19.637485341067,-13.,15.377868848569));
#4270 = CARTESIAN_POINT('',(19.637485341067,9.,15.377868848569));
#4271 = CARTESIAN_POINT('',(19.795004536906,-13.,15.101363315164));
#4272 = CARTESIAN_POINT('',(19.795004536906,9.,15.101363315164));
#4273 = CARTESIAN_POINT('',(19.983953538976,-13.,14.764145308715));
#4274 = CARTESIAN_POINT('',(19.983953538976,9.,14.764145308715));
#4275 = CARTESIAN_POINT('',(20.16231122621,-13.,14.438927466895));
#4276 = CARTESIAN_POINT('',(20.16231122621,9.,14.438927466895));
#4277 = CARTESIAN_POINT('',(20.298613065225,-13.,14.186542481041));
#4278 = CARTESIAN_POINT('',(20.298613065225,9.,14.186542481041));
#4279 = CARTESIAN_POINT('',(20.397726016906,-13.,14.001131933155));
#4280 = CARTESIAN_POINT('',(20.397726016906,9.,14.001131933155));
#4281 = CARTESIAN_POINT('',(20.477732375777,-13.,13.849950024007));
#4282 = CARTESIAN_POINT('',(20.477732375777,9.,13.849950024007));
#4283 = CARTESIAN_POINT('',(20.540209921011,-13.,13.731013501129));
#4284 = CARTESIAN_POINT('',(20.540209921011,9.,13.731013501129));
#4285 = CARTESIAN_POINT('',(20.58607453843,-13.,13.643276332139));
#4286 = CARTESIAN_POINT('',(20.58607453843,9.,13.643276332139));
#4287 = CARTESIAN_POINT('',(20.631762406204,-13.,13.555460435708));
#4288 = CARTESIAN_POINT('',(20.631762406204,9.,13.555460435708));
#4289 = CARTESIAN_POINT('',(20.693503710084,-13.,13.436126798202));
#4290 = CARTESIAN_POINT('',(20.693503710084,9.,13.436126798202));
#4291 = CARTESIAN_POINT('',(20.772256009442,-13.,13.282473666857));
#4292 = CARTESIAN_POINT('',(20.772256009442,9.,13.282473666857));
#4293 = CARTESIAN_POINT('',(20.869421007758,-13.,13.089829611401));
#4294 = CARTESIAN_POINT('',(20.869421007758,9.,13.089829611401));
#4295 = CARTESIAN_POINT('',(20.968725192139,-13.,12.889159408454));
#4296 = CARTESIAN_POINT('',(20.968725192139,9.,12.889159408454));
#4297 = CARTESIAN_POINT('',(21.069745748723,-13.,12.68057335997));
#4298 = CARTESIAN_POINT('',(21.069745748723,9.,12.68057335997));
#4299 = CARTESIAN_POINT('',(21.172092895909,-13.,12.464210835369));
#4300 = CARTESIAN_POINT('',(21.172092895909,9.,12.464210835369));
#4301 = CARTESIAN_POINT('',(21.274985391793,-13.,12.24119094199));
#4302 = CARTESIAN_POINT('',(21.274985391793,9.,12.24119094199));
#4303 = CARTESIAN_POINT('',(21.377864527629,-13.,12.012481998075));
#4304 = CARTESIAN_POINT('',(21.377864527629,9.,12.012481998075));
#4305 = CARTESIAN_POINT('',(21.480772891916,-13.,11.777897179631));
#4306 = CARTESIAN_POINT('',(21.480772891916,9.,11.777897179631));
#4307 = CARTESIAN_POINT('',(21.549597532044,-13.,11.617111146315));
#4308 = CARTESIAN_POINT('',(21.549597532044,9.,11.617111146315));
#4309 = CARTESIAN_POINT('',(21.583983919038,-13.,11.535824004964));
#4310 = CARTESIAN_POINT('',(21.583983919038,9.,11.535824004964));
#4311 = ADVANCED_FACE('',(#4312),#4316,.F.);
#4312 = FACE_BOUND('',#4313,.F.);
#4313 = EDGE_LOOP('',(#4314,#4315));
#4314 = ORIENTED_EDGE('',*,*,#1692,.F.);
#4315 = ORIENTED_EDGE('',*,*,#3316,.F.);
#4316 = PLANE('',#4317);
#4317 = AXIS2_PLACEMENT_3D('',#4318,#4319,#4320);
#4318 = CARTESIAN_POINT('',(-100.,-12.,27.));
#4319 = DIRECTION('',(-0.,1.,0.));
#4320 = DIRECTION('',(0.,0.,1.));
#4321 = ADVANCED_FACE('',(#4322),#4333,.F.);
#4322 = FACE_BOUND('',#4323,.F.);
#4323 = EDGE_LOOP('',(#4324,#4325,#4330,#4331,#4332));
#4324 = ORIENTED_EDGE('',*,*,#2093,.F.);
#4325 = ORIENTED_EDGE('',*,*,#4326,.T.);
#4326 = EDGE_CURVE('',#2085,#1962,#4327,.T.);
#4327 = B_SPLINE_CURVE_WITH_KNOTS('',1,(#4328,#4329),.UNSPECIFIED.,.F.,
  .F.,(2,2),(22.,25.),.PIECEWISE_BEZIER_KNOTS.);
#4328 = CARTESIAN_POINT('',(-5.788889367266,-6.,32.479677235857));
#4329 = CARTESIAN_POINT('',(-5.788889367266,-9.,32.479677235857));
#4330 = ORIENTED_EDGE('',*,*,#1961,.F.);
#4331 = ORIENTED_EDGE('',*,*,#4326,.F.);
#4332 = ORIENTED_EDGE('',*,*,#2082,.F.);
#4333 = CYLINDRICAL_SURFACE('',#4334,1.65);
#4334 = AXIS2_PLACEMENT_3D('',#4335,#4336,#4337);
#4335 = CARTESIAN_POINT('',(-5.788889367266,16.,34.129677235857));
#4336 = DIRECTION('',(0.,-1.,0.));
#4337 = DIRECTION('',(0.,0.,-1.));
#4338 = ADVANCED_FACE('',(#4339),#4350,.F.);
#4339 = FACE_BOUND('',#4340,.F.);
#4340 = EDGE_LOOP('',(#4341,#4342,#4347,#4348,#4349));
#4341 = ORIENTED_EDGE('',*,*,#2113,.F.);
#4342 = ORIENTED_EDGE('',*,*,#4343,.T.);
#4343 = EDGE_CURVE('',#2105,#1973,#4344,.T.);
#4344 = B_SPLINE_CURVE_WITH_KNOTS('',1,(#4345,#4346),.UNSPECIFIED.,.F.,
  .F.,(2,2),(22.,25.),.PIECEWISE_BEZIER_KNOTS.);
#4345 = CARTESIAN_POINT('',(10.211110632734,-6.,32.479677235857));
#4346 = CARTESIAN_POINT('',(10.211110632734,-9.,32.479677235857));
#4347 = ORIENTED_EDGE('',*,*,#1972,.F.);
#4348 = ORIENTED_EDGE('',*,*,#4343,.F.);
#4349 = ORIENTED_EDGE('',*,*,#2102,.F.);
#4350 = CYLINDRICAL_SURFACE('',#4351,1.65);
#4351 = AXIS2_PLACEMENT_3D('',#4352,#4353,#4354);
#4352 = CARTESIAN_POINT('',(10.211110632734,16.,34.129677235857));
#4353 = DIRECTION('',(0.,-1.,0.));
#4354 = DIRECTION('',(0.,0.,-1.));
#4355 = ADVANCED_FACE('',(#4356),#4362,.T.);
#4356 = FACE_BOUND('',#4357,.T.);
#4357 = EDGE_LOOP('',(#4358,#4359,#4360,#4361));
#4358 = ORIENTED_EDGE('',*,*,#2016,.F.);
#4359 = ORIENTED_EDGE('',*,*,#1983,.F.);
#4360 = ORIENTED_EDGE('',*,*,#2156,.F.);
#4361 = ORIENTED_EDGE('',*,*,#2039,.T.);
#4362 = CYLINDRICAL_SURFACE('',#4363,1.);
#4363 = AXIS2_PLACEMENT_3D('',#4364,#4365,#4366);
#4364 = CARTESIAN_POINT('',(7.427999390689E-03,-8.,39.129677235857));
#4365 = DIRECTION('',(1.,0.,0.));
#4366 = DIRECTION('',(0.,0.,-1.));
#4367 = ADVANCED_FACE('',(#4368),#4374,.T.);
#4368 = FACE_BOUND('',#4369,.T.);
#4369 = EDGE_LOOP('',(#4370,#4371,#4372,#4373));
#4370 = ORIENTED_EDGE('',*,*,#2055,.F.);
#4371 = ORIENTED_EDGE('',*,*,#2032,.T.);
#4372 = ORIENTED_EDGE('',*,*,#2139,.F.);
#4373 = ORIENTED_EDGE('',*,*,#2074,.F.);
#4374 = CYLINDRICAL_SURFACE('',#4375,1.);
#4375 = AXIS2_PLACEMENT_3D('',#4376,#4377,#4378);
#4376 = CARTESIAN_POINT('',(2.211110632734,-7.,39.129677235857));
#4377 = DIRECTION('',(1.,0.,0.));
#4378 = DIRECTION('',(0.,0.,-1.));
#4379 = ( GEOMETRIC_REPRESENTATION_CONTEXT(3) 
GLOBAL_UNCERTAINTY_ASSIGNED_CONTEXT((#4383)) 
GLOBAL_UNIT_ASSIGNED_CONTEXT((#4380,#4381,#4382)) REPRESENTATION_CONTEXT
('Context #1','3D Context with UNIT and UNCERTAINTY') );
#4380 = ( LENGTH_UNIT() NAMED_UNIT(*) SI_UNIT(.MILLI.,.METRE.) );
#4381 = ( NAMED_UNIT(*) PLANE_ANGLE_UNIT() SI_UNIT($,.RADIAN.) );
#4382 = ( NAMED_UNIT(*) SI_UNIT($,.STERADIAN.) SOLID_ANGLE_UNIT() );
#4383 = UNCERTAINTY_MEASURE_WITH_UNIT(LENGTH_MEASURE(1.E-05),#4380,
  'distance_accuracy_value','confusion accuracy');
#4384 = PRODUCT_RELATED_PRODUCT_CATEGORY('part',$,(#7));
ENDSEC;
END-ISO-10303-21;
